warning: unused variable: `tokens`
    --> tools/minimize/src/main.rs:1511:55
     |
1511 |             Meta::List(MetaList { path, delimiter: _, tokens }) => {
     |                                                       ^^^^^^ help: try ignoring the field: `tokens: _`
     |
     = note: `#[warn(unused_variables)]` on by default

warning: `minimize` (bin "minimize") generated 1 warning
    Finished `release` profile [optimized] target(s) in 0.24s
     Running `/local/abai/verus/source/target/release/minimize -d ./splinter-tmp /local/abai/verified-betrfs/Splinter/src/lib.d`
verus succeeded with time: 23849ms
minimization of ./splinter-tmp/0/lib.rs is completed
minimization of ./splinter-tmp/1/abstract_system.rs is completed
minimization of ./splinter-tmp/2/abstract_system/AbstractCrashAwareJournal_v.rs is completed
minimization of ./splinter-tmp/3/abstract_system/AbstractCrashAwareMap_v.rs is completed
commenting out line Lines { lines: 178..=178 } in "./splinter-tmp/4/abstract_system/AbstractCrashAwareSystemRefinement_v.rs"
minimization of ./splinter-tmp/5/abstract_system/AbstractCrashAwareSystem_v.rs is completed
minimization of ./splinter-tmp/6/abstract_system/AbstractJournal_v.rs is completed
minimization of ./splinter-tmp/7/abstract_system/AbstractMap_v.rs is completed
commenting out line Lines { lines: 134..=148 } in "./splinter-tmp/8/abstract_system/MsgHistory_v.rs"
minimization of ./splinter-tmp/9/abstract_system/StampedMap_v.rs is completed
minimization of ./splinter-tmp/10/allocation_layer.rs is completed
commenting out line Lines { lines: 158..=158 } in "./splinter-tmp/11/allocation_layer/AllocationCrashAwareJournalRefinement_v.rs"
commenting out line Lines { lines: 272..=280 } in "./splinter-tmp/12/allocation_layer/AllocationCrashAwareJournal_v.rs"
commenting out line Lines { lines: 102..=102 } in "./splinter-tmp/13/allocation_layer/AllocationJournalRefinement_v.rs"
commenting out line Lines { lines: 267..=267 } in "./splinter-tmp/14/allocation_layer/AllocationJournal_v.rs"
minimization of ./splinter-tmp/15/allocation_layer/Likes_v.rs is completed
commenting out line Lines { lines: 45..=45 } in "./splinter-tmp/16/allocation_layer/LikesBetree_v.rs"
verus failed, reverting
commenting out line Lines { lines: 311..=312 } in "./splinter-tmp/11/allocation_layer/AllocationCrashAwareJournalRefinement_v.rs"
verus failed, reverting
verus failed, reverting
commenting out line Lines { lines: 150..=150 } in "./splinter-tmp/16/allocation_layer/LikesBetree_v.rs"
minimization of ./splinter-tmp/12/allocation_layer/AllocationCrashAwareJournal_v.rs is completed
commenting out line Lines { lines: 75..=75 } in "./splinter-tmp/17/allocation_layer/LikesBetreeRefinement_v.rs"
verus failed, reverting
commenting out line Lines { lines: 264..=268 } in "./splinter-tmp/14/allocation_layer/AllocationJournal_v.rs"
verus failed, reverting
commenting out line Lines { lines: 167..=179 } in "./splinter-tmp/4/abstract_system/AbstractCrashAwareSystemRefinement_v.rs"
verus failed, reverting
commenting out line Lines { lines: 124..=146 } in "./splinter-tmp/13/allocation_layer/AllocationJournalRefinement_v.rs"
verus failed, reverting
commenting out line Lines { lines: 283..=283 } in "./splinter-tmp/8/abstract_system/MsgHistory_v.rs"
verus failed, reverting
minimization of ./splinter-tmp/17/allocation_layer/LikesBetreeRefinement_v.rs is completed
commenting out line Lines { lines: 63..=65 } in "./splinter-tmp/18/allocation_layer/LikesJournalRefinement_v.rs"
verus failed, reverting
commenting out line Lines { lines: 192..=192 } in "./splinter-tmp/16/allocation_layer/LikesBetree_v.rs"
verus failed, reverting
commenting out line Lines { lines: 321..=322 } in "./splinter-tmp/11/allocation_layer/AllocationCrashAwareJournalRefinement_v.rs"
verus failed, reverting
commenting out line Lines { lines: 358..=358 } in "./splinter-tmp/14/allocation_layer/AllocationJournal_v.rs"
verus failed, reverting
commenting out line Lines { lines: 182..=182 } in "./splinter-tmp/13/allocation_layer/AllocationJournalRefinement_v.rs"
verus failed, reverting
commenting out line Lines { lines: 296..=296 } in "./splinter-tmp/8/abstract_system/MsgHistory_v.rs"
verus failed, reverting
commenting out line Lines { lines: 615..=622 } in "./splinter-tmp/4/abstract_system/AbstractCrashAwareSystemRefinement_v.rs"
verus failed, reverting
commenting out line Lines { lines: 76..=76 } in "./splinter-tmp/18/allocation_layer/LikesJournalRefinement_v.rs"
verus failed, reverting
minimization of ./splinter-tmp/11/allocation_layer/AllocationCrashAwareJournalRefinement_v.rs is completed
commenting out line Lines { lines: 85..=85 } in "./splinter-tmp/19/allocation_layer/LikesJournal_v.rs"
verus failed, reverting
commenting out line Lines { lines: 228..=228 } in "./splinter-tmp/16/allocation_layer/LikesBetree_v.rs"
verus failed, reverting
commenting out line Lines { lines: 356..=361 } in "./splinter-tmp/14/allocation_layer/AllocationJournal_v.rs"
verus failed, reverting
commenting out line Lines { lines: 230..=230 } in "./splinter-tmp/13/allocation_layer/AllocationJournalRefinement_v.rs"
verus failed, reverting
verus failed, reverting
commenting out line Lines { lines: 355..=371 } in "./splinter-tmp/8/abstract_system/MsgHistory_v.rs"
commenting out line Lines { lines: 662..=670 } in "./splinter-tmp/4/abstract_system/AbstractCrashAwareSystemRefinement_v.rs"
verus failed, reverting
commenting out line Lines { lines: 73..=77 } in "./splinter-tmp/18/allocation_layer/LikesJournalRefinement_v.rs"
verus failed, reverting
commenting out line Lines { lines: 274..=274 } in "./splinter-tmp/16/allocation_layer/LikesBetree_v.rs"
verus failed, reverting
commenting out line Lines { lines: 87..=87 } in "./splinter-tmp/19/allocation_layer/LikesJournal_v.rs"
verus failed, reverting
commenting out line Lines { lines: 380..=383 } in "./splinter-tmp/14/allocation_layer/AllocationJournal_v.rs"
verus failed, reverting
minimization of ./splinter-tmp/13/allocation_layer/AllocationJournalRefinement_v.rs is completed
minimization of ./splinter-tmp/20/allocation_layer/MiniAllocator_v.rs is completed
commenting out line Lines { lines: 94..=98 } in "./splinter-tmp/21/allocation_layer/UnifiedCrashAwareJournalRefinement_v.rs"
verus failed, reverting
verus failed, reverting
minimization of ./splinter-tmp/8/abstract_system/MsgHistory_v.rs is completed
commenting out line Lines { lines: 689..=694 } in "./splinter-tmp/4/abstract_system/AbstractCrashAwareSystemRefinement_v.rs"
commenting out line Lines { lines: 99..=99 } in "./splinter-tmp/22/allocation_layer/UnifiedCrashAwareJournal_v.rs"
verus failed, reverting
commenting out line Lines { lines: 391..=393 } in "./splinter-tmp/22/allocation_layer/UnifiedCrashAwareJournal_v.rs"
verus failed, reverting
commenting out line Lines { lines: 79..=79 } in "./splinter-tmp/18/allocation_layer/LikesJournalRefinement_v.rs"
verus failed, reverting
commenting out line Lines { lines: 281..=281 } in "./splinter-tmp/16/allocation_layer/LikesBetree_v.rs"
verus failed, reverting
commenting out line Lines { lines: 385..=385 } in "./splinter-tmp/14/allocation_layer/AllocationJournal_v.rs"
verus failed, reverting
commenting out line Lines { lines: 81..=89 } in "./splinter-tmp/19/allocation_layer/LikesJournal_v.rs"
verus failed, reverting
commenting out line Lines { lines: 705..=710 } in "./splinter-tmp/4/abstract_system/AbstractCrashAwareSystemRefinement_v.rs"
verus failed, reverting
commenting out line Lines { lines: 134..=134 } in "./splinter-tmp/21/allocation_layer/UnifiedCrashAwareJournalRefinement_v.rs"
verus failed, reverting
commenting out line Lines { lines: 497..=497 } in "./splinter-tmp/22/allocation_layer/UnifiedCrashAwareJournal_v.rs"
verus failed, reverting
commenting out line Lines { lines: 158..=158 } in "./splinter-tmp/18/allocation_layer/LikesJournalRefinement_v.rs"
verus failed, reverting
commenting out line Lines { lines: 323..=323 } in "./splinter-tmp/16/allocation_layer/LikesBetree_v.rs"
verus failed, reverting
commenting out line Lines { lines: 420..=420 } in "./splinter-tmp/14/allocation_layer/AllocationJournal_v.rs"
verus failed, reverting
commenting out line Lines { lines: 90..=90 } in "./splinter-tmp/19/allocation_layer/LikesJournal_v.rs"
verus failed, reverting
commenting out line Lines { lines: 794..=801 } in "./splinter-tmp/4/abstract_system/AbstractCrashAwareSystemRefinement_v.rs"
verus failed, reverting
commenting out line Lines { lines: 140..=140 } in "./splinter-tmp/21/allocation_layer/UnifiedCrashAwareJournalRefinement_v.rs"
verus failed, reverting
verus failed, reverting
commenting out line Lines { lines: 500..=500 } in "./splinter-tmp/22/allocation_layer/UnifiedCrashAwareJournal_v.rs"
minimization of ./splinter-tmp/18/allocation_layer/LikesJournalRefinement_v.rs is completed
minimization of ./splinter-tmp/23/betree.rs is completed
commenting out line Lines { lines: 141..=141 } in "./splinter-tmp/24/betree/BufferDisk_v.rs"
verus failed, reverting
commenting out line Lines { lines: 325..=325 } in "./splinter-tmp/16/allocation_layer/LikesBetree_v.rs"
verus failed, reverting
commenting out line Lines { lines: 162..=162 } in "./splinter-tmp/19/allocation_layer/LikesJournal_v.rs"
verus failed, reverting
commenting out line Lines { lines: 440..=440 } in "./splinter-tmp/14/allocation_layer/AllocationJournal_v.rs"
verus failed, reverting
commenting out line Lines { lines: 873..=873 } in "./splinter-tmp/4/abstract_system/AbstractCrashAwareSystemRefinement_v.rs"
verus failed, reverting
commenting out line Lines { lines: 182..=182 } in "./splinter-tmp/21/allocation_layer/UnifiedCrashAwareJournalRefinement_v.rs"
verus failed, reverting
minimization of ./splinter-tmp/24/betree/BufferDisk_v.rs is completed
minimization of ./splinter-tmp/25/betree/BufferOffsets_v.rs is completed
commenting out line Lines { lines: 152..=152 } in "./splinter-tmp/26/betree/BufferSeq_v.rs"
verus failed, reverting
minimization of ./splinter-tmp/22/allocation_layer/UnifiedCrashAwareJournal_v.rs is completed
minimization of ./splinter-tmp/27/betree/Buffer_v.rs is completed
minimization of ./splinter-tmp/28/betree/Domain_v.rs is completed
commenting out line Lines { lines: 79..=79 } in "./splinter-tmp/29/betree/FilteredBetreeRefinement_v.rs"
verus failed, reverting
commenting out line Lines { lines: 329..=329 } in "./splinter-tmp/16/allocation_layer/LikesBetree_v.rs"
verus failed, reverting
commenting out line Lines { lines: 884..=887 } in "./splinter-tmp/4/abstract_system/AbstractCrashAwareSystemRefinement_v.rs"
verus failed, reverting
commenting out line Lines { lines: 513..=513 } in "./splinter-tmp/14/allocation_layer/AllocationJournal_v.rs"
verus failed, reverting
commenting out line Lines { lines: 238..=238 } in "./splinter-tmp/19/allocation_layer/LikesJournal_v.rs"
verus failed, reverting
commenting out line Lines { lines: 271..=271 } in "./splinter-tmp/21/allocation_layer/UnifiedCrashAwareJournalRefinement_v.rs"
verus failed, reverting
commenting out line Lines { lines: 156..=156 } in "./splinter-tmp/26/betree/BufferSeq_v.rs"
verus failed, reverting
commenting out line Lines { lines: 105..=105 } in "./splinter-tmp/29/betree/FilteredBetreeRefinement_v.rs"
verus failed, reverting
commenting out line Lines { lines: 335..=335 } in "./splinter-tmp/16/allocation_layer/LikesBetree_v.rs"
verus failed, reverting
verus failed, reverting
commenting out line Lines { lines: 990..=990 } in "./splinter-tmp/4/abstract_system/AbstractCrashAwareSystemRefinement_v.rs"
commenting out line Lines { lines: 610..=610 } in "./splinter-tmp/14/allocation_layer/AllocationJournal_v.rs"
verus failed, reverting
commenting out line Lines { lines: 234..=240 } in "./splinter-tmp/19/allocation_layer/LikesJournal_v.rs"
verus failed, reverting
commenting out line Lines { lines: 275..=278 } in "./splinter-tmp/21/allocation_layer/UnifiedCrashAwareJournalRefinement_v.rs"
verus failed, reverting
commenting out line Lines { lines: 165..=165 } in "./splinter-tmp/26/betree/BufferSeq_v.rs"
verus failed, reverting
commenting out line Lines { lines: 115..=115 } in "./splinter-tmp/29/betree/FilteredBetreeRefinement_v.rs"
verus failed, reverting
commenting out line Lines { lines: 336..=336 } in "./splinter-tmp/16/allocation_layer/LikesBetree_v.rs"
verus failed, reverting
commenting out line Lines { lines: 597..=613 } in "./splinter-tmp/14/allocation_layer/AllocationJournal_v.rs"
verus failed, reverting
commenting out line Lines { lines: 994..=997 } in "./splinter-tmp/4/abstract_system/AbstractCrashAwareSystemRefinement_v.rs"
verus failed, reverting
commenting out line Lines { lines: 269..=269 } in "./splinter-tmp/19/allocation_layer/LikesJournal_v.rs"
verus failed, reverting
commenting out line Lines { lines: 315..=321 } in "./splinter-tmp/21/allocation_layer/UnifiedCrashAwareJournalRefinement_v.rs"
verus failed, reverting
commenting out line Lines { lines: 166..=166 } in "./splinter-tmp/26/betree/BufferSeq_v.rs"
verus failed, reverting
commenting out line Lines { lines: 107..=116 } in "./splinter-tmp/29/betree/FilteredBetreeRefinement_v.rs"
verus failed, reverting
commenting out line Lines { lines: 340..=340 } in "./splinter-tmp/16/allocation_layer/LikesBetree_v.rs"
verus failed, reverting
commenting out line Lines { lines: 647..=647 } in "./splinter-tmp/14/allocation_layer/AllocationJournal_v.rs"
verus failed, reverting
commenting out line Lines { lines: 1021..=1021 } in "./splinter-tmp/4/abstract_system/AbstractCrashAwareSystemRefinement_v.rs"
verus failed, reverting
commenting out line Lines { lines: 280..=280 } in "./splinter-tmp/19/allocation_layer/LikesJournal_v.rs"
verus failed, reverting
commenting out line Lines { lines: 324..=327 } in "./splinter-tmp/21/allocation_layer/UnifiedCrashAwareJournalRefinement_v.rs"
verus failed, reverting
commenting out line Lines { lines: 145..=169 } in "./splinter-tmp/26/betree/BufferSeq_v.rs"
verus failed, reverting
commenting out line Lines { lines: 342..=342 } in "./splinter-tmp/16/allocation_layer/LikesBetree_v.rs"
verus failed, reverting
commenting out line Lines { lines: 201..=201 } in "./splinter-tmp/29/betree/FilteredBetreeRefinement_v.rs"
verus failed, reverting
commenting out line Lines { lines: 1020..=1022 } in "./splinter-tmp/4/abstract_system/AbstractCrashAwareSystemRefinement_v.rs"
verus failed, reverting
commenting out line Lines { lines: 682..=684 } in "./splinter-tmp/14/allocation_layer/AllocationJournal_v.rs"
verus failed, reverting
commenting out line Lines { lines: 328..=328 } in "./splinter-tmp/21/allocation_layer/UnifiedCrashAwareJournalRefinement_v.rs"
verus failed, reverting
commenting out line Lines { lines: 284..=284 } in "./splinter-tmp/19/allocation_layer/LikesJournal_v.rs"
verus failed, reverting
commenting out line Lines { lines: 192..=192 } in "./splinter-tmp/26/betree/BufferSeq_v.rs"
verus failed, reverting
commenting out line Lines { lines: 346..=346 } in "./splinter-tmp/16/allocation_layer/LikesBetree_v.rs"
verus failed, reverting
commenting out line Lines { lines: 1026..=1026 } in "./splinter-tmp/4/abstract_system/AbstractCrashAwareSystemRefinement_v.rs"
verus failed, reverting
commenting out line Lines { lines: 274..=287 } in "./splinter-tmp/19/allocation_layer/LikesJournal_v.rs"
verus failed, reverting
commenting out line Lines { lines: 754..=757 } in "./splinter-tmp/14/allocation_layer/AllocationJournal_v.rs"
verus failed, reverting
commenting out line Lines { lines: 335..=335 } in "./splinter-tmp/21/allocation_layer/UnifiedCrashAwareJournalRefinement_v.rs"
verus failed, reverting
commenting out line Lines { lines: 202..=202 } in "./splinter-tmp/29/betree/FilteredBetreeRefinement_v.rs"
verus failed, reverting
commenting out line Lines { lines: 202..=202 } in "./splinter-tmp/26/betree/BufferSeq_v.rs"
verus failed, reverting
commenting out line Lines { lines: 348..=348 } in "./splinter-tmp/16/allocation_layer/LikesBetree_v.rs"
verus failed, reverting
commenting out line Lines { lines: 1079..=1079 } in "./splinter-tmp/4/abstract_system/AbstractCrashAwareSystemRefinement_v.rs"
verus failed, reverting
commenting out line Lines { lines: 334..=334 } in "./splinter-tmp/19/allocation_layer/LikesJournal_v.rs"
verus failed, reverting
commenting out line Lines { lines: 759..=759 } in "./splinter-tmp/14/allocation_layer/AllocationJournal_v.rs"
verus failed, reverting
commenting out line Lines { lines: 358..=361 } in "./splinter-tmp/21/allocation_layer/UnifiedCrashAwareJournalRefinement_v.rs"
verus failed, reverting
commenting out line Lines { lines: 179..=205 } in "./splinter-tmp/26/betree/BufferSeq_v.rs"
verus failed, reverting
commenting out line Lines { lines: 198..=203 } in "./splinter-tmp/29/betree/FilteredBetreeRefinement_v.rs"
verus failed, reverting
commenting out line Lines { lines: 402..=402 } in "./splinter-tmp/16/allocation_layer/LikesBetree_v.rs"
verus failed, reverting
commenting out line Lines { lines: 1092..=1092 } in "./splinter-tmp/4/abstract_system/AbstractCrashAwareSystemRefinement_v.rs"
verus failed, reverting
commenting out line Lines { lines: 744..=765 } in "./splinter-tmp/14/allocation_layer/AllocationJournal_v.rs"
verus failed, reverting
commenting out line Lines { lines: 335..=335 } in "./splinter-tmp/19/allocation_layer/LikesJournal_v.rs"
verus failed, reverting
commenting out line Lines { lines: 364..=367 } in "./splinter-tmp/21/allocation_layer/UnifiedCrashAwareJournalRefinement_v.rs"
verus failed, reverting
minimization of ./splinter-tmp/26/betree/BufferSeq_v.rs is completed
minimization of ./splinter-tmp/30/betree/FilteredBetree_v.rs is completed
commenting out line Lines { lines: 100..=100 } in "./splinter-tmp/31/betree/LinkedBetreeRefinement_v.rs"
verus failed, reverting
commenting out line Lines { lines: 218..=218 } in "./splinter-tmp/29/betree/FilteredBetreeRefinement_v.rs"
verus failed, reverting
commenting out line Lines { lines: 408..=408 } in "./splinter-tmp/16/allocation_layer/LikesBetree_v.rs"
verus failed, reverting
verus failed, reverting
commenting out line Lines { lines: 1255..=1256 } in "./splinter-tmp/4/abstract_system/AbstractCrashAwareSystemRefinement_v.rs"
commenting out line Lines { lines: 790..=790 } in "./splinter-tmp/14/allocation_layer/AllocationJournal_v.rs"
verus failed, reverting
commenting out line Lines { lines: 358..=366 } in "./splinter-tmp/19/allocation_layer/LikesJournal_v.rs"
verus failed, reverting
commenting out line Lines { lines: 370..=373 } in "./splinter-tmp/21/allocation_layer/UnifiedCrashAwareJournalRefinement_v.rs"
verus failed, reverting
commenting out line Lines { lines: 136..=136 } in "./splinter-tmp/31/betree/LinkedBetreeRefinement_v.rs"
verus failed, reverting
commenting out line Lines { lines: 222..=222 } in "./splinter-tmp/29/betree/FilteredBetreeRefinement_v.rs"
verus failed, reverting
commenting out line Lines { lines: 398..=410 } in "./splinter-tmp/16/allocation_layer/LikesBetree_v.rs"
verus failed, reverting
commenting out line Lines { lines: 1285..=1285 } in "./splinter-tmp/4/abstract_system/AbstractCrashAwareSystemRefinement_v.rs"
verus failed, reverting
commenting out line Lines { lines: 836..=836 } in "./splinter-tmp/14/allocation_layer/AllocationJournal_v.rs"
verus failed, reverting
commenting out line Lines { lines: 379..=382 } in "./splinter-tmp/21/allocation_layer/UnifiedCrashAwareJournalRefinement_v.rs"
verus failed, reverting
commenting out line Lines { lines: 403..=405 } in "./splinter-tmp/19/allocation_layer/LikesJournal_v.rs"
verus failed, reverting
commenting out line Lines { lines: 129..=137 } in "./splinter-tmp/31/betree/LinkedBetreeRefinement_v.rs"
verus failed, reverting
commenting out line Lines { lines: 223..=223 } in "./splinter-tmp/29/betree/FilteredBetreeRefinement_v.rs"
verus failed, reverting
commenting out line Lines { lines: 424..=424 } in "./splinter-tmp/16/allocation_layer/LikesBetree_v.rs"
verus failed, reverting
commenting out line Lines { lines: 1289..=1293 } in "./splinter-tmp/4/abstract_system/AbstractCrashAwareSystemRefinement_v.rs"
verus failed, reverting
commenting out line Lines { lines: 391..=394 } in "./splinter-tmp/21/allocation_layer/UnifiedCrashAwareJournalRefinement_v.rs"
verus failed, reverting
commenting out line Lines { lines: 850..=853 } in "./splinter-tmp/14/allocation_layer/AllocationJournal_v.rs"
verus failed, reverting
commenting out line Lines { lines: 410..=412 } in "./splinter-tmp/19/allocation_layer/LikesJournal_v.rs"
verus failed, reverting
commenting out line Lines { lines: 162..=170 } in "./splinter-tmp/31/betree/LinkedBetreeRefinement_v.rs"
verus failed, reverting
commenting out line Lines { lines: 211..=226 } in "./splinter-tmp/29/betree/FilteredBetreeRefinement_v.rs"
verus failed, reverting
commenting out line Lines { lines: 425..=425 } in "./splinter-tmp/16/allocation_layer/LikesBetree_v.rs"
verus failed, reverting
commenting out line Lines { lines: 1295..=1295 } in "./splinter-tmp/4/abstract_system/AbstractCrashAwareSystemRefinement_v.rs"
verus failed, reverting
commenting out line Lines { lines: 408..=408 } in "./splinter-tmp/21/allocation_layer/UnifiedCrashAwareJournalRefinement_v.rs"
verus failed, reverting
commenting out line Lines { lines: 958..=959 } in "./splinter-tmp/14/allocation_layer/AllocationJournal_v.rs"
verus failed, reverting
commenting out line Lines { lines: 391..=414 } in "./splinter-tmp/19/allocation_layer/LikesJournal_v.rs"
verus failed, reverting
commenting out line Lines { lines: 193..=193 } in "./splinter-tmp/31/betree/LinkedBetreeRefinement_v.rs"
verus failed, reverting
commenting out line Lines { lines: 235..=235 } in "./splinter-tmp/29/betree/FilteredBetreeRefinement_v.rs"
verus failed, reverting
commenting out line Lines { lines: 435..=435 } in "./splinter-tmp/16/allocation_layer/LikesBetree_v.rs"
verus failed, reverting
commenting out line Lines { lines: 1300..=1302 } in "./splinter-tmp/4/abstract_system/AbstractCrashAwareSystemRefinement_v.rs"
verus failed, reverting
commenting out line Lines { lines: 964..=964 } in "./splinter-tmp/14/allocation_layer/AllocationJournal_v.rs"
verus failed, reverting
minimization of ./splinter-tmp/21/allocation_layer/UnifiedCrashAwareJournalRefinement_v.rs is completed
commenting out line Lines { lines: 342..=342 } in "./splinter-tmp/32/betree/LinkedBetree_v.rs"
verus failed, reverting
commenting out line Lines { lines: 525..=525 } in "./splinter-tmp/19/allocation_layer/LikesJournal_v.rs"
verus failed, reverting
commenting out line Lines { lines: 190..=196 } in "./splinter-tmp/31/betree/LinkedBetreeRefinement_v.rs"
verus failed, reverting
commenting out line Lines { lines: 258..=258 } in "./splinter-tmp/29/betree/FilteredBetreeRefinement_v.rs"
verus failed, reverting
commenting out line Lines { lines: 436..=436 } in "./splinter-tmp/16/allocation_layer/LikesBetree_v.rs"
verus failed, reverting
commenting out line Lines { lines: 1303..=1303 } in "./splinter-tmp/4/abstract_system/AbstractCrashAwareSystemRefinement_v.rs"
verus failed, reverting
commenting out line Lines { lines: 972..=972 } in "./splinter-tmp/14/allocation_layer/AllocationJournal_v.rs"
verus failed, reverting
commenting out line Lines { lines: 339..=344 } in "./splinter-tmp/32/betree/LinkedBetree_v.rs"
verus failed, reverting
commenting out line Lines { lines: 522..=526 } in "./splinter-tmp/19/allocation_layer/LikesJournal_v.rs"
verus failed, reverting
commenting out line Lines { lines: 197..=197 } in "./splinter-tmp/31/betree/LinkedBetreeRefinement_v.rs"
verus failed, reverting
commenting out line Lines { lines: 437..=437 } in "./splinter-tmp/16/allocation_layer/LikesBetree_v.rs"
verus failed, reverting
minimization of ./splinter-tmp/4/abstract_system/AbstractCrashAwareSystemRefinement_v.rs is completed
minimization of ./splinter-tmp/33/betree/LinkedBranch_v.rs is completed
commenting out line Lines { lines: 148..=156 } in "./splinter-tmp/34/betree/LinkedBranch_v/Refinement_v.rs"
verus failed, reverting
commenting out line Lines { lines: 966..=973 } in "./splinter-tmp/14/allocation_layer/AllocationJournal_v.rs"
verus failed, reverting
commenting out line Lines { lines: 259..=259 } in "./splinter-tmp/29/betree/FilteredBetreeRefinement_v.rs"
verus failed, reverting
commenting out line Lines { lines: 538..=538 } in "./splinter-tmp/32/betree/LinkedBetree_v.rs"
verus failed, reverting
commenting out line Lines { lines: 527..=527 } in "./splinter-tmp/19/allocation_layer/LikesJournal_v.rs"
verus failed, reverting
commenting out line Lines { lines: 225..=225 } in "./splinter-tmp/31/betree/LinkedBetreeRefinement_v.rs"
verus failed, reverting
commenting out line Lines { lines: 449..=449 } in "./splinter-tmp/16/allocation_layer/LikesBetree_v.rs"
verus failed, reverting
commenting out line Lines { lines: 171..=171 } in "./splinter-tmp/34/betree/LinkedBranch_v/Refinement_v.rs"
verus failed, reverting
commenting out line Lines { lines: 1013..=1013 } in "./splinter-tmp/14/allocation_layer/AllocationJournal_v.rs"
verus failed, reverting
commenting out line Lines { lines: 1282..=1282 } in "./splinter-tmp/32/betree/LinkedBetree_v.rs"
verus failed, reverting
commenting out line Lines { lines: 796..=796 } in "./splinter-tmp/19/allocation_layer/LikesJournal_v.rs"
verus failed, reverting
commenting out line Lines { lines: 244..=244 } in "./splinter-tmp/31/betree/LinkedBetreeRefinement_v.rs"
verus failed, reverting
commenting out line Lines { lines: 255..=260 } in "./splinter-tmp/29/betree/FilteredBetreeRefinement_v.rs"
verus failed, reverting
commenting out line Lines { lines: 450..=450 } in "./splinter-tmp/16/allocation_layer/LikesBetree_v.rs"
verus failed, reverting
commenting out line Lines { lines: 189..=189 } in "./splinter-tmp/34/betree/LinkedBranch_v/Refinement_v.rs"
verus failed, reverting
commenting out line Lines { lines: 1016..=1018 } in "./splinter-tmp/14/allocation_layer/AllocationJournal_v.rs"
verus failed, reverting
commenting out line Lines { lines: 1286..=1286 } in "./splinter-tmp/32/betree/LinkedBetree_v.rs"
verus failed, reverting
commenting out line Lines { lines: 793..=797 } in "./splinter-tmp/19/allocation_layer/LikesJournal_v.rs"
verus failed, reverting
commenting out line Lines { lines: 241..=245 } in "./splinter-tmp/31/betree/LinkedBetreeRefinement_v.rs"
verus failed, reverting
commenting out line Lines { lines: 451..=451 } in "./splinter-tmp/16/allocation_layer/LikesBetree_v.rs"
verus failed, reverting
commenting out line Lines { lines: 226..=226 } in "./splinter-tmp/34/betree/LinkedBranch_v/Refinement_v.rs"
verus failed, reverting
commenting out line Lines { lines: 254..=261 } in "./splinter-tmp/29/betree/FilteredBetreeRefinement_v.rs"
verus failed, reverting
commenting out line Lines { lines: 1285..=1290 } in "./splinter-tmp/32/betree/LinkedBetree_v.rs"
verus failed, reverting
commenting out line Lines { lines: 798..=798 } in "./splinter-tmp/19/allocation_layer/LikesJournal_v.rs"
verus failed, reverting
commenting out line Lines { lines: 1021..=1022 } in "./splinter-tmp/14/allocation_layer/AllocationJournal_v.rs"
verus failed, reverting
commenting out line Lines { lines: 265..=265 } in "./splinter-tmp/31/betree/LinkedBetreeRefinement_v.rs"
verus failed, reverting
commenting out line Lines { lines: 452..=452 } in "./splinter-tmp/16/allocation_layer/LikesBetree_v.rs"
verus failed, reverting
commenting out line Lines { lines: 245..=245 } in "./splinter-tmp/34/betree/LinkedBranch_v/Refinement_v.rs"
verus failed, reverting
commenting out line Lines { lines: 825..=825 } in "./splinter-tmp/19/allocation_layer/LikesJournal_v.rs"
verus failed, reverting
commenting out line Lines { lines: 1292..=1298 } in "./splinter-tmp/32/betree/LinkedBetree_v.rs"
verus failed, reverting
commenting out line Lines { lines: 1020..=1023 } in "./splinter-tmp/14/allocation_layer/AllocationJournal_v.rs"
verus failed, reverting
commenting out line Lines { lines: 284..=284 } in "./splinter-tmp/29/betree/FilteredBetreeRefinement_v.rs"
verus failed, reverting
commenting out line Lines { lines: 262..=266 } in "./splinter-tmp/31/betree/LinkedBetreeRefinement_v.rs"
verus failed, reverting
commenting out line Lines { lines: 488..=488 } in "./splinter-tmp/16/allocation_layer/LikesBetree_v.rs"
verus failed, reverting
commenting out line Lines { lines: 267..=267 } in "./splinter-tmp/34/betree/LinkedBranch_v/Refinement_v.rs"
verus failed, reverting
verus failed, reverting
commenting out line Lines { lines: 1503..=1503 } in "./splinter-tmp/32/betree/LinkedBetree_v.rs"
commenting out line Lines { lines: 827..=827 } in "./splinter-tmp/19/allocation_layer/LikesJournal_v.rs"
verus failed, reverting
commenting out line Lines { lines: 1029..=1029 } in "./splinter-tmp/14/allocation_layer/AllocationJournal_v.rs"
verus failed, reverting
commenting out line Lines { lines: 268..=272 } in "./splinter-tmp/31/betree/LinkedBetreeRefinement_v.rs"
verus failed, reverting
commenting out line Lines { lines: 287..=294 } in "./splinter-tmp/29/betree/FilteredBetreeRefinement_v.rs"
verus failed, reverting
commenting out line Lines { lines: 489..=489 } in "./splinter-tmp/16/allocation_layer/LikesBetree_v.rs"
verus failed, reverting
commenting out line Lines { lines: 271..=271 } in "./splinter-tmp/34/betree/LinkedBranch_v/Refinement_v.rs"
verus failed, reverting
minimization of ./splinter-tmp/19/allocation_layer/LikesJournal_v.rs is completed
minimization of ./splinter-tmp/35/betree/LinkedSeq_v.rs is completed
minimization of ./splinter-tmp/36/betree/Memtable_v.rs is completed
minimization of ./splinter-tmp/37/betree/OffsetMap_v.rs is completed
commenting out line Lines { lines: 58..=58 } in "./splinter-tmp/38/betree/PagedBetreeRefinement_v.rs"
verus failed, reverting
commenting out line Lines { lines: 1492..=1506 } in "./splinter-tmp/32/betree/LinkedBetree_v.rs"
verus failed, reverting
commenting out line Lines { lines: 1079..=1079 } in "./splinter-tmp/14/allocation_layer/AllocationJournal_v.rs"
verus failed, reverting
commenting out line Lines { lines: 305..=305 } in "./splinter-tmp/31/betree/LinkedBetreeRefinement_v.rs"
verus failed, reverting
commenting out line Lines { lines: 490..=491 } in "./splinter-tmp/16/allocation_layer/LikesBetree_v.rs"
verus failed, reverting
commenting out line Lines { lines: 269..=313 } in "./splinter-tmp/29/betree/FilteredBetreeRefinement_v.rs"
verus failed, reverting
commenting out line Lines { lines: 278..=278 } in "./splinter-tmp/34/betree/LinkedBranch_v/Refinement_v.rs"
verus failed, reverting
commenting out line Lines { lines: 1080..=1080 } in "./splinter-tmp/14/allocation_layer/AllocationJournal_v.rs"
verus failed, reverting
commenting out line Lines { lines: 59..=59 } in "./splinter-tmp/38/betree/PagedBetreeRefinement_v.rs"
verus failed, reverting
commenting out line Lines { lines: 1507..=1507 } in "./splinter-tmp/32/betree/LinkedBetree_v.rs"
verus failed, reverting
commenting out line Lines { lines: 298..=310 } in "./splinter-tmp/31/betree/LinkedBetreeRefinement_v.rs"
verus failed, reverting
commenting out line Lines { lines: 499..=500 } in "./splinter-tmp/16/allocation_layer/LikesBetree_v.rs"
verus failed, reverting
commenting out line Lines { lines: 328..=328 } in "./splinter-tmp/34/betree/LinkedBranch_v/Refinement_v.rs"
verus failed, reverting
commenting out line Lines { lines: 315..=315 } in "./splinter-tmp/29/betree/FilteredBetreeRefinement_v.rs"
verus failed, reverting
commenting out line Lines { lines: 1521..=1521 } in "./splinter-tmp/32/betree/LinkedBetree_v.rs"
verus failed, reverting
commenting out line Lines { lines: 1060..=1098 } in "./splinter-tmp/14/allocation_layer/AllocationJournal_v.rs"
verus failed, reverting
commenting out line Lines { lines: 53..=60 } in "./splinter-tmp/38/betree/PagedBetreeRefinement_v.rs"
verus failed, reverting
commenting out line Lines { lines: 311..=311 } in "./splinter-tmp/31/betree/LinkedBetreeRefinement_v.rs"
verus failed, reverting
commenting out line Lines { lines: 501..=503 } in "./splinter-tmp/16/allocation_layer/LikesBetree_v.rs"
verus failed, reverting
commenting out line Lines { lines: 357..=357 } in "./splinter-tmp/34/betree/LinkedBranch_v/Refinement_v.rs"
verus failed, reverting
commenting out line Lines { lines: 1568..=1568 } in "./splinter-tmp/32/betree/LinkedBetree_v.rs"
verus failed, reverting
commenting out line Lines { lines: 82..=82 } in "./splinter-tmp/38/betree/PagedBetreeRefinement_v.rs"
verus failed, reverting
commenting out line Lines { lines: 1106..=1106 } in "./splinter-tmp/14/allocation_layer/AllocationJournal_v.rs"
verus failed, reverting
commenting out line Lines { lines: 344..=344 } in "./splinter-tmp/29/betree/FilteredBetreeRefinement_v.rs"
verus failed, reverting
commenting out line Lines { lines: 362..=362 } in "./splinter-tmp/31/betree/LinkedBetreeRefinement_v.rs"
verus failed, reverting
commenting out line Lines { lines: 507..=507 } in "./splinter-tmp/16/allocation_layer/LikesBetree_v.rs"
verus failed, reverting
commenting out line Lines { lines: 361..=375 } in "./splinter-tmp/34/betree/LinkedBranch_v/Refinement_v.rs"
verus failed, reverting
commenting out line Lines { lines: 1113..=1113 } in "./splinter-tmp/14/allocation_layer/AllocationJournal_v.rs"
verus failed, reverting
commenting out line Lines { lines: 1582..=1582 } in "./splinter-tmp/32/betree/LinkedBetree_v.rs"
verus failed, reverting
commenting out line Lines { lines: 90..=90 } in "./splinter-tmp/38/betree/PagedBetreeRefinement_v.rs"
verus failed, reverting
commenting out line Lines { lines: 355..=364 } in "./splinter-tmp/31/betree/LinkedBetreeRefinement_v.rs"
verus failed, reverting
commenting out line Lines { lines: 546..=546 } in "./splinter-tmp/16/allocation_layer/LikesBetree_v.rs"
verus failed, reverting
commenting out line Lines { lines: 345..=345 } in "./splinter-tmp/29/betree/FilteredBetreeRefinement_v.rs"
verus failed, reverting
commenting out line Lines { lines: 341..=380 } in "./splinter-tmp/34/betree/LinkedBranch_v/Refinement_v.rs"
verus failed, reverting
commenting out line Lines { lines: 1114..=1114 } in "./splinter-tmp/14/allocation_layer/AllocationJournal_v.rs"
verus failed, reverting
commenting out line Lines { lines: 1586..=1586 } in "./splinter-tmp/32/betree/LinkedBetree_v.rs"
verus failed, reverting
commenting out line Lines { lines: 105..=105 } in "./splinter-tmp/38/betree/PagedBetreeRefinement_v.rs"
verus failed, reverting
commenting out line Lines { lines: 365..=365 } in "./splinter-tmp/31/betree/LinkedBetreeRefinement_v.rs"
verus failed, reverting
commenting out line Lines { lines: 557..=557 } in "./splinter-tmp/16/allocation_layer/LikesBetree_v.rs"
verus failed, reverting
commenting out line Lines { lines: 381..=381 } in "./splinter-tmp/34/betree/LinkedBranch_v/Refinement_v.rs"
verus failed, reverting
commenting out line Lines { lines: 355..=355 } in "./splinter-tmp/29/betree/FilteredBetreeRefinement_v.rs"
verus failed, reverting
commenting out line Lines { lines: 1578..=1589 } in "./splinter-tmp/32/betree/LinkedBetree_v.rs"
verus failed, reverting
commenting out line Lines { lines: 115..=124 } in "./splinter-tmp/38/betree/PagedBetreeRefinement_v.rs"
verus failed, reverting
commenting out line Lines { lines: 1119..=1119 } in "./splinter-tmp/14/allocation_layer/AllocationJournal_v.rs"
verus failed, reverting
commenting out line Lines { lines: 396..=396 } in "./splinter-tmp/31/betree/LinkedBetreeRefinement_v.rs"
verus failed, reverting
commenting out line Lines { lines: 562..=572 } in "./splinter-tmp/16/allocation_layer/LikesBetree_v.rs"
verus failed, reverting
commenting out line Lines { lines: 453..=453 } in "./splinter-tmp/34/betree/LinkedBranch_v/Refinement_v.rs"
verus failed, reverting
commenting out line Lines { lines: 356..=356 } in "./splinter-tmp/29/betree/FilteredBetreeRefinement_v.rs"
verus failed, reverting
commenting out line Lines { lines: 1630..=1630 } in "./splinter-tmp/32/betree/LinkedBetree_v.rs"
verus failed, reverting
commenting out line Lines { lines: 1123..=1124 } in "./splinter-tmp/14/allocation_layer/AllocationJournal_v.rs"
verus failed, reverting
commenting out line Lines { lines: 143..=143 } in "./splinter-tmp/38/betree/PagedBetreeRefinement_v.rs"
verus failed, reverting
commenting out line Lines { lines: 401..=401 } in "./splinter-tmp/31/betree/LinkedBetreeRefinement_v.rs"
verus failed, reverting
commenting out line Lines { lines: 590..=590 } in "./splinter-tmp/16/allocation_layer/LikesBetree_v.rs"
verus failed, reverting
commenting out line Lines { lines: 458..=458 } in "./splinter-tmp/34/betree/LinkedBranch_v/Refinement_v.rs"
verus failed, reverting
commenting out line Lines { lines: 1631..=1631 } in "./splinter-tmp/32/betree/LinkedBetree_v.rs"
verus failed, reverting
commenting out line Lines { lines: 1122..=1125 } in "./splinter-tmp/14/allocation_layer/AllocationJournal_v.rs"
verus failed, reverting
commenting out line Lines { lines: 144..=144 } in "./splinter-tmp/38/betree/PagedBetreeRefinement_v.rs"
verus failed, reverting
commenting out line Lines { lines: 371..=375 } in "./splinter-tmp/29/betree/FilteredBetreeRefinement_v.rs"
verus failed, reverting
commenting out line Lines { lines: 398..=402 } in "./splinter-tmp/31/betree/LinkedBetreeRefinement_v.rs"
verus failed, reverting
commenting out line Lines { lines: 574..=591 } in "./splinter-tmp/16/allocation_layer/LikesBetree_v.rs"
verus failed, reverting
commenting out line Lines { lines: 462..=462 } in "./splinter-tmp/34/betree/LinkedBranch_v/Refinement_v.rs"
verus failed, reverting
commenting out line Lines { lines: 1674..=1674 } in "./splinter-tmp/32/betree/LinkedBetree_v.rs"
verus failed, reverting
commenting out line Lines { lines: 177..=177 } in "./splinter-tmp/38/betree/PagedBetreeRefinement_v.rs"
verus failed, reverting
commenting out line Lines { lines: 1135..=1135 } in "./splinter-tmp/14/allocation_layer/AllocationJournal_v.rs"
verus failed, reverting
commenting out line Lines { lines: 410..=418 } in "./splinter-tmp/29/betree/FilteredBetreeRefinement_v.rs"
verus failed, reverting
commenting out line Lines { lines: 403..=403 } in "./splinter-tmp/31/betree/LinkedBetreeRefinement_v.rs"
verus failed, reverting
commenting out line Lines { lines: 549..=592 } in "./splinter-tmp/16/allocation_layer/LikesBetree_v.rs"
verus failed, reverting
commenting out line Lines { lines: 473..=473 } in "./splinter-tmp/34/betree/LinkedBranch_v/Refinement_v.rs"
verus failed, reverting
commenting out line Lines { lines: 1718..=1718 } in "./splinter-tmp/32/betree/LinkedBetree_v.rs"
verus failed, reverting
commenting out line Lines { lines: 1154..=1154 } in "./splinter-tmp/14/allocation_layer/AllocationJournal_v.rs"
verus failed, reverting
commenting out line Lines { lines: 183..=183 } in "./splinter-tmp/38/betree/PagedBetreeRefinement_v.rs"
verus failed, reverting
commenting out line Lines { lines: 412..=412 } in "./splinter-tmp/31/betree/LinkedBetreeRefinement_v.rs"
verus failed, reverting
commenting out line Lines { lines: 420..=425 } in "./splinter-tmp/29/betree/FilteredBetreeRefinement_v.rs"
verus failed, reverting
commenting out line Lines { lines: 631..=631 } in "./splinter-tmp/16/allocation_layer/LikesBetree_v.rs"
verus failed, reverting
commenting out line Lines { lines: 447..=480 } in "./splinter-tmp/34/betree/LinkedBranch_v/Refinement_v.rs"
verus failed, reverting
commenting out line Lines { lines: 1711..=1719 } in "./splinter-tmp/32/betree/LinkedBetree_v.rs"
verus failed, reverting
commenting out line Lines { lines: 1173..=1173 } in "./splinter-tmp/14/allocation_layer/AllocationJournal_v.rs"
verus failed, reverting
commenting out line Lines { lines: 184..=184 } in "./splinter-tmp/38/betree/PagedBetreeRefinement_v.rs"
verus failed, reverting
commenting out line Lines { lines: 409..=414 } in "./splinter-tmp/31/betree/LinkedBetreeRefinement_v.rs"
verus failed, reverting
commenting out line Lines { lines: 632..=632 } in "./splinter-tmp/16/allocation_layer/LikesBetree_v.rs"
verus failed, reverting
commenting out line Lines { lines: 493..=510 } in "./splinter-tmp/29/betree/FilteredBetreeRefinement_v.rs"
verus failed, reverting
commenting out line Lines { lines: 443..=481 } in "./splinter-tmp/34/betree/LinkedBranch_v/Refinement_v.rs"
verus failed, reverting
commenting out line Lines { lines: 1746..=1746 } in "./splinter-tmp/32/betree/LinkedBetree_v.rs"
verus failed, reverting
commenting out line Lines { lines: 1184..=1186 } in "./splinter-tmp/14/allocation_layer/AllocationJournal_v.rs"
verus failed, reverting
commenting out line Lines { lines: 178..=185 } in "./splinter-tmp/38/betree/PagedBetreeRefinement_v.rs"
verus failed, reverting
commenting out line Lines { lines: 415..=415 } in "./splinter-tmp/31/betree/LinkedBetreeRefinement_v.rs"
verus failed, reverting
commenting out line Lines { lines: 643..=644 } in "./splinter-tmp/16/allocation_layer/LikesBetree_v.rs"
verus failed, reverting
commenting out line Lines { lines: 516..=516 } in "./splinter-tmp/29/betree/FilteredBetreeRefinement_v.rs"
verus failed, reverting
commenting out line Lines { lines: 483..=483 } in "./splinter-tmp/34/betree/LinkedBranch_v/Refinement_v.rs"
verus failed, reverting
commenting out line Lines { lines: 1734..=1747 } in "./splinter-tmp/32/betree/LinkedBetree_v.rs"
verus failed, reverting
verus failed, reverting
commenting out line Lines { lines: 1192..=1192 } in "./splinter-tmp/14/allocation_layer/AllocationJournal_v.rs"
commenting out line Lines { lines: 196..=196 } in "./splinter-tmp/38/betree/PagedBetreeRefinement_v.rs"
verus failed, reverting
commenting out line Lines { lines: 433..=433 } in "./splinter-tmp/31/betree/LinkedBetreeRefinement_v.rs"
verus failed, reverting
commenting out line Lines { lines: 677..=677 } in "./splinter-tmp/16/allocation_layer/LikesBetree_v.rs"
verus failed, reverting
commenting out line Lines { lines: 514..=514 } in "./splinter-tmp/34/betree/LinkedBranch_v/Refinement_v.rs"
verus failed, reverting
commenting out line Lines { lines: 540..=540 } in "./splinter-tmp/29/betree/FilteredBetreeRefinement_v.rs"
verus failed, reverting
commenting out line Lines { lines: 1750..=1750 } in "./splinter-tmp/32/betree/LinkedBetree_v.rs"
verus failed, reverting
commenting out line Lines { lines: 197..=197 } in "./splinter-tmp/38/betree/PagedBetreeRefinement_v.rs"
verus failed, reverting
commenting out line Lines { lines: 1202..=1202 } in "./splinter-tmp/14/allocation_layer/AllocationJournal_v.rs"
verus failed, reverting
commenting out line Lines { lines: 437..=437 } in "./splinter-tmp/31/betree/LinkedBetreeRefinement_v.rs"
verus failed, reverting
commenting out line Lines { lines: 678..=678 } in "./splinter-tmp/16/allocation_layer/LikesBetree_v.rs"
verus failed, reverting
commenting out line Lines { lines: 531..=533 } in "./splinter-tmp/34/betree/LinkedBranch_v/Refinement_v.rs"
verus failed, reverting
commenting out line Lines { lines: 552..=552 } in "./splinter-tmp/29/betree/FilteredBetreeRefinement_v.rs"
verus failed, reverting
commenting out line Lines { lines: 1772..=1772 } in "./splinter-tmp/32/betree/LinkedBetree_v.rs"
verus failed, reverting
commenting out line Lines { lines: 234..=234 } in "./splinter-tmp/38/betree/PagedBetreeRefinement_v.rs"
verus failed, reverting
commenting out line Lines { lines: 1161..=1211 } in "./splinter-tmp/14/allocation_layer/AllocationJournal_v.rs"
verus failed, reverting
commenting out line Lines { lines: 463..=463 } in "./splinter-tmp/31/betree/LinkedBetreeRefinement_v.rs"
verus succeeded with time: 47894ms
commenting out line Lines { lines: 686..=687 } in "./splinter-tmp/16/allocation_layer/LikesBetree_v.rs"
verus failed, reverting
commenting out line Lines { lines: 551..=551 } in "./splinter-tmp/34/betree/LinkedBranch_v/Refinement_v.rs"
verus failed, reverting
commenting out line Lines { lines: 1856..=1856 } in "./splinter-tmp/32/betree/LinkedBetree_v.rs"
verus failed, reverting
commenting out line Lines { lines: 1499..=1501 } in "./splinter-tmp/14/allocation_layer/AllocationJournal_v.rs"
verus failed, reverting
commenting out line Lines { lines: 554..=554 } in "./splinter-tmp/29/betree/FilteredBetreeRefinement_v.rs"
verus failed, reverting
commenting out line Lines { lines: 271..=275 } in "./splinter-tmp/38/betree/PagedBetreeRefinement_v.rs"
verus failed, reverting
commenting out line Lines { lines: 475..=475 } in "./splinter-tmp/31/betree/LinkedBetreeRefinement_v.rs"
verus failed, reverting
commenting out line Lines { lines: 688..=689 } in "./splinter-tmp/16/allocation_layer/LikesBetree_v.rs"
verus failed, reverting
commenting out line Lines { lines: 560..=560 } in "./splinter-tmp/34/betree/LinkedBranch_v/Refinement_v.rs"
verus failed, reverting
commenting out line Lines { lines: 1507..=1507 } in "./splinter-tmp/14/allocation_layer/AllocationJournal_v.rs"
verus failed, reverting
commenting out line Lines { lines: 1857..=1857 } in "./splinter-tmp/32/betree/LinkedBetree_v.rs"
verus failed, reverting
commenting out line Lines { lines: 277..=277 } in "./splinter-tmp/38/betree/PagedBetreeRefinement_v.rs"
verus failed, reverting
commenting out line Lines { lines: 479..=479 } in "./splinter-tmp/31/betree/LinkedBetreeRefinement_v.rs"
verus failed, reverting
commenting out line Lines { lines: 556..=556 } in "./splinter-tmp/29/betree/FilteredBetreeRefinement_v.rs"
verus failed, reverting
commenting out line Lines { lines: 724..=724 } in "./splinter-tmp/16/allocation_layer/LikesBetree_v.rs"
verus failed, reverting
commenting out line Lines { lines: 572..=588 } in "./splinter-tmp/34/betree/LinkedBranch_v/Refinement_v.rs"
verus failed, reverting
commenting out line Lines { lines: 1505..=1508 } in "./splinter-tmp/14/allocation_layer/AllocationJournal_v.rs"
verus failed, reverting
commenting out line Lines { lines: 1855..=1858 } in "./splinter-tmp/32/betree/LinkedBetree_v.rs"
verus failed, reverting
commenting out line Lines { lines: 303..=304 } in "./splinter-tmp/38/betree/PagedBetreeRefinement_v.rs"
verus failed, reverting
commenting out line Lines { lines: 491..=491 } in "./splinter-tmp/31/betree/LinkedBetreeRefinement_v.rs"
verus failed, reverting
commenting out line Lines { lines: 549..=558 } in "./splinter-tmp/29/betree/FilteredBetreeRefinement_v.rs"
verus failed, reverting
commenting out line Lines { lines: 733..=733 } in "./splinter-tmp/16/allocation_layer/LikesBetree_v.rs"
verus failed, reverting
commenting out line Lines { lines: 599..=599 } in "./splinter-tmp/34/betree/LinkedBranch_v/Refinement_v.rs"
verus failed, reverting
commenting out line Lines { lines: 1504..=1509 } in "./splinter-tmp/14/allocation_layer/AllocationJournal_v.rs"
verus failed, reverting
commenting out line Lines { lines: 1866..=1866 } in "./splinter-tmp/32/betree/LinkedBetree_v.rs"
verus failed, reverting
commenting out line Lines { lines: 339..=339 } in "./splinter-tmp/38/betree/PagedBetreeRefinement_v.rs"
verus failed, reverting
commenting out line Lines { lines: 492..=492 } in "./splinter-tmp/31/betree/LinkedBetreeRefinement_v.rs"
verus failed, reverting
commenting out line Lines { lines: 559..=559 } in "./splinter-tmp/29/betree/FilteredBetreeRefinement_v.rs"
verus failed, reverting
commenting out line Lines { lines: 731..=734 } in "./splinter-tmp/16/allocation_layer/LikesBetree_v.rs"
verus succeeded with time: 47281ms
commenting out line Lines { lines: 600..=600 } in "./splinter-tmp/34/betree/LinkedBranch_v/Refinement_v.rs"
verus failed, reverting
commenting out line Lines { lines: 1513..=1513 } in "./splinter-tmp/14/allocation_layer/AllocationJournal_v.rs"
verus failed, reverting
commenting out line Lines { lines: 1879..=1879 } in "./splinter-tmp/32/betree/LinkedBetree_v.rs"
verus failed, reverting
commenting out line Lines { lines: 352..=352 } in "./splinter-tmp/38/betree/PagedBetreeRefinement_v.rs"
verus failed, reverting
commenting out line Lines { lines: 488..=497 } in "./splinter-tmp/31/betree/LinkedBetreeRefinement_v.rs"
verus failed, reverting
commenting out line Lines { lines: 572..=572 } in "./splinter-tmp/29/betree/FilteredBetreeRefinement_v.rs"
verus failed, reverting
commenting out line Lines { lines: 736..=736 } in "./splinter-tmp/16/allocation_layer/LikesBetree_v.rs"
verus failed, reverting
commenting out line Lines { lines: 623..=623 } in "./splinter-tmp/34/betree/LinkedBranch_v/Refinement_v.rs"
verus failed, reverting
commenting out line Lines { lines: 1521..=1521 } in "./splinter-tmp/14/allocation_layer/AllocationJournal_v.rs"
verus failed, reverting
commenting out line Lines { lines: 1880..=1880 } in "./splinter-tmp/32/betree/LinkedBetree_v.rs"
verus failed, reverting
commenting out line Lines { lines: 360..=360 } in "./splinter-tmp/38/betree/PagedBetreeRefinement_v.rs"
verus failed, reverting
commenting out line Lines { lines: 498..=498 } in "./splinter-tmp/31/betree/LinkedBetreeRefinement_v.rs"
verus failed, reverting
commenting out line Lines { lines: 583..=583 } in "./splinter-tmp/29/betree/FilteredBetreeRefinement_v.rs"
verus failed, reverting
commenting out line Lines { lines: 783..=789 } in "./splinter-tmp/16/allocation_layer/LikesBetree_v.rs"
verus failed, reverting
commenting out line Lines { lines: 605..=635 } in "./splinter-tmp/34/betree/LinkedBranch_v/Refinement_v.rs"
verus failed, reverting
commenting out line Lines { lines: 1511..=1522 } in "./splinter-tmp/14/allocation_layer/AllocationJournal_v.rs"
verus failed, reverting
commenting out line Lines { lines: 1860..=1887 } in "./splinter-tmp/32/betree/LinkedBetree_v.rs"
verus failed, reverting
commenting out line Lines { lines: 384..=384 } in "./splinter-tmp/38/betree/PagedBetreeRefinement_v.rs"
verus failed, reverting
commenting out line Lines { lines: 500..=500 } in "./splinter-tmp/31/betree/LinkedBetreeRefinement_v.rs"
verus failed, reverting
commenting out line Lines { lines: 586..=586 } in "./splinter-tmp/29/betree/FilteredBetreeRefinement_v.rs"
verus failed, reverting
commenting out line Lines { lines: 791..=791 } in "./splinter-tmp/16/allocation_layer/LikesBetree_v.rs"
verus failed, reverting
commenting out line Lines { lines: 1524..=1524 } in "./splinter-tmp/14/allocation_layer/AllocationJournal_v.rs"
verus failed, reverting
commenting out line Lines { lines: 539..=640 } in "./splinter-tmp/34/betree/LinkedBranch_v/Refinement_v.rs"
verus failed, reverting
commenting out line Lines { lines: 1889..=1889 } in "./splinter-tmp/32/betree/LinkedBetree_v.rs"
verus failed, reverting
commenting out line Lines { lines: 400..=400 } in "./splinter-tmp/38/betree/PagedBetreeRefinement_v.rs"
verus failed, reverting
commenting out line Lines { lines: 467..=503 } in "./splinter-tmp/31/betree/LinkedBetreeRefinement_v.rs"
verus failed, reverting
commenting out line Lines { lines: 746..=803 } in "./splinter-tmp/16/allocation_layer/LikesBetree_v.rs"
verus failed, reverting
commenting out line Lines { lines: 627..=627 } in "./splinter-tmp/29/betree/FilteredBetreeRefinement_v.rs"
verus failed, reverting
commenting out line Lines { lines: 642..=642 } in "./splinter-tmp/34/betree/LinkedBranch_v/Refinement_v.rs"
verus failed, reverting
commenting out line Lines { lines: 1531..=1531 } in "./splinter-tmp/14/allocation_layer/AllocationJournal_v.rs"
verus failed, reverting
commenting out line Lines { lines: 1922..=1922 } in "./splinter-tmp/32/betree/LinkedBetree_v.rs"
verus failed, reverting
commenting out line Lines { lines: 411..=411 } in "./splinter-tmp/38/betree/PagedBetreeRefinement_v.rs"
verus failed, reverting
commenting out line Lines { lines: 504..=504 } in "./splinter-tmp/31/betree/LinkedBetreeRefinement_v.rs"
verus failed, reverting
commenting out line Lines { lines: 842..=842 } in "./splinter-tmp/16/allocation_layer/LikesBetree_v.rs"
verus failed, reverting
commenting out line Lines { lines: 609..=637 } in "./splinter-tmp/29/betree/FilteredBetreeRefinement_v.rs"
verus failed, reverting
commenting out line Lines { lines: 684..=684 } in "./splinter-tmp/34/betree/LinkedBranch_v/Refinement_v.rs"
verus failed, reverting
commenting out line Lines { lines: 1534..=1534 } in "./splinter-tmp/14/allocation_layer/AllocationJournal_v.rs"
verus failed, reverting
commenting out line Lines { lines: 1923..=1923 } in "./splinter-tmp/32/betree/LinkedBetree_v.rs"
verus failed, reverting
commenting out line Lines { lines: 422..=422 } in "./splinter-tmp/38/betree/PagedBetreeRefinement_v.rs"
verus failed, reverting
commenting out line Lines { lines: 527..=527 } in "./splinter-tmp/31/betree/LinkedBetreeRefinement_v.rs"
verus failed, reverting
commenting out line Lines { lines: 858..=860 } in "./splinter-tmp/16/allocation_layer/LikesBetree_v.rs"
verus failed, reverting
commenting out line Lines { lines: 664..=664 } in "./splinter-tmp/29/betree/FilteredBetreeRefinement_v.rs"
verus failed, reverting
commenting out line Lines { lines: 692..=692 } in "./splinter-tmp/34/betree/LinkedBranch_v/Refinement_v.rs"
verus failed, reverting
commenting out line Lines { lines: 1548..=1548 } in "./splinter-tmp/14/allocation_layer/AllocationJournal_v.rs"
verus failed, reverting
commenting out line Lines { lines: 1936..=1936 } in "./splinter-tmp/32/betree/LinkedBetree_v.rs"
verus failed, reverting
commenting out line Lines { lines: 442..=442 } in "./splinter-tmp/38/betree/PagedBetreeRefinement_v.rs"
verus failed, reverting
commenting out line Lines { lines: 538..=538 } in "./splinter-tmp/31/betree/LinkedBetreeRefinement_v.rs"
verus failed, reverting
commenting out line Lines { lines: 889..=890 } in "./splinter-tmp/16/allocation_layer/LikesBetree_v.rs"
verus failed, reverting
commenting out line Lines { lines: 694..=694 } in "./splinter-tmp/34/betree/LinkedBranch_v/Refinement_v.rs"
verus failed, reverting
commenting out line Lines { lines: 665..=665 } in "./splinter-tmp/29/betree/FilteredBetreeRefinement_v.rs"
verus failed, reverting
commenting out line Lines { lines: 1556..=1556 } in "./splinter-tmp/14/allocation_layer/AllocationJournal_v.rs"
verus failed, reverting
commenting out line Lines { lines: 1940..=1940 } in "./splinter-tmp/32/betree/LinkedBetree_v.rs"
verus failed, reverting
commenting out line Lines { lines: 539..=539 } in "./splinter-tmp/31/betree/LinkedBetreeRefinement_v.rs"
verus failed, reverting
commenting out line Lines { lines: 444..=444 } in "./splinter-tmp/38/betree/PagedBetreeRefinement_v.rs"
verus failed, reverting
commenting out line Lines { lines: 895..=895 } in "./splinter-tmp/16/allocation_layer/LikesBetree_v.rs"
verus failed, reverting
commenting out line Lines { lines: 696..=702 } in "./splinter-tmp/34/betree/LinkedBranch_v/Refinement_v.rs"
verus failed, reverting
commenting out line Lines { lines: 658..=673 } in "./splinter-tmp/29/betree/FilteredBetreeRefinement_v.rs"
verus failed, reverting
commenting out line Lines { lines: 1565..=1565 } in "./splinter-tmp/14/allocation_layer/AllocationJournal_v.rs"
verus failed, reverting
commenting out line Lines { lines: 1925..=1942 } in "./splinter-tmp/32/betree/LinkedBetree_v.rs"
verus failed, reverting
commenting out line Lines { lines: 552..=552 } in "./splinter-tmp/31/betree/LinkedBetreeRefinement_v.rs"
verus failed, reverting
commenting out line Lines { lines: 460..=467 } in "./splinter-tmp/38/betree/PagedBetreeRefinement_v.rs"
verus failed, reverting
commenting out line Lines { lines: 902..=902 } in "./splinter-tmp/16/allocation_layer/LikesBetree_v.rs"
verus failed, reverting
commenting out line Lines { lines: 687..=705 } in "./splinter-tmp/34/betree/LinkedBranch_v/Refinement_v.rs"
verus failed, reverting
commenting out line Lines { lines: 1559..=1567 } in "./splinter-tmp/14/allocation_layer/AllocationJournal_v.rs"
verus failed, reverting
commenting out line Lines { lines: 674..=674 } in "./splinter-tmp/29/betree/FilteredBetreeRefinement_v.rs"
verus failed, reverting
commenting out line Lines { lines: 1948..=1948 } in "./splinter-tmp/32/betree/LinkedBetree_v.rs"
verus failed, reverting
commenting out line Lines { lines: 553..=553 } in "./splinter-tmp/31/betree/LinkedBetreeRefinement_v.rs"
verus failed, reverting
commenting out line Lines { lines: 469..=469 } in "./splinter-tmp/38/betree/PagedBetreeRefinement_v.rs"
verus failed, reverting
commenting out line Lines { lines: 926..=926 } in "./splinter-tmp/16/allocation_layer/LikesBetree_v.rs"
verus failed, reverting
commenting out line Lines { lines: 706..=706 } in "./splinter-tmp/34/betree/LinkedBranch_v/Refinement_v.rs"
verus failed, reverting
commenting out line Lines { lines: 1558..=1568 } in "./splinter-tmp/14/allocation_layer/AllocationJournal_v.rs"
verus failed, reverting
commenting out line Lines { lines: 687..=687 } in "./splinter-tmp/29/betree/FilteredBetreeRefinement_v.rs"
verus failed, reverting
commenting out line Lines { lines: 1973..=1973 } in "./splinter-tmp/32/betree/LinkedBetree_v.rs"
verus failed, reverting
commenting out line Lines { lines: 549..=558 } in "./splinter-tmp/31/betree/LinkedBetreeRefinement_v.rs"
verus failed, reverting
commenting out line Lines { lines: 472..=472 } in "./splinter-tmp/38/betree/PagedBetreeRefinement_v.rs"
verus failed, reverting
commenting out line Lines { lines: 933..=933 } in "./splinter-tmp/16/allocation_layer/LikesBetree_v.rs"
verus failed, reverting
commenting out line Lines { lines: 715..=715 } in "./splinter-tmp/34/betree/LinkedBranch_v/Refinement_v.rs"
verus failed, reverting
commenting out line Lines { lines: 1576..=1576 } in "./splinter-tmp/14/allocation_layer/AllocationJournal_v.rs"
verus failed, reverting
commenting out line Lines { lines: 1974..=1974 } in "./splinter-tmp/32/betree/LinkedBetree_v.rs"
verus failed, reverting
commenting out line Lines { lines: 676..=708 } in "./splinter-tmp/29/betree/FilteredBetreeRefinement_v.rs"
verus failed, reverting
commenting out line Lines { lines: 559..=559 } in "./splinter-tmp/31/betree/LinkedBetreeRefinement_v.rs"
verus failed, reverting
commenting out line Lines { lines: 490..=497 } in "./splinter-tmp/38/betree/PagedBetreeRefinement_v.rs"
verus failed, reverting
commenting out line Lines { lines: 920..=934 } in "./splinter-tmp/16/allocation_layer/LikesBetree_v.rs"
verus failed, reverting
commenting out line Lines { lines: 717..=717 } in "./splinter-tmp/34/betree/LinkedBranch_v/Refinement_v.rs"
verus failed, reverting
commenting out line Lines { lines: 1578..=1578 } in "./splinter-tmp/14/allocation_layer/AllocationJournal_v.rs"
verus failed, reverting
commenting out line Lines { lines: 1965..=1984 } in "./splinter-tmp/32/betree/LinkedBetree_v.rs"
verus failed, reverting
commenting out line Lines { lines: 535..=563 } in "./splinter-tmp/31/betree/LinkedBetreeRefinement_v.rs"
verus failed, reverting
commenting out line Lines { lines: 711..=711 } in "./splinter-tmp/29/betree/FilteredBetreeRefinement_v.rs"
verus failed, reverting
commenting out line Lines { lines: 499..=499 } in "./splinter-tmp/38/betree/PagedBetreeRefinement_v.rs"
verus failed, reverting
commenting out line Lines { lines: 940..=941 } in "./splinter-tmp/16/allocation_layer/LikesBetree_v.rs"
verus failed, reverting
commenting out line Lines { lines: 719..=725 } in "./splinter-tmp/34/betree/LinkedBranch_v/Refinement_v.rs"
verus failed, reverting
commenting out line Lines { lines: 1572..=1580 } in "./splinter-tmp/14/allocation_layer/AllocationJournal_v.rs"
verus failed, reverting
commenting out line Lines { lines: 1985..=1985 } in "./splinter-tmp/32/betree/LinkedBetree_v.rs"
verus failed, reverting
commenting out line Lines { lines: 564..=564 } in "./splinter-tmp/31/betree/LinkedBetreeRefinement_v.rs"
verus failed, reverting
commenting out line Lines { lines: 719..=719 } in "./splinter-tmp/29/betree/FilteredBetreeRefinement_v.rs"
verus failed, reverting
commenting out line Lines { lines: 502..=502 } in "./splinter-tmp/38/betree/PagedBetreeRefinement_v.rs"
verus failed, reverting
commenting out line Lines { lines: 1141..=1141 } in "./splinter-tmp/16/allocation_layer/LikesBetree_v.rs"
verus failed, reverting
commenting out line Lines { lines: 709..=728 } in "./splinter-tmp/34/betree/LinkedBranch_v/Refinement_v.rs"
verus failed, reverting
commenting out line Lines { lines: 1586..=1586 } in "./splinter-tmp/14/allocation_layer/AllocationJournal_v.rs"
verus failed, reverting
commenting out line Lines { lines: 2023..=2023 } in "./splinter-tmp/32/betree/LinkedBetree_v.rs"
verus failed, reverting
commenting out line Lines { lines: 582..=582 } in "./splinter-tmp/31/betree/LinkedBetreeRefinement_v.rs"
verus failed, reverting
commenting out line Lines { lines: 734..=737 } in "./splinter-tmp/29/betree/FilteredBetreeRefinement_v.rs"
verus failed, reverting
commenting out line Lines { lines: 511..=511 } in "./splinter-tmp/38/betree/PagedBetreeRefinement_v.rs"
verus failed, reverting
commenting out line Lines { lines: 1159..=1162 } in "./splinter-tmp/16/allocation_layer/LikesBetree_v.rs"
verus failed, reverting
commenting out line Lines { lines: 729..=729 } in "./splinter-tmp/34/betree/LinkedBranch_v/Refinement_v.rs"
verus failed, reverting
commenting out line Lines { lines: 1589..=1589 } in "./splinter-tmp/14/allocation_layer/AllocationJournal_v.rs"
verus failed, reverting
commenting out line Lines { lines: 2016..=2037 } in "./splinter-tmp/32/betree/LinkedBetree_v.rs"
verus failed, reverting
commenting out line Lines { lines: 597..=597 } in "./splinter-tmp/31/betree/LinkedBetreeRefinement_v.rs"
verus failed, reverting
commenting out line Lines { lines: 747..=747 } in "./splinter-tmp/29/betree/FilteredBetreeRefinement_v.rs"
verus failed, reverting
commenting out line Lines { lines: 531..=531 } in "./splinter-tmp/38/betree/PagedBetreeRefinement_v.rs"
verus failed, reverting
minimization of ./splinter-tmp/38/betree/PagedBetreeRefinement_v.rs is completed
minimization of ./splinter-tmp/39/betree/PagedBetree_v.rs is completed
commenting out line Lines { lines: 86..=86 } in "./splinter-tmp/40/betree/PivotBetreeRefinement_v.rs"
verus failed, reverting
commenting out line Lines { lines: 1181..=1181 } in "./splinter-tmp/16/allocation_layer/LikesBetree_v.rs"
verus failed, reverting
commenting out line Lines { lines: 756..=756 } in "./splinter-tmp/34/betree/LinkedBranch_v/Refinement_v.rs"
verus failed, reverting
commenting out line Lines { lines: 1583..=1592 } in "./splinter-tmp/14/allocation_layer/AllocationJournal_v.rs"
verus failed, reverting
commenting out line Lines { lines: 2046..=2046 } in "./splinter-tmp/32/betree/LinkedBetree_v.rs"
verus failed, reverting
commenting out line Lines { lines: 600..=600 } in "./splinter-tmp/31/betree/LinkedBetreeRefinement_v.rs"
verus failed, reverting
commenting out line Lines { lines: 740..=749 } in "./splinter-tmp/29/betree/FilteredBetreeRefinement_v.rs"
verus failed, reverting
commenting out line Lines { lines: 1192..=1192 } in "./splinter-tmp/16/allocation_layer/LikesBetree_v.rs"
verus failed, reverting
commenting out line Lines { lines: 161..=161 } in "./splinter-tmp/40/betree/PivotBetreeRefinement_v.rs"
verus failed, reverting
commenting out line Lines { lines: 759..=759 } in "./splinter-tmp/34/betree/LinkedBranch_v/Refinement_v.rs"
verus failed, reverting
commenting out line Lines { lines: 1582..=1593 } in "./splinter-tmp/14/allocation_layer/AllocationJournal_v.rs"
verus failed, reverting
commenting out line Lines { lines: 2039..=2058 } in "./splinter-tmp/32/betree/LinkedBetree_v.rs"
verus failed, reverting
commenting out line Lines { lines: 591..=604 } in "./splinter-tmp/31/betree/LinkedBetreeRefinement_v.rs"
verus failed, reverting
commenting out line Lines { lines: 750..=750 } in "./splinter-tmp/29/betree/FilteredBetreeRefinement_v.rs"
verus failed, reverting
commenting out line Lines { lines: 1200..=1200 } in "./splinter-tmp/16/allocation_layer/LikesBetree_v.rs"
verus failed, reverting
commenting out line Lines { lines: 771..=771 } in "./splinter-tmp/34/betree/LinkedBranch_v/Refinement_v.rs"
verus failed, reverting
commenting out line Lines { lines: 1595..=1597 } in "./splinter-tmp/14/allocation_layer/AllocationJournal_v.rs"
verus failed, reverting
commenting out line Lines { lines: 164..=164 } in "./splinter-tmp/40/betree/PivotBetreeRefinement_v.rs"
verus failed, reverting
commenting out line Lines { lines: 2059..=2059 } in "./splinter-tmp/32/betree/LinkedBetree_v.rs"
verus failed, reverting
commenting out line Lines { lines: 615..=615 } in "./splinter-tmp/31/betree/LinkedBetreeRefinement_v.rs"
verus failed, reverting
commenting out line Lines { lines: 763..=763 } in "./splinter-tmp/29/betree/FilteredBetreeRefinement_v.rs"
verus failed, reverting
commenting out line Lines { lines: 1206..=1206 } in "./splinter-tmp/16/allocation_layer/LikesBetree_v.rs"
verus failed, reverting
commenting out line Lines { lines: 773..=773 } in "./splinter-tmp/34/betree/LinkedBranch_v/Refinement_v.rs"
verus failed, reverting
commenting out line Lines { lines: 1601..=1617 } in "./splinter-tmp/14/allocation_layer/AllocationJournal_v.rs"
verus failed, reverting
commenting out line Lines { lines: 2079..=2079 } in "./splinter-tmp/32/betree/LinkedBetree_v.rs"
verus failed, reverting
commenting out line Lines { lines: 616..=616 } in "./splinter-tmp/31/betree/LinkedBetreeRefinement_v.rs"
verus failed, reverting
commenting out line Lines { lines: 182..=182 } in "./splinter-tmp/40/betree/PivotBetreeRefinement_v.rs"
verus failed, reverting
commenting out line Lines { lines: 783..=783 } in "./splinter-tmp/29/betree/FilteredBetreeRefinement_v.rs"
verus failed, reverting
commenting out line Lines { lines: 1218..=1218 } in "./splinter-tmp/16/allocation_layer/LikesBetree_v.rs"
verus failed, reverting
commenting out line Lines { lines: 767..=782 } in "./splinter-tmp/34/betree/LinkedBranch_v/Refinement_v.rs"
verus failed, reverting
commenting out line Lines { lines: 1690..=1690 } in "./splinter-tmp/14/allocation_layer/AllocationJournal_v.rs"
verus failed, reverting
commenting out line Lines { lines: 2080..=2080 } in "./splinter-tmp/32/betree/LinkedBetree_v.rs"
verus failed, reverting
commenting out line Lines { lines: 606..=617 } in "./splinter-tmp/31/betree/LinkedBetreeRefinement_v.rs"
verus failed, reverting
commenting out line Lines { lines: 782..=785 } in "./splinter-tmp/29/betree/FilteredBetreeRefinement_v.rs"
verus failed, reverting
commenting out line Lines { lines: 183..=183 } in "./splinter-tmp/40/betree/PivotBetreeRefinement_v.rs"
verus failed, reverting
commenting out line Lines { lines: 1222..=1222 } in "./splinter-tmp/16/allocation_layer/LikesBetree_v.rs"
verus failed, reverting
commenting out line Lines { lines: 763..=783 } in "./splinter-tmp/34/betree/LinkedBranch_v/Refinement_v.rs"
verus failed, reverting
minimization of ./splinter-tmp/14/allocation_layer/AllocationJournal_v.rs is completed
minimization of ./splinter-tmp/41/betree/PivotBetree_v.rs is completed
commenting out line Lines { lines: 85..=85 } in "./splinter-tmp/42/betree/PivotBranchRefinement_v.rs"
verus failed, reverting
commenting out line Lines { lines: 2108..=2108 } in "./splinter-tmp/32/betree/LinkedBetree_v.rs"
verus failed, reverting
commenting out line Lines { lines: 638..=638 } in "./splinter-tmp/31/betree/LinkedBetreeRefinement_v.rs"
verus failed, reverting
commenting out line Lines { lines: 774..=805 } in "./splinter-tmp/29/betree/FilteredBetreeRefinement_v.rs"
verus failed, reverting
commenting out line Lines { lines: 1223..=1223 } in "./splinter-tmp/16/allocation_layer/LikesBetree_v.rs"
verus failed, reverting
commenting out line Lines { lines: 799..=799 } in "./splinter-tmp/34/betree/LinkedBranch_v/Refinement_v.rs"
verus failed, reverting
commenting out line Lines { lines: 191..=191 } in "./splinter-tmp/40/betree/PivotBetreeRefinement_v.rs"
verus failed, reverting
commenting out line Lines { lines: 118..=118 } in "./splinter-tmp/42/betree/PivotBranchRefinement_v.rs"
verus failed, reverting
commenting out line Lines { lines: 2102..=2117 } in "./splinter-tmp/32/betree/LinkedBetree_v.rs"
verus failed, reverting
commenting out line Lines { lines: 647..=647 } in "./splinter-tmp/31/betree/LinkedBetreeRefinement_v.rs"
verus failed, reverting
commenting out line Lines { lines: 817..=817 } in "./splinter-tmp/29/betree/FilteredBetreeRefinement_v.rs"
verus failed, reverting
commenting out line Lines { lines: 1225..=1225 } in "./splinter-tmp/16/allocation_layer/LikesBetree_v.rs"
verus failed, reverting
commenting out line Lines { lines: 818..=818 } in "./splinter-tmp/34/betree/LinkedBranch_v/Refinement_v.rs"
verus failed, reverting
commenting out line Lines { lines: 113..=120 } in "./splinter-tmp/42/betree/PivotBranchRefinement_v.rs"
verus failed, reverting
commenting out line Lines { lines: 2125..=2125 } in "./splinter-tmp/32/betree/LinkedBetree_v.rs"
verus failed, reverting
commenting out line Lines { lines: 648..=648 } in "./splinter-tmp/31/betree/LinkedBetreeRefinement_v.rs"
verus failed, reverting
commenting out line Lines { lines: 192..=192 } in "./splinter-tmp/40/betree/PivotBetreeRefinement_v.rs"
verus failed, reverting
commenting out line Lines { lines: 828..=828 } in "./splinter-tmp/29/betree/FilteredBetreeRefinement_v.rs"
verus failed, reverting
commenting out line Lines { lines: 1231..=1231 } in "./splinter-tmp/16/allocation_layer/LikesBetree_v.rs"
verus failed, reverting
commenting out line Lines { lines: 821..=821 } in "./splinter-tmp/34/betree/LinkedBranch_v/Refinement_v.rs"
verus failed, reverting
commenting out line Lines { lines: 122..=126 } in "./splinter-tmp/42/betree/PivotBranchRefinement_v.rs"
verus failed, reverting
commenting out line Lines { lines: 2119..=2134 } in "./splinter-tmp/32/betree/LinkedBetree_v.rs"
verus failed, reverting
commenting out line Lines { lines: 644..=650 } in "./splinter-tmp/31/betree/LinkedBetreeRefinement_v.rs"
verus failed, reverting
commenting out line Lines { lines: 823..=831 } in "./splinter-tmp/29/betree/FilteredBetreeRefinement_v.rs"
verus failed, reverting
commenting out line Lines { lines: 207..=211 } in "./splinter-tmp/40/betree/PivotBetreeRefinement_v.rs"
verus failed, reverting
commenting out line Lines { lines: 1235..=1235 } in "./splinter-tmp/16/allocation_layer/LikesBetree_v.rs"
verus failed, reverting
commenting out line Lines { lines: 842..=842 } in "./splinter-tmp/34/betree/LinkedBranch_v/Refinement_v.rs"
verus failed, reverting
commenting out line Lines { lines: 1241..=1241 } in "./splinter-tmp/16/allocation_layer/LikesBetree_v.rs"
verus failed, reverting
verus failed, reverting
commenting out line Lines { lines: 2169..=2169 } in "./splinter-tmp/32/betree/LinkedBetree_v.rs"
commenting out line Lines { lines: 651..=651 } in "./splinter-tmp/31/betree/LinkedBetreeRefinement_v.rs"
verus failed, reverting
commenting out line Lines { lines: 128..=128 } in "./splinter-tmp/42/betree/PivotBranchRefinement_v.rs"
verus failed, reverting
commenting out line Lines { lines: 841..=841 } in "./splinter-tmp/29/betree/FilteredBetreeRefinement_v.rs"
verus failed, reverting
commenting out line Lines { lines: 251..=251 } in "./splinter-tmp/40/betree/PivotBetreeRefinement_v.rs"
verus failed, reverting
commenting out line Lines { lines: 912..=912 } in "./splinter-tmp/34/betree/LinkedBranch_v/Refinement_v.rs"
verus failed, reverting
commenting out line Lines { lines: 1248..=1251 } in "./splinter-tmp/16/allocation_layer/LikesBetree_v.rs"
verus failed, reverting
commenting out line Lines { lines: 2170..=2170 } in "./splinter-tmp/32/betree/LinkedBetree_v.rs"
verus failed, reverting
commenting out line Lines { lines: 699..=699 } in "./splinter-tmp/31/betree/LinkedBetreeRefinement_v.rs"
verus failed, reverting
commenting out line Lines { lines: 140..=140 } in "./splinter-tmp/42/betree/PivotBranchRefinement_v.rs"
verus failed, reverting
commenting out line Lines { lines: 842..=842 } in "./splinter-tmp/29/betree/FilteredBetreeRefinement_v.rs"
verus failed, reverting
commenting out line Lines { lines: 919..=923 } in "./splinter-tmp/34/betree/LinkedBranch_v/Refinement_v.rs"
verus failed, reverting
commenting out line Lines { lines: 1258..=1258 } in "./splinter-tmp/16/allocation_layer/LikesBetree_v.rs"
verus failed, reverting
commenting out line Lines { lines: 2168..=2171 } in "./splinter-tmp/32/betree/LinkedBetree_v.rs"
verus failed, reverting
commenting out line Lines { lines: 260..=260 } in "./splinter-tmp/40/betree/PivotBetreeRefinement_v.rs"
verus failed, reverting
commenting out line Lines { lines: 696..=701 } in "./splinter-tmp/31/betree/LinkedBetreeRefinement_v.rs"
verus failed, reverting
commenting out line Lines { lines: 145..=148 } in "./splinter-tmp/42/betree/PivotBranchRefinement_v.rs"
verus failed, reverting
commenting out line Lines { lines: 848..=848 } in "./splinter-tmp/29/betree/FilteredBetreeRefinement_v.rs"
verus failed, reverting
commenting out line Lines { lines: 953..=953 } in "./splinter-tmp/34/betree/LinkedBranch_v/Refinement_v.rs"
verus failed, reverting
commenting out line Lines { lines: 1260..=1260 } in "./splinter-tmp/16/allocation_layer/LikesBetree_v.rs"
verus failed, reverting
commenting out line Lines { lines: 2175..=2175 } in "./splinter-tmp/32/betree/LinkedBetree_v.rs"
verus failed, reverting
commenting out line Lines { lines: 706..=706 } in "./splinter-tmp/31/betree/LinkedBetreeRefinement_v.rs"
verus failed, reverting
commenting out line Lines { lines: 158..=158 } in "./splinter-tmp/42/betree/PivotBranchRefinement_v.rs"
verus failed, reverting
commenting out line Lines { lines: 263..=263 } in "./splinter-tmp/40/betree/PivotBetreeRefinement_v.rs"
verus failed, reverting
commenting out line Lines { lines: 809..=860 } in "./splinter-tmp/29/betree/FilteredBetreeRefinement_v.rs"
verus failed, reverting
commenting out line Lines { lines: 954..=954 } in "./splinter-tmp/34/betree/LinkedBranch_v/Refinement_v.rs"
verus failed, reverting
commenting out line Lines { lines: 1266..=1266 } in "./splinter-tmp/16/allocation_layer/LikesBetree_v.rs"
verus failed, reverting
commenting out line Lines { lines: 2173..=2176 } in "./splinter-tmp/32/betree/LinkedBetree_v.rs"
verus failed, reverting
commenting out line Lines { lines: 707..=707 } in "./splinter-tmp/31/betree/LinkedBetreeRefinement_v.rs"
verus failed, reverting
commenting out line Lines { lines: 178..=178 } in "./splinter-tmp/42/betree/PivotBranchRefinement_v.rs"
verus failed, reverting
commenting out line Lines { lines: 267..=274 } in "./splinter-tmp/40/betree/PivotBetreeRefinement_v.rs"
verus failed, reverting
commenting out line Lines { lines: 955..=955 } in "./splinter-tmp/34/betree/LinkedBranch_v/Refinement_v.rs"
verus failed, reverting
commenting out line Lines { lines: 1271..=1271 } in "./splinter-tmp/16/allocation_layer/LikesBetree_v.rs"
verus failed, reverting
commenting out line Lines { lines: 861..=861 } in "./splinter-tmp/29/betree/FilteredBetreeRefinement_v.rs"
verus failed, reverting
commenting out line Lines { lines: 703..=708 } in "./splinter-tmp/31/betree/LinkedBetreeRefinement_v.rs"
verus failed, reverting
commenting out line Lines { lines: 2179..=2179 } in "./splinter-tmp/32/betree/LinkedBetree_v.rs"
verus failed, reverting
commenting out line Lines { lines: 185..=185 } in "./splinter-tmp/42/betree/PivotBranchRefinement_v.rs"
verus failed, reverting
commenting out line Lines { lines: 961..=961 } in "./splinter-tmp/34/betree/LinkedBranch_v/Refinement_v.rs"
verus succeeded with time: 47472ms
commenting out line Lines { lines: 275..=275 } in "./splinter-tmp/40/betree/PivotBetreeRefinement_v.rs"
verus failed, reverting
commenting out line Lines { lines: 1281..=1281 } in "./splinter-tmp/16/allocation_layer/LikesBetree_v.rs"
verus failed, reverting
commenting out line Lines { lines: 904..=904 } in "./splinter-tmp/29/betree/FilteredBetreeRefinement_v.rs"
verus failed, reverting
commenting out line Lines { lines: 695..=709 } in "./splinter-tmp/31/betree/LinkedBetreeRefinement_v.rs"
verus failed, reverting
commenting out line Lines { lines: 2202..=2202 } in "./splinter-tmp/32/betree/LinkedBetree_v.rs"
verus failed, reverting
commenting out line Lines { lines: 191..=191 } in "./splinter-tmp/42/betree/PivotBranchRefinement_v.rs"
verus failed, reverting
commenting out line Lines { lines: 1004..=1004 } in "./splinter-tmp/34/betree/LinkedBranch_v/Refinement_v.rs"
verus failed, reverting
commenting out line Lines { lines: 1276..=1282 } in "./splinter-tmp/16/allocation_layer/LikesBetree_v.rs"
verus failed, reverting
commenting out line Lines { lines: 907..=907 } in "./splinter-tmp/29/betree/FilteredBetreeRefinement_v.rs"
verus failed, reverting
commenting out line Lines { lines: 714..=714 } in "./splinter-tmp/31/betree/LinkedBetreeRefinement_v.rs"
verus failed, reverting
commenting out line Lines { lines: 2200..=2203 } in "./splinter-tmp/32/betree/LinkedBetree_v.rs"
verus failed, reverting
commenting out line Lines { lines: 303..=303 } in "./splinter-tmp/40/betree/PivotBetreeRefinement_v.rs"
verus failed, reverting
commenting out line Lines { lines: 193..=193 } in "./splinter-tmp/42/betree/PivotBranchRefinement_v.rs"
verus failed, reverting
commenting out line Lines { lines: 1012..=1012 } in "./splinter-tmp/34/betree/LinkedBranch_v/Refinement_v.rs"
verus failed, reverting
commenting out line Lines { lines: 1287..=1287 } in "./splinter-tmp/16/allocation_layer/LikesBetree_v.rs"
verus failed, reverting
commenting out line Lines { lines: 711..=716 } in "./splinter-tmp/31/betree/LinkedBetreeRefinement_v.rs"
verus failed, reverting
commenting out line Lines { lines: 908..=908 } in "./splinter-tmp/29/betree/FilteredBetreeRefinement_v.rs"
verus failed, reverting
commenting out line Lines { lines: 2209..=2209 } in "./splinter-tmp/32/betree/LinkedBetree_v.rs"
verus succeeded with time: 47308ms
commenting out line Lines { lines: 304..=304 } in "./splinter-tmp/40/betree/PivotBetreeRefinement_v.rs"
verus failed, reverting
commenting out line Lines { lines: 181..=196 } in "./splinter-tmp/42/betree/PivotBranchRefinement_v.rs"
verus failed, reverting
commenting out line Lines { lines: 1014..=1014 } in "./splinter-tmp/34/betree/LinkedBranch_v/Refinement_v.rs"
verus failed, reverting
commenting out line Lines { lines: 1305..=1311 } in "./splinter-tmp/16/allocation_layer/LikesBetree_v.rs"
verus failed, reverting
commenting out line Lines { lines: 724..=724 } in "./splinter-tmp/31/betree/LinkedBetreeRefinement_v.rs"
verus failed, reverting
commenting out line Lines { lines: 2212..=2212 } in "./splinter-tmp/32/betree/LinkedBetree_v.rs"
verus failed, reverting
commenting out line Lines { lines: 898..=909 } in "./splinter-tmp/29/betree/FilteredBetreeRefinement_v.rs"
verus failed, reverting
commenting out line Lines { lines: 234..=234 } in "./splinter-tmp/42/betree/PivotBranchRefinement_v.rs"
verus failed, reverting
commenting out line Lines { lines: 313..=313 } in "./splinter-tmp/40/betree/PivotBetreeRefinement_v.rs"
verus failed, reverting
commenting out line Lines { lines: 1011..=1016 } in "./splinter-tmp/34/betree/LinkedBranch_v/Refinement_v.rs"
verus failed, reverting
commenting out line Lines { lines: 1321..=1324 } in "./splinter-tmp/16/allocation_layer/LikesBetree_v.rs"
verus failed, reverting
commenting out line Lines { lines: 725..=725 } in "./splinter-tmp/31/betree/LinkedBetreeRefinement_v.rs"
verus failed, reverting
commenting out line Lines { lines: 2222..=2222 } in "./splinter-tmp/32/betree/LinkedBetree_v.rs"
verus failed, reverting
commenting out line Lines { lines: 913..=913 } in "./splinter-tmp/29/betree/FilteredBetreeRefinement_v.rs"
verus failed, reverting
commenting out line Lines { lines: 240..=240 } in "./splinter-tmp/42/betree/PivotBranchRefinement_v.rs"
verus failed, reverting
commenting out line Lines { lines: 1019..=1019 } in "./splinter-tmp/34/betree/LinkedBranch_v/Refinement_v.rs"
verus failed, reverting
commenting out line Lines { lines: 342..=342 } in "./splinter-tmp/40/betree/PivotBetreeRefinement_v.rs"
verus failed, reverting
commenting out line Lines { lines: 1361..=1361 } in "./splinter-tmp/16/allocation_layer/LikesBetree_v.rs"
verus failed, reverting
commenting out line Lines { lines: 718..=728 } in "./splinter-tmp/31/betree/LinkedBetreeRefinement_v.rs"
verus failed, reverting
verus failed, reverting
commenting out line Lines { lines: 2228..=2228 } in "./splinter-tmp/32/betree/LinkedBetree_v.rs"
commenting out line Lines { lines: 911..=915 } in "./splinter-tmp/29/betree/FilteredBetreeRefinement_v.rs"
verus failed, reverting
commenting out line Lines { lines: 244..=244 } in "./splinter-tmp/42/betree/PivotBranchRefinement_v.rs"
verus failed, reverting
commenting out line Lines { lines: 1021..=1021 } in "./splinter-tmp/34/betree/LinkedBranch_v/Refinement_v.rs"
verus failed, reverting
commenting out line Lines { lines: 1358..=1365 } in "./splinter-tmp/16/allocation_layer/LikesBetree_v.rs"
verus failed, reverting
commenting out line Lines { lines: 351..=357 } in "./splinter-tmp/40/betree/PivotBetreeRefinement_v.rs"
verus failed, reverting
commenting out line Lines { lines: 796..=796 } in "./splinter-tmp/31/betree/LinkedBetreeRefinement_v.rs"
verus failed, reverting
commenting out line Lines { lines: 917..=917 } in "./splinter-tmp/29/betree/FilteredBetreeRefinement_v.rs"
verus failed, reverting
commenting out line Lines { lines: 2214..=2235 } in "./splinter-tmp/32/betree/LinkedBetree_v.rs"
verus failed, reverting
commenting out line Lines { lines: 237..=247 } in "./splinter-tmp/42/betree/PivotBranchRefinement_v.rs"
verus failed, reverting
commenting out line Lines { lines: 1018..=1023 } in "./splinter-tmp/34/betree/LinkedBranch_v/Refinement_v.rs"
verus failed, reverting
commenting out line Lines { lines: 1372..=1373 } in "./splinter-tmp/16/allocation_layer/LikesBetree_v.rs"
verus failed, reverting
verus succeeded with time: 46047ms
commenting out line Lines { lines: 358..=358 } in "./splinter-tmp/40/betree/PivotBetreeRefinement_v.rs"
commenting out line Lines { lines: 835..=835 } in "./splinter-tmp/31/betree/LinkedBetreeRefinement_v.rs"
verus failed, reverting
commenting out line Lines { lines: 935..=935 } in "./splinter-tmp/29/betree/FilteredBetreeRefinement_v.rs"
verus failed, reverting
commenting out line Lines { lines: 2243..=2243 } in "./splinter-tmp/32/betree/LinkedBetree_v.rs"
verus failed, reverting
commenting out line Lines { lines: 248..=248 } in "./splinter-tmp/42/betree/PivotBranchRefinement_v.rs"
verus failed, reverting
commenting out line Lines { lines: 1058..=1058 } in "./splinter-tmp/34/betree/LinkedBranch_v/Refinement_v.rs"
verus failed, reverting
commenting out line Lines { lines: 1377..=1377 } in "./splinter-tmp/16/allocation_layer/LikesBetree_v.rs"
verus failed, reverting
commenting out line Lines { lines: 834..=837 } in "./splinter-tmp/31/betree/LinkedBetreeRefinement_v.rs"
verus failed, reverting
commenting out line Lines { lines: 382..=382 } in "./splinter-tmp/40/betree/PivotBetreeRefinement_v.rs"
verus failed, reverting
commenting out line Lines { lines: 952..=952 } in "./splinter-tmp/29/betree/FilteredBetreeRefinement_v.rs"
verus failed, reverting
commenting out line Lines { lines: 2237..=2251 } in "./splinter-tmp/32/betree/LinkedBetree_v.rs"
verus failed, reverting
commenting out line Lines { lines: 200..=251 } in "./splinter-tmp/42/betree/PivotBranchRefinement_v.rs"
verus failed, reverting
commenting out line Lines { lines: 1059..=1059 } in "./splinter-tmp/34/betree/LinkedBranch_v/Refinement_v.rs"
verus failed, reverting
commenting out line Lines { lines: 1367..=1378 } in "./splinter-tmp/16/allocation_layer/LikesBetree_v.rs"
verus failed, reverting
commenting out line Lines { lines: 841..=841 } in "./splinter-tmp/31/betree/LinkedBetreeRefinement_v.rs"
verus failed, reverting
commenting out line Lines { lines: 405..=420 } in "./splinter-tmp/40/betree/PivotBetreeRefinement_v.rs"
verus failed, reverting
commenting out line Lines { lines: 950..=953 } in "./splinter-tmp/29/betree/FilteredBetreeRefinement_v.rs"
verus failed, reverting
commenting out line Lines { lines: 2270..=2270 } in "./splinter-tmp/32/betree/LinkedBetree_v.rs"
verus failed, reverting
commenting out line Lines { lines: 253..=253 } in "./splinter-tmp/42/betree/PivotBranchRefinement_v.rs"
verus failed, reverting
commenting out line Lines { lines: 1064..=1064 } in "./splinter-tmp/34/betree/LinkedBranch_v/Refinement_v.rs"
verus failed, reverting
commenting out line Lines { lines: 1329..=1379 } in "./splinter-tmp/16/allocation_layer/LikesBetree_v.rs"
verus failed, reverting
commenting out line Lines { lines: 839..=848 } in "./splinter-tmp/31/betree/LinkedBetreeRefinement_v.rs"
verus failed, reverting
commenting out line Lines { lines: 421..=421 } in "./splinter-tmp/40/betree/PivotBetreeRefinement_v.rs"
verus failed, reverting
commenting out line Lines { lines: 2272..=2272 } in "./splinter-tmp/32/betree/LinkedBetree_v.rs"
verus failed, reverting
commenting out line Lines { lines: 990..=990 } in "./splinter-tmp/29/betree/FilteredBetreeRefinement_v.rs"
verus failed, reverting
commenting out line Lines { lines: 276..=276 } in "./splinter-tmp/42/betree/PivotBranchRefinement_v.rs"
verus failed, reverting
commenting out line Lines { lines: 1065..=1065 } in "./splinter-tmp/34/betree/LinkedBranch_v/Refinement_v.rs"
verus failed, reverting
commenting out line Lines { lines: 1448..=1448 } in "./splinter-tmp/16/allocation_layer/LikesBetree_v.rs"
verus failed, reverting
commenting out line Lines { lines: 851..=854 } in "./splinter-tmp/31/betree/LinkedBetreeRefinement_v.rs"
verus failed, reverting
commenting out line Lines { lines: 430..=430 } in "./splinter-tmp/40/betree/PivotBetreeRefinement_v.rs"
verus failed, reverting
commenting out line Lines { lines: 2301..=2302 } in "./splinter-tmp/32/betree/LinkedBetree_v.rs"
verus failed, reverting
commenting out line Lines { lines: 991..=991 } in "./splinter-tmp/29/betree/FilteredBetreeRefinement_v.rs"
verus failed, reverting
commenting out line Lines { lines: 274..=277 } in "./splinter-tmp/42/betree/PivotBranchRefinement_v.rs"
verus failed, reverting
commenting out line Lines { lines: 1082..=1082 } in "./splinter-tmp/34/betree/LinkedBranch_v/Refinement_v.rs"
verus failed, reverting
commenting out line Lines { lines: 1447..=1451 } in "./splinter-tmp/16/allocation_layer/LikesBetree_v.rs"
verus failed, reverting
commenting out line Lines { lines: 863..=863 } in "./splinter-tmp/31/betree/LinkedBetreeRefinement_v.rs"
verus failed, reverting
commenting out line Lines { lines: 2334..=2334 } in "./splinter-tmp/32/betree/LinkedBetree_v.rs"
verus failed, reverting
commenting out line Lines { lines: 445..=445 } in "./splinter-tmp/40/betree/PivotBetreeRefinement_v.rs"
verus failed, reverting
commenting out line Lines { lines: 1028..=1028 } in "./splinter-tmp/29/betree/FilteredBetreeRefinement_v.rs"
verus failed, reverting
commenting out line Lines { lines: 280..=280 } in "./splinter-tmp/42/betree/PivotBranchRefinement_v.rs"
verus failed, reverting
commenting out line Lines { lines: 1124..=1124 } in "./splinter-tmp/34/betree/LinkedBranch_v/Refinement_v.rs"
verus failed, reverting
commenting out line Lines { lines: 1453..=1458 } in "./splinter-tmp/16/allocation_layer/LikesBetree_v.rs"
verus failed, reverting
commenting out line Lines { lines: 864..=864 } in "./splinter-tmp/31/betree/LinkedBetreeRefinement_v.rs"
verus failed, reverting
commenting out line Lines { lines: 2322..=2341 } in "./splinter-tmp/32/betree/LinkedBetree_v.rs"
verus failed, reverting
commenting out line Lines { lines: 458..=458 } in "./splinter-tmp/40/betree/PivotBetreeRefinement_v.rs"
verus failed, reverting
commenting out line Lines { lines: 1042..=1042 } in "./splinter-tmp/29/betree/FilteredBetreeRefinement_v.rs"
verus failed, reverting
commenting out line Lines { lines: 281..=281 } in "./splinter-tmp/42/betree/PivotBranchRefinement_v.rs"
verus failed, reverting
commenting out line Lines { lines: 1177..=1177 } in "./splinter-tmp/34/betree/LinkedBranch_v/Refinement_v.rs"
verus failed, reverting
commenting out line Lines { lines: 1411..=1459 } in "./splinter-tmp/16/allocation_layer/LikesBetree_v.rs"
verus failed, reverting
commenting out line Lines { lines: 860..=874 } in "./splinter-tmp/31/betree/LinkedBetreeRefinement_v.rs"
verus failed, reverting
commenting out line Lines { lines: 2372..=2372 } in "./splinter-tmp/32/betree/LinkedBetree_v.rs"
verus failed, reverting
commenting out line Lines { lines: 464..=464 } in "./splinter-tmp/40/betree/PivotBetreeRefinement_v.rs"
verus failed, reverting
commenting out line Lines { lines: 1043..=1043 } in "./splinter-tmp/29/betree/FilteredBetreeRefinement_v.rs"
verus failed, reverting
commenting out line Lines { lines: 279..=282 } in "./splinter-tmp/42/betree/PivotBranchRefinement_v.rs"
verus failed, reverting
commenting out line Lines { lines: 1201..=1201 } in "./splinter-tmp/34/betree/LinkedBranch_v/Refinement_v.rs"
verus failed, reverting
commenting out line Lines { lines: 1462..=1465 } in "./splinter-tmp/16/allocation_layer/LikesBetree_v.rs"
verus failed, reverting
commenting out line Lines { lines: 875..=875 } in "./splinter-tmp/31/betree/LinkedBetreeRefinement_v.rs"
verus failed, reverting
commenting out line Lines { lines: 2413..=2413 } in "./splinter-tmp/32/betree/LinkedBetree_v.rs"
verus failed, reverting
commenting out line Lines { lines: 481..=481 } in "./splinter-tmp/40/betree/PivotBetreeRefinement_v.rs"
verus failed, reverting
commenting out line Lines { lines: 1039..=1044 } in "./splinter-tmp/29/betree/FilteredBetreeRefinement_v.rs"
verus failed, reverting
commenting out line Lines { lines: 337..=337 } in "./splinter-tmp/42/betree/PivotBranchRefinement_v.rs"
verus failed, reverting
commenting out line Lines { lines: 1205..=1205 } in "./splinter-tmp/34/betree/LinkedBranch_v/Refinement_v.rs"
verus failed, reverting
commenting out line Lines { lines: 1516..=1516 } in "./splinter-tmp/16/allocation_layer/LikesBetree_v.rs"
verus failed, reverting
commenting out line Lines { lines: 963..=963 } in "./splinter-tmp/31/betree/LinkedBetreeRefinement_v.rs"
verus failed, reverting
commenting out line Lines { lines: 2418..=2418 } in "./splinter-tmp/32/betree/LinkedBetree_v.rs"
verus failed, reverting
commenting out line Lines { lines: 515..=518 } in "./splinter-tmp/40/betree/PivotBetreeRefinement_v.rs"
verus failed, reverting
commenting out line Lines { lines: 1045..=1045 } in "./splinter-tmp/29/betree/FilteredBetreeRefinement_v.rs"
verus failed, reverting
commenting out line Lines { lines: 1207..=1207 } in "./splinter-tmp/34/betree/LinkedBranch_v/Refinement_v.rs"
verus failed, reverting
commenting out line Lines { lines: 321..=356 } in "./splinter-tmp/42/betree/PivotBranchRefinement_v.rs"
verus failed, reverting
commenting out line Lines { lines: 997..=997 } in "./splinter-tmp/31/betree/LinkedBetreeRefinement_v.rs"
verus failed, reverting
commenting out line Lines { lines: 1517..=1517 } in "./splinter-tmp/16/allocation_layer/LikesBetree_v.rs"
verus failed, reverting
commenting out line Lines { lines: 2408..=2421 } in "./splinter-tmp/32/betree/LinkedBetree_v.rs"
verus failed, reverting
commenting out line Lines { lines: 522..=522 } in "./splinter-tmp/40/betree/PivotBetreeRefinement_v.rs"
verus failed, reverting
commenting out line Lines { lines: 1063..=1063 } in "./splinter-tmp/29/betree/FilteredBetreeRefinement_v.rs"
verus failed, reverting
commenting out line Lines { lines: 1208..=1208 } in "./splinter-tmp/34/betree/LinkedBranch_v/Refinement_v.rs"
verus failed, reverting
commenting out line Lines { lines: 358..=358 } in "./splinter-tmp/42/betree/PivotBranchRefinement_v.rs"
verus failed, reverting
commenting out line Lines { lines: 998..=998 } in "./splinter-tmp/31/betree/LinkedBetreeRefinement_v.rs"
verus failed, reverting
commenting out line Lines { lines: 1519..=1527 } in "./splinter-tmp/16/allocation_layer/LikesBetree_v.rs"
verus failed, reverting
commenting out line Lines { lines: 2463..=2463 } in "./splinter-tmp/32/betree/LinkedBetree_v.rs"
verus failed, reverting
commenting out line Lines { lines: 520..=524 } in "./splinter-tmp/40/betree/PivotBetreeRefinement_v.rs"
verus failed, reverting
commenting out line Lines { lines: 1071..=1071 } in "./splinter-tmp/29/betree/FilteredBetreeRefinement_v.rs"
verus failed, reverting
commenting out line Lines { lines: 1228..=1228 } in "./splinter-tmp/34/betree/LinkedBranch_v/Refinement_v.rs"
verus failed, reverting
commenting out line Lines { lines: 390..=390 } in "./splinter-tmp/42/betree/PivotBranchRefinement_v.rs"
verus failed, reverting
commenting out line Lines { lines: 994..=1000 } in "./splinter-tmp/31/betree/LinkedBetreeRefinement_v.rs"
verus failed, reverting
commenting out line Lines { lines: 1497..=1528 } in "./splinter-tmp/16/allocation_layer/LikesBetree_v.rs"
verus failed, reverting
commenting out line Lines { lines: 2481..=2481 } in "./splinter-tmp/32/betree/LinkedBetree_v.rs"
verus failed, reverting
commenting out line Lines { lines: 528..=528 } in "./splinter-tmp/40/betree/PivotBetreeRefinement_v.rs"
verus failed, reverting
commenting out line Lines { lines: 1072..=1072 } in "./splinter-tmp/29/betree/FilteredBetreeRefinement_v.rs"
verus failed, reverting
commenting out line Lines { lines: 383..=435 } in "./splinter-tmp/42/betree/PivotBranchRefinement_v.rs"
verus failed, reverting
commenting out line Lines { lines: 1303..=1303 } in "./splinter-tmp/34/betree/LinkedBranch_v/Refinement_v.rs"
verus failed, reverting
commenting out line Lines { lines: 1002..=1002 } in "./splinter-tmp/31/betree/LinkedBetreeRefinement_v.rs"
verus failed, reverting
commenting out line Lines { lines: 1531..=1534 } in "./splinter-tmp/16/allocation_layer/LikesBetree_v.rs"
verus failed, reverting
commenting out line Lines { lines: 2484..=2484 } in "./splinter-tmp/32/betree/LinkedBetree_v.rs"
verus failed, reverting
commenting out line Lines { lines: 526..=529 } in "./splinter-tmp/40/betree/PivotBetreeRefinement_v.rs"
verus failed, reverting
commenting out line Lines { lines: 1068..=1073 } in "./splinter-tmp/29/betree/FilteredBetreeRefinement_v.rs"
verus failed, reverting
commenting out line Lines { lines: 1325..=1325 } in "./splinter-tmp/34/betree/LinkedBranch_v/Refinement_v.rs"
verus failed, reverting
commenting out line Lines { lines: 437..=437 } in "./splinter-tmp/42/betree/PivotBranchRefinement_v.rs"
verus failed, reverting
commenting out line Lines { lines: 1004..=1004 } in "./splinter-tmp/31/betree/LinkedBetreeRefinement_v.rs"
verus failed, reverting
commenting out line Lines { lines: 1620..=1620 } in "./splinter-tmp/16/allocation_layer/LikesBetree_v.rs"
verus failed, reverting
commenting out line Lines { lines: 2486..=2486 } in "./splinter-tmp/32/betree/LinkedBetree_v.rs"
verus failed, reverting
commenting out line Lines { lines: 572..=572 } in "./splinter-tmp/40/betree/PivotBetreeRefinement_v.rs"
verus failed, reverting
commenting out line Lines { lines: 1074..=1074 } in "./splinter-tmp/29/betree/FilteredBetreeRefinement_v.rs"
verus failed, reverting
commenting out line Lines { lines: 483..=483 } in "./splinter-tmp/42/betree/PivotBranchRefinement_v.rs"
verus failed, reverting
commenting out line Lines { lines: 1327..=1327 } in "./splinter-tmp/34/betree/LinkedBranch_v/Refinement_v.rs"
verus failed, reverting
commenting out line Lines { lines: 1007..=1007 } in "./splinter-tmp/31/betree/LinkedBetreeRefinement_v.rs"
verus failed, reverting
commenting out line Lines { lines: 1632..=1636 } in "./splinter-tmp/16/allocation_layer/LikesBetree_v.rs"
verus succeeded with time: 47686ms
commenting out line Lines { lines: 2476..=2489 } in "./splinter-tmp/32/betree/LinkedBetree_v.rs"
verus failed, reverting
commenting out line Lines { lines: 620..=620 } in "./splinter-tmp/40/betree/PivotBetreeRefinement_v.rs"
verus failed, reverting
commenting out line Lines { lines: 1169..=1169 } in "./splinter-tmp/29/betree/FilteredBetreeRefinement_v.rs"
verus failed, reverting
commenting out line Lines { lines: 484..=484 } in "./splinter-tmp/42/betree/PivotBranchRefinement_v.rs"
verus failed, reverting
commenting out line Lines { lines: 1351..=1351 } in "./splinter-tmp/34/betree/LinkedBranch_v/Refinement_v.rs"
verus failed, reverting
commenting out line Lines { lines: 1151..=1151 } in "./splinter-tmp/31/betree/LinkedBetreeRefinement_v.rs"
verus failed, reverting
minimization of ./splinter-tmp/31/betree/LinkedBetreeRefinement_v.rs is completed
minimization of ./splinter-tmp/43/betree/PivotBranch_v.rs is completed
commenting out line Lines { lines: 97..=97 } in "./splinter-tmp/44/betree/PivotTable_v.rs"
verus failed, reverting
commenting out line Lines { lines: 1646..=1646 } in "./splinter-tmp/16/allocation_layer/LikesBetree_v.rs"
verus failed, reverting
commenting out line Lines { lines: 2553..=2560 } in "./splinter-tmp/32/betree/LinkedBetree_v.rs"
verus failed, reverting
commenting out line Lines { lines: 621..=621 } in "./splinter-tmp/40/betree/PivotBetreeRefinement_v.rs"
verus failed, reverting
commenting out line Lines { lines: 1171..=1171 } in "./splinter-tmp/29/betree/FilteredBetreeRefinement_v.rs"
verus failed, reverting
commenting out line Lines { lines: 522..=522 } in "./splinter-tmp/42/betree/PivotBranchRefinement_v.rs"
verus failed, reverting
commenting out line Lines { lines: 1347..=1354 } in "./splinter-tmp/34/betree/LinkedBranch_v/Refinement_v.rs"
verus failed, reverting
commenting out line Lines { lines: 99..=99 } in "./splinter-tmp/44/betree/PivotTable_v.rs"
verus failed, reverting
commenting out line Lines { lines: 1653..=1653 } in "./splinter-tmp/16/allocation_layer/LikesBetree_v.rs"
verus failed, reverting
commenting out line Lines { lines: 2571..=2571 } in "./splinter-tmp/32/betree/LinkedBetree_v.rs"
verus failed, reverting
commenting out line Lines { lines: 1263..=1263 } in "./splinter-tmp/29/betree/FilteredBetreeRefinement_v.rs"
verus failed, reverting
verus failed, reverting
commenting out line Lines { lines: 523..=523 } in "./splinter-tmp/42/betree/PivotBranchRefinement_v.rs"
minimization of ./splinter-tmp/29/betree/FilteredBetreeRefinement_v.rs is completed
minimization of ./splinter-tmp/45/betree/SplitRequest_v.rs is completed
verus failed, reverting
commenting out line Lines { lines: 667..=669 } in "./splinter-tmp/40/betree/PivotBetreeRefinement_v.rs"
commenting out line Lines { lines: 29..=29 } in "./splinter-tmp/46/betree/Utils_v.rs"
verus failed, reverting
commenting out line Lines { lines: 1358..=1358 } in "./splinter-tmp/34/betree/LinkedBranch_v/Refinement_v.rs"
verus failed, reverting
commenting out line Lines { lines: 93..=101 } in "./splinter-tmp/44/betree/PivotTable_v.rs"
verus failed, reverting
commenting out line Lines { lines: 1651..=1655 } in "./splinter-tmp/16/allocation_layer/LikesBetree_v.rs"
verus failed, reverting
commenting out line Lines { lines: 2566..=2584 } in "./splinter-tmp/32/betree/LinkedBetree_v.rs"
verus failed, reverting
commenting out line Lines { lines: 32..=32 } in "./splinter-tmp/46/betree/Utils_v.rs"
verus failed, reverting
commenting out line Lines { lines: 712..=712 } in "./splinter-tmp/40/betree/PivotBetreeRefinement_v.rs"
verus failed, reverting
commenting out line Lines { lines: 526..=526 } in "./splinter-tmp/42/betree/PivotBranchRefinement_v.rs"
verus failed, reverting
commenting out line Lines { lines: 1360..=1360 } in "./splinter-tmp/34/betree/LinkedBranch_v/Refinement_v.rs"
verus failed, reverting
minimization of ./splinter-tmp/44/betree/PivotTable_v.rs is completed
minimization of ./splinter-tmp/47/disk.rs is completed
minimization of ./splinter-tmp/48/disk/GenericDisk_v.rs is completed
minimization of ./splinter-tmp/49/journal.rs is completed
verus failed, reverting
commenting out line Lines { lines: 1662..=1665 } in "./splinter-tmp/16/allocation_layer/LikesBetree_v.rs"
commenting out line Lines { lines: 52..=52 } in "./splinter-tmp/50/journal/LinkedJournalRefinement_v.rs"
verus failed, reverting
minimization of ./splinter-tmp/32/betree/LinkedBetree_v.rs is completed
commenting out line Lines { lines: 200..=200 } in "./splinter-tmp/51/journal/LinkedJournal_v.rs"
verus failed, reverting
commenting out line Lines { lines: 722..=722 } in "./splinter-tmp/40/betree/PivotBetreeRefinement_v.rs"
verus failed, reverting
commenting out line Lines { lines: 60..=60 } in "./splinter-tmp/46/betree/Utils_v.rs"
verus failed, reverting
commenting out line Lines { lines: 1361..=1366 } in "./splinter-tmp/34/betree/LinkedBranch_v/Refinement_v.rs"
verus failed, reverting
commenting out line Lines { lines: 541..=541 } in "./splinter-tmp/42/betree/PivotBranchRefinement_v.rs"
verus failed, reverting
commenting out line Lines { lines: 1670..=1670 } in "./splinter-tmp/16/allocation_layer/LikesBetree_v.rs"
verus failed, reverting
commenting out line Lines { lines: 62..=62 } in "./splinter-tmp/50/journal/LinkedJournalRefinement_v.rs"
verus failed, reverting
commenting out line Lines { lines: 198..=202 } in "./splinter-tmp/51/journal/LinkedJournal_v.rs"
verus failed, reverting
commenting out line Lines { lines: 733..=733 } in "./splinter-tmp/40/betree/PivotBetreeRefinement_v.rs"
verus failed, reverting
commenting out line Lines { lines: 65..=65 } in "./splinter-tmp/46/betree/Utils_v.rs"
verus failed, reverting
commenting out line Lines { lines: 1356..=1367 } in "./splinter-tmp/34/betree/LinkedBranch_v/Refinement_v.rs"
verus failed, reverting
commenting out line Lines { lines: 542..=542 } in "./splinter-tmp/42/betree/PivotBranchRefinement_v.rs"
verus failed, reverting
commenting out line Lines { lines: 1671..=1672 } in "./splinter-tmp/16/allocation_layer/LikesBetree_v.rs"
verus failed, reverting
commenting out line Lines { lines: 81..=81 } in "./splinter-tmp/50/journal/LinkedJournalRefinement_v.rs"
verus failed, reverting
commenting out line Lines { lines: 197..=203 } in "./splinter-tmp/51/journal/LinkedJournal_v.rs"
verus failed, reverting
commenting out line Lines { lines: 754..=754 } in "./splinter-tmp/40/betree/PivotBetreeRefinement_v.rs"
verus failed, reverting
commenting out line Lines { lines: 54..=68 } in "./splinter-tmp/46/betree/Utils_v.rs"
verus failed, reverting
commenting out line Lines { lines: 1371..=1371 } in "./splinter-tmp/34/betree/LinkedBranch_v/Refinement_v.rs"
verus failed, reverting
commenting out line Lines { lines: 544..=544 } in "./splinter-tmp/42/betree/PivotBranchRefinement_v.rs"
verus failed, reverting
commenting out line Lines { lines: 1657..=1673 } in "./splinter-tmp/16/allocation_layer/LikesBetree_v.rs"
verus failed, reverting
commenting out line Lines { lines: 82..=82 } in "./splinter-tmp/50/journal/LinkedJournalRefinement_v.rs"
verus failed, reverting
commenting out line Lines { lines: 337..=337 } in "./splinter-tmp/51/journal/LinkedJournal_v.rs"
verus failed, reverting
commenting out line Lines { lines: 756..=756 } in "./splinter-tmp/40/betree/PivotBetreeRefinement_v.rs"
verus failed, reverting
commenting out line Lines { lines: 69..=69 } in "./splinter-tmp/46/betree/Utils_v.rs"
verus failed, reverting
commenting out line Lines { lines: 1373..=1373 } in "./splinter-tmp/34/betree/LinkedBranch_v/Refinement_v.rs"
verus failed, reverting
commenting out line Lines { lines: 178..=178 } in "./splinter-tmp/50/journal/LinkedJournalRefinement_v.rs"
verus failed, reverting
commenting out line Lines { lines: 1676..=1696 } in "./splinter-tmp/16/allocation_layer/LikesBetree_v.rs"
verus failed, reverting
commenting out line Lines { lines: 534..=550 } in "./splinter-tmp/42/betree/PivotBranchRefinement_v.rs"
verus failed, reverting
commenting out line Lines { lines: 339..=339 } in "./splinter-tmp/51/journal/LinkedJournal_v.rs"
verus failed, reverting
commenting out line Lines { lines: 770..=770 } in "./splinter-tmp/40/betree/PivotBetreeRefinement_v.rs"
verus failed, reverting
commenting out line Lines { lines: 1374..=1379 } in "./splinter-tmp/34/betree/LinkedBranch_v/Refinement_v.rs"
verus failed, reverting
commenting out line Lines { lines: 79..=79 } in "./splinter-tmp/46/betree/Utils_v.rs"
verus failed, reverting
commenting out line Lines { lines: 216..=216 } in "./splinter-tmp/50/journal/LinkedJournalRefinement_v.rs"
verus failed, reverting
commenting out line Lines { lines: 557..=557 } in "./splinter-tmp/42/betree/PivotBranchRefinement_v.rs"
verus failed, reverting
commenting out line Lines { lines: 1706..=1707 } in "./splinter-tmp/16/allocation_layer/LikesBetree_v.rs"
verus failed, reverting
commenting out line Lines { lines: 378..=383 } in "./splinter-tmp/51/journal/LinkedJournal_v.rs"
verus failed, reverting
commenting out line Lines { lines: 771..=771 } in "./splinter-tmp/40/betree/PivotBetreeRefinement_v.rs"
verus failed, reverting
commenting out line Lines { lines: 1369..=1380 } in "./splinter-tmp/34/betree/LinkedBranch_v/Refinement_v.rs"
verus failed, reverting
minimization of ./splinter-tmp/46/betree/Utils_v.rs is completed
commenting out line Lines { lines: 91..=101 } in "./splinter-tmp/52/journal/PagedJournalRefinement_v.rs"
verus failed, reverting
commenting out line Lines { lines: 276..=276 } in "./splinter-tmp/50/journal/LinkedJournalRefinement_v.rs"
verus failed, reverting
commenting out line Lines { lines: 565..=565 } in "./splinter-tmp/42/betree/PivotBranchRefinement_v.rs"
verus failed, reverting
commenting out line Lines { lines: 1711..=1711 } in "./splinter-tmp/16/allocation_layer/LikesBetree_v.rs"
verus failed, reverting
commenting out line Lines { lines: 447..=447 } in "./splinter-tmp/51/journal/LinkedJournal_v.rs"
verus failed, reverting
commenting out line Lines { lines: 792..=792 } in "./splinter-tmp/40/betree/PivotBetreeRefinement_v.rs"
verus failed, reverting
commenting out line Lines { lines: 134..=138 } in "./splinter-tmp/52/journal/PagedJournalRefinement_v.rs"
verus failed, reverting
commenting out line Lines { lines: 1404..=1404 } in "./splinter-tmp/34/betree/LinkedBranch_v/Refinement_v.rs"
verus failed, reverting
commenting out line Lines { lines: 566..=566 } in "./splinter-tmp/42/betree/PivotBranchRefinement_v.rs"
verus failed, reverting
commenting out line Lines { lines: 286..=286 } in "./splinter-tmp/50/journal/LinkedJournalRefinement_v.rs"
verus failed, reverting
commenting out line Lines { lines: 448..=459 } in "./splinter-tmp/51/journal/LinkedJournal_v.rs"
verus failed, reverting
commenting out line Lines { lines: 1726..=1727 } in "./splinter-tmp/16/allocation_layer/LikesBetree_v.rs"
verus failed, reverting
commenting out line Lines { lines: 813..=813 } in "./splinter-tmp/40/betree/PivotBetreeRefinement_v.rs"
verus failed, reverting
commenting out line Lines { lines: 1395..=1407 } in "./splinter-tmp/34/betree/LinkedBranch_v/Refinement_v.rs"
verus failed, reverting
commenting out line Lines { lines: 186..=186 } in "./splinter-tmp/52/journal/PagedJournalRefinement_v.rs"
verus failed, reverting
commenting out line Lines { lines: 312..=312 } in "./splinter-tmp/50/journal/LinkedJournalRefinement_v.rs"
verus failed, reverting
commenting out line Lines { lines: 568..=568 } in "./splinter-tmp/42/betree/PivotBranchRefinement_v.rs"
verus failed, reverting
commenting out line Lines { lines: 480..=480 } in "./splinter-tmp/51/journal/LinkedJournal_v.rs"
verus failed, reverting
commenting out line Lines { lines: 1698..=1730 } in "./splinter-tmp/16/allocation_layer/LikesBetree_v.rs"
verus failed, reverting
commenting out line Lines { lines: 825..=825 } in "./splinter-tmp/40/betree/PivotBetreeRefinement_v.rs"
verus failed, reverting
commenting out line Lines { lines: 1427..=1427 } in "./splinter-tmp/34/betree/LinkedBranch_v/Refinement_v.rs"
verus failed, reverting
commenting out line Lines { lines: 256..=256 } in "./splinter-tmp/52/journal/PagedJournalRefinement_v.rs"
verus failed, reverting
commenting out line Lines { lines: 392..=393 } in "./splinter-tmp/50/journal/LinkedJournalRefinement_v.rs"
verus failed, reverting
commenting out line Lines { lines: 552..=573 } in "./splinter-tmp/42/betree/PivotBranchRefinement_v.rs"
verus failed, reverting
commenting out line Lines { lines: 498..=498 } in "./splinter-tmp/51/journal/LinkedJournal_v.rs"
verus failed, reverting
commenting out line Lines { lines: 1732..=1733 } in "./splinter-tmp/16/allocation_layer/LikesBetree_v.rs"
verus failed, reverting
commenting out line Lines { lines: 845..=845 } in "./splinter-tmp/40/betree/PivotBetreeRefinement_v.rs"
verus failed, reverting
commenting out line Lines { lines: 1419..=1431 } in "./splinter-tmp/34/betree/LinkedBranch_v/Refinement_v.rs"
verus failed, reverting
commenting out line Lines { lines: 420..=420 } in "./splinter-tmp/52/journal/PagedJournalRefinement_v.rs"
verus failed, reverting
commenting out line Lines { lines: 442..=453 } in "./splinter-tmp/50/journal/LinkedJournalRefinement_v.rs"
verus failed, reverting
minimization of ./splinter-tmp/40/betree/PivotBetreeRefinement_v.rs is completed
commenting out line Lines { lines: 151..=156 } in "./splinter-tmp/53/journal/PagedJournal_v.rs"
verus failed, reverting
commenting out line Lines { lines: 579..=579 } in "./splinter-tmp/42/betree/PivotBranchRefinement_v.rs"
verus failed, reverting
minimization of ./splinter-tmp/16/allocation_layer/LikesBetree_v.rs is completed
minimization of ./splinter-tmp/54/spec.rs is completed
minimization of ./splinter-tmp/55/spec/AsyncDisk_t.rs is completed
minimization of ./splinter-tmp/56/spec/ImplDisk_t.rs is completed
minimization of ./splinter-tmp/57/spec/SystemModel_t.rs is completed
commenting out line Lines { lines: 185..=185 } in "./splinter-tmp/58/spec/FloatingSeq_t.rs"
verus succeeded with time: 47687ms
commenting out line Lines { lines: 503..=503 } in "./splinter-tmp/51/journal/LinkedJournal_v.rs"
verus failed, reverting
commenting out line Lines { lines: 1448..=1448 } in "./splinter-tmp/34/betree/LinkedBranch_v/Refinement_v.rs"
verus failed, reverting
commenting out line Lines { lines: 439..=439 } in "./splinter-tmp/52/journal/PagedJournalRefinement_v.rs"
verus failed, reverting
commenting out line Lines { lines: 457..=462 } in "./splinter-tmp/50/journal/LinkedJournalRefinement_v.rs"
verus failed, reverting
minimization of ./splinter-tmp/53/journal/PagedJournal_v.rs is completed
commenting out line Lines { lines: 124..=124 } in "./splinter-tmp/59/spec/KeyType_t.rs"
verus failed, reverting
commenting out line Lines { lines: 585..=585 } in "./splinter-tmp/42/betree/PivotBranchRefinement_v.rs"
verus failed, reverting
commenting out line Lines { lines: 495..=513 } in "./splinter-tmp/51/journal/LinkedJournal_v.rs"
verus failed, reverting
commenting out line Lines { lines: 183..=186 } in "./splinter-tmp/58/spec/FloatingSeq_t.rs"
verus failed, reverting
commenting out line Lines { lines: 468..=468 } in "./splinter-tmp/52/journal/PagedJournalRefinement_v.rs"
verus failed, reverting
commenting out line Lines { lines: 1469..=1469 } in "./splinter-tmp/34/betree/LinkedBranch_v/Refinement_v.rs"
verus failed, reverting
commenting out line Lines { lines: 470..=470 } in "./splinter-tmp/50/journal/LinkedJournalRefinement_v.rs"
verus failed, reverting
commenting out line Lines { lines: 122..=126 } in "./splinter-tmp/59/spec/KeyType_t.rs"
verus failed, reverting
commenting out line Lines { lines: 586..=586 } in "./splinter-tmp/42/betree/PivotBranchRefinement_v.rs"
verus failed, reverting
commenting out line Lines { lines: 517..=517 } in "./splinter-tmp/51/journal/LinkedJournal_v.rs"
verus failed, reverting
commenting out line Lines { lines: 187..=187 } in "./splinter-tmp/58/spec/FloatingSeq_t.rs"
verus failed, reverting
commenting out line Lines { lines: 1470..=1470 } in "./splinter-tmp/34/betree/LinkedBranch_v/Refinement_v.rs"
verus failed, reverting
commenting out line Lines { lines: 484..=484 } in "./splinter-tmp/52/journal/PagedJournalRefinement_v.rs"
verus failed, reverting
commenting out line Lines { lines: 558..=558 } in "./splinter-tmp/50/journal/LinkedJournalRefinement_v.rs"
verus failed, reverting
commenting out line Lines { lines: 135..=135 } in "./splinter-tmp/59/spec/KeyType_t.rs"
verus failed, reverting
commenting out line Lines { lines: 588..=588 } in "./splinter-tmp/42/betree/PivotBranchRefinement_v.rs"
verus failed, reverting
commenting out line Lines { lines: 526..=526 } in "./splinter-tmp/51/journal/LinkedJournal_v.rs"
verus failed, reverting
commenting out line Lines { lines: 210..=210 } in "./splinter-tmp/58/spec/FloatingSeq_t.rs"
verus failed, reverting
commenting out line Lines { lines: 1473..=1480 } in "./splinter-tmp/34/betree/LinkedBranch_v/Refinement_v.rs"
verus failed, reverting
commenting out line Lines { lines: 510..=510 } in "./splinter-tmp/52/journal/PagedJournalRefinement_v.rs"
verus failed, reverting
commenting out line Lines { lines: 603..=603 } in "./splinter-tmp/50/journal/LinkedJournalRefinement_v.rs"
verus failed, reverting
commenting out line Lines { lines: 133..=139 } in "./splinter-tmp/59/spec/KeyType_t.rs"
verus failed, reverting
commenting out line Lines { lines: 575..=594 } in "./splinter-tmp/42/betree/PivotBranchRefinement_v.rs"
verus failed, reverting
commenting out line Lines { lines: 482..=527 } in "./splinter-tmp/51/journal/LinkedJournal_v.rs"
verus failed, reverting
commenting out line Lines { lines: 205..=212 } in "./splinter-tmp/58/spec/FloatingSeq_t.rs"
verus failed, reverting
commenting out line Lines { lines: 1481..=1481 } in "./splinter-tmp/34/betree/LinkedBranch_v/Refinement_v.rs"
verus failed, reverting
commenting out line Lines { lines: 514..=514 } in "./splinter-tmp/52/journal/PagedJournalRefinement_v.rs"
verus failed, reverting
commenting out line Lines { lines: 630..=630 } in "./splinter-tmp/50/journal/LinkedJournalRefinement_v.rs"
verus failed, reverting
commenting out line Lines { lines: 317..=317 } in "./splinter-tmp/59/spec/KeyType_t.rs"
verus failed, reverting
commenting out line Lines { lines: 603..=603 } in "./splinter-tmp/42/betree/PivotBranchRefinement_v.rs"
verus failed, reverting
commenting out line Lines { lines: 481..=530 } in "./splinter-tmp/51/journal/LinkedJournal_v.rs"
verus failed, reverting
minimization of ./splinter-tmp/58/spec/FloatingSeq_t.rs is completed
minimization of ./splinter-tmp/60/spec/MapSpec_t.rs is completed
minimization of ./splinter-tmp/61/spec/Messages_t.rs is completed
commenting out line Lines { lines: 75..=79 } in "./splinter-tmp/62/spec/TotalKMMap_t.rs"
verus failed, reverting
commenting out line Lines { lines: 1508..=1508 } in "./splinter-tmp/34/betree/LinkedBranch_v/Refinement_v.rs"
verus failed, reverting
commenting out line Lines { lines: 524..=524 } in "./splinter-tmp/52/journal/PagedJournalRefinement_v.rs"
verus failed, reverting
commenting out line Lines { lines: 312..=319 } in "./splinter-tmp/59/spec/KeyType_t.rs"
verus failed, reverting
commenting out line Lines { lines: 636..=636 } in "./splinter-tmp/50/journal/LinkedJournalRefinement_v.rs"
verus failed, reverting
commenting out line Lines { lines: 612..=612 } in "./splinter-tmp/42/betree/PivotBranchRefinement_v.rs"
verus failed, reverting
commenting out line Lines { lines: 586..=586 } in "./splinter-tmp/51/journal/LinkedJournal_v.rs"
verus failed, reverting
minimization of ./splinter-tmp/62/spec/TotalKMMap_t.rs is completed
minimization of ./splinter-tmp/63/exec.rs is completed
commenting out line Lines { lines: 70..=70 } in "./splinter-tmp/64/exec/MiniAllocator_v.rs"
verus failed, reverting
commenting out line Lines { lines: 1507..=1516 } in "./splinter-tmp/34/betree/LinkedBranch_v/Refinement_v.rs"
verus failed, reverting
commenting out line Lines { lines: 526..=526 } in "./splinter-tmp/52/journal/PagedJournalRefinement_v.rs"
verus failed, reverting
commenting out line Lines { lines: 347..=347 } in "./splinter-tmp/59/spec/KeyType_t.rs"
verus failed, reverting
commenting out line Lines { lines: 639..=639 } in "./splinter-tmp/50/journal/LinkedJournalRefinement_v.rs"
verus failed, reverting
commenting out line Lines { lines: 613..=613 } in "./splinter-tmp/42/betree/PivotBranchRefinement_v.rs"
verus failed, reverting
commenting out line Lines { lines: 584..=588 } in "./splinter-tmp/51/journal/LinkedJournal_v.rs"
verus failed, reverting
minimization of ./splinter-tmp/52/journal/PagedJournalRefinement_v.rs is completed
verus failed, reverting
commenting out line Lines { lines: 83..=83 } in "./splinter-tmp/64/exec/MiniAllocator_v.rs"
verus failed, reverting
commenting out line Lines { lines: 1532..=1532 } in "./splinter-tmp/34/betree/LinkedBranch_v/Refinement_v.rs"
verus failed, reverting
commenting out line Lines { lines: 355..=355 } in "./splinter-tmp/59/spec/KeyType_t.rs"
verus failed, reverting
commenting out line Lines { lines: 646..=646 } in "./splinter-tmp/50/journal/LinkedJournalRefinement_v.rs"
verus failed, reverting
commenting out line Lines { lines: 615..=615 } in "./splinter-tmp/42/betree/PivotBranchRefinement_v.rs"
verus failed, reverting
commenting out line Lines { lines: 713..=713 } in "./splinter-tmp/51/journal/LinkedJournal_v.rs"
verus failed, reverting
commenting out line Lines { lines: 92..=92 } in "./splinter-tmp/64/exec/MiniAllocator_v.rs"
verus failed, reverting
commenting out line Lines { lines: 1533..=1533 } in "./splinter-tmp/34/betree/LinkedBranch_v/Refinement_v.rs"
verus failed, reverting
commenting out line Lines { lines: 353..=356 } in "./splinter-tmp/59/spec/KeyType_t.rs"
verus failed, reverting
commenting out line Lines { lines: 649..=649 } in "./splinter-tmp/50/journal/LinkedJournalRefinement_v.rs"
verus failed, reverting
commenting out line Lines { lines: 944..=944 } in "./splinter-tmp/51/journal/LinkedJournal_v.rs"
verus failed, reverting
commenting out line Lines { lines: 596..=620 } in "./splinter-tmp/42/betree/PivotBranchRefinement_v.rs"
verus failed, reverting
commenting out line Lines { lines: 173..=173 } in "./splinter-tmp/64/exec/MiniAllocator_v.rs"
verus failed, reverting
commenting out line Lines { lines: 1528..=1538 } in "./splinter-tmp/34/betree/LinkedBranch_v/Refinement_v.rs"
verus failed, reverting
commenting out line Lines { lines: 360..=360 } in "./splinter-tmp/59/spec/KeyType_t.rs"
verus failed, reverting
commenting out line Lines { lines: 651..=651 } in "./splinter-tmp/50/journal/LinkedJournalRefinement_v.rs"
verus failed, reverting
minimization of ./splinter-tmp/51/journal/LinkedJournal_v.rs is completed
verus failed, reverting
commenting out line Lines { lines: 663..=663 } in "./splinter-tmp/42/betree/PivotBranchRefinement_v.rs"
verus failed, reverting
minimization of ./splinter-tmp/50/journal/LinkedJournalRefinement_v.rs is completed
verus failed, reverting
commenting out line Lines { lines: 192..=192 } in "./splinter-tmp/64/exec/MiniAllocator_v.rs"
verus failed, reverting
commenting out line Lines { lines: 1543..=1543 } in "./splinter-tmp/34/betree/LinkedBranch_v/Refinement_v.rs"
verus failed, reverting
commenting out line Lines { lines: 370..=370 } in "./splinter-tmp/59/spec/KeyType_t.rs"
verus failed, reverting
commenting out line Lines { lines: 665..=671 } in "./splinter-tmp/42/betree/PivotBranchRefinement_v.rs"
verus failed, reverting
minimization of ./splinter-tmp/64/exec/MiniAllocator_v.rs is completed
verus failed, reverting
commenting out line Lines { lines: 1544..=1544 } in "./splinter-tmp/34/betree/LinkedBranch_v/Refinement_v.rs"
verus failed, reverting
minimization of ./splinter-tmp/59/spec/KeyType_t.rs is completed
verus failed, reverting
commenting out line Lines { lines: 715..=715 } in "./splinter-tmp/42/betree/PivotBranchRefinement_v.rs"
verus failed, reverting
commenting out line Lines { lines: 1540..=1549 } in "./splinter-tmp/34/betree/LinkedBranch_v/Refinement_v.rs"
verus failed, reverting
commenting out line Lines { lines: 749..=749 } in "./splinter-tmp/42/betree/PivotBranchRefinement_v.rs"
verus failed, reverting
commenting out line Lines { lines: 1569..=1569 } in "./splinter-tmp/34/betree/LinkedBranch_v/Refinement_v.rs"
verus failed, reverting
commenting out line Lines { lines: 754..=755 } in "./splinter-tmp/42/betree/PivotBranchRefinement_v.rs"
verus failed, reverting
commenting out line Lines { lines: 1567..=1571 } in "./splinter-tmp/34/betree/LinkedBranch_v/Refinement_v.rs"
verus failed, reverting
commenting out line Lines { lines: 758..=758 } in "./splinter-tmp/42/betree/PivotBranchRefinement_v.rs"
verus failed, reverting
commenting out line Lines { lines: 1572..=1572 } in "./splinter-tmp/34/betree/LinkedBranch_v/Refinement_v.rs"
verus failed, reverting
commenting out line Lines { lines: 794..=794 } in "./splinter-tmp/42/betree/PivotBranchRefinement_v.rs"
verus failed, reverting
commenting out line Lines { lines: 1590..=1590 } in "./splinter-tmp/34/betree/LinkedBranch_v/Refinement_v.rs"
verus failed, reverting
commenting out line Lines { lines: 800..=800 } in "./splinter-tmp/42/betree/PivotBranchRefinement_v.rs"
verus failed, reverting
commenting out line Lines { lines: 1595..=1595 } in "./splinter-tmp/34/betree/LinkedBranch_v/Refinement_v.rs"
verus failed, reverting
commenting out line Lines { lines: 810..=810 } in "./splinter-tmp/42/betree/PivotBranchRefinement_v.rs"
verus failed, reverting
commenting out line Lines { lines: 1613..=1613 } in "./splinter-tmp/34/betree/LinkedBranch_v/Refinement_v.rs"
verus failed, reverting
commenting out line Lines { lines: 807..=811 } in "./splinter-tmp/42/betree/PivotBranchRefinement_v.rs"
verus failed, reverting
commenting out line Lines { lines: 1621..=1621 } in "./splinter-tmp/34/betree/LinkedBranch_v/Refinement_v.rs"
verus failed, reverting
commenting out line Lines { lines: 816..=816 } in "./splinter-tmp/42/betree/PivotBranchRefinement_v.rs"
verus failed, reverting
commenting out line Lines { lines: 1612..=1623 } in "./splinter-tmp/34/betree/LinkedBranch_v/Refinement_v.rs"
verus failed, reverting
commenting out line Lines { lines: 813..=817 } in "./splinter-tmp/42/betree/PivotBranchRefinement_v.rs"
verus failed, reverting
minimization of ./splinter-tmp/34/betree/LinkedBranch_v/Refinement_v.rs is completed
verus failed, reverting
commenting out line Lines { lines: 871..=871 } in "./splinter-tmp/42/betree/PivotBranchRefinement_v.rs"
verus failed, reverting
commenting out line Lines { lines: 878..=878 } in "./splinter-tmp/42/betree/PivotBranchRefinement_v.rs"
verus failed, reverting
commenting out line Lines { lines: 892..=892 } in "./splinter-tmp/42/betree/PivotBranchRefinement_v.rs"
verus failed, reverting
commenting out line Lines { lines: 914..=919 } in "./splinter-tmp/42/betree/PivotBranchRefinement_v.rs"
verus failed, reverting
commenting out line Lines { lines: 944..=944 } in "./splinter-tmp/42/betree/PivotBranchRefinement_v.rs"
verus failed, reverting
commenting out line Lines { lines: 952..=952 } in "./splinter-tmp/42/betree/PivotBranchRefinement_v.rs"
verus failed, reverting
commenting out line Lines { lines: 954..=954 } in "./splinter-tmp/42/betree/PivotBranchRefinement_v.rs"
verus failed, reverting
commenting out line Lines { lines: 951..=956 } in "./splinter-tmp/42/betree/PivotBranchRefinement_v.rs"
verus failed, reverting
commenting out line Lines { lines: 959..=959 } in "./splinter-tmp/42/betree/PivotBranchRefinement_v.rs"
verus failed, reverting
commenting out line Lines { lines: 961..=961 } in "./splinter-tmp/42/betree/PivotBranchRefinement_v.rs"
verus failed, reverting
commenting out line Lines { lines: 958..=963 } in "./splinter-tmp/42/betree/PivotBranchRefinement_v.rs"
verus failed, reverting
commenting out line Lines { lines: 1001..=1001 } in "./splinter-tmp/42/betree/PivotBranchRefinement_v.rs"
verus failed, reverting
commenting out line Lines { lines: 1026..=1026 } in "./splinter-tmp/42/betree/PivotBranchRefinement_v.rs"
verus failed, reverting
commenting out line Lines { lines: 1027..=1027 } in "./splinter-tmp/42/betree/PivotBranchRefinement_v.rs"
verus failed, reverting
commenting out line Lines { lines: 1032..=1032 } in "./splinter-tmp/42/betree/PivotBranchRefinement_v.rs"
verus failed, reverting
commenting out line Lines { lines: 1049..=1049 } in "./splinter-tmp/42/betree/PivotBranchRefinement_v.rs"
verus failed, reverting
commenting out line Lines { lines: 1076..=1076 } in "./splinter-tmp/42/betree/PivotBranchRefinement_v.rs"
verus failed, reverting
commenting out line Lines { lines: 1077..=1077 } in "./splinter-tmp/42/betree/PivotBranchRefinement_v.rs"
verus failed, reverting
commenting out line Lines { lines: 1082..=1082 } in "./splinter-tmp/42/betree/PivotBranchRefinement_v.rs"
verus failed, reverting
commenting out line Lines { lines: 1083..=1083 } in "./splinter-tmp/42/betree/PivotBranchRefinement_v.rs"
verus failed, reverting
commenting out line Lines { lines: 1098..=1098 } in "./splinter-tmp/42/betree/PivotBranchRefinement_v.rs"
verus failed, reverting
commenting out line Lines { lines: 1140..=1140 } in "./splinter-tmp/42/betree/PivotBranchRefinement_v.rs"
verus failed, reverting
commenting out line Lines { lines: 1142..=1142 } in "./splinter-tmp/42/betree/PivotBranchRefinement_v.rs"
verus failed, reverting
commenting out line Lines { lines: 1152..=1152 } in "./splinter-tmp/42/betree/PivotBranchRefinement_v.rs"
verus failed, reverting
commenting out line Lines { lines: 1172..=1172 } in "./splinter-tmp/42/betree/PivotBranchRefinement_v.rs"
verus failed, reverting
commenting out line Lines { lines: 1166..=1175 } in "./splinter-tmp/42/betree/PivotBranchRefinement_v.rs"
verus failed, reverting
commenting out line Lines { lines: 1184..=1184 } in "./splinter-tmp/42/betree/PivotBranchRefinement_v.rs"
verus failed, reverting
commenting out line Lines { lines: 1182..=1187 } in "./splinter-tmp/42/betree/PivotBranchRefinement_v.rs"
verus failed, reverting
commenting out line Lines { lines: 1177..=1190 } in "./splinter-tmp/42/betree/PivotBranchRefinement_v.rs"
verus failed, reverting
commenting out line Lines { lines: 1192..=1192 } in "./splinter-tmp/42/betree/PivotBranchRefinement_v.rs"
verus failed, reverting
commenting out line Lines { lines: 1276..=1276 } in "./splinter-tmp/42/betree/PivotBranchRefinement_v.rs"
verus failed, reverting
commenting out line Lines { lines: 1291..=1291 } in "./splinter-tmp/42/betree/PivotBranchRefinement_v.rs"
verus failed, reverting
commenting out line Lines { lines: 1290..=1292 } in "./splinter-tmp/42/betree/PivotBranchRefinement_v.rs"
verus failed, reverting
commenting out line Lines { lines: 1295..=1295 } in "./splinter-tmp/42/betree/PivotBranchRefinement_v.rs"
verus failed, reverting
commenting out line Lines { lines: 1294..=1296 } in "./splinter-tmp/42/betree/PivotBranchRefinement_v.rs"
verus failed, reverting
commenting out line Lines { lines: 1256..=1299 } in "./splinter-tmp/42/betree/PivotBranchRefinement_v.rs"
verus failed, reverting
commenting out line Lines { lines: 1364..=1364 } in "./splinter-tmp/42/betree/PivotBranchRefinement_v.rs"
verus failed, reverting
commenting out line Lines { lines: 1363..=1365 } in "./splinter-tmp/42/betree/PivotBranchRefinement_v.rs"
verus failed, reverting
commenting out line Lines { lines: 1367..=1367 } in "./splinter-tmp/42/betree/PivotBranchRefinement_v.rs"
verus failed, reverting
commenting out line Lines { lines: 1366..=1368 } in "./splinter-tmp/42/betree/PivotBranchRefinement_v.rs"
verus failed, reverting
commenting out line Lines { lines: 1374..=1374 } in "./splinter-tmp/42/betree/PivotBranchRefinement_v.rs"
verus failed, reverting
commenting out line Lines { lines: 1372..=1375 } in "./splinter-tmp/42/betree/PivotBranchRefinement_v.rs"
verus failed, reverting
commenting out line Lines { lines: 1378..=1378 } in "./splinter-tmp/42/betree/PivotBranchRefinement_v.rs"
verus failed, reverting
commenting out line Lines { lines: 1379..=1379 } in "./splinter-tmp/42/betree/PivotBranchRefinement_v.rs"
verus failed, reverting
commenting out line Lines { lines: 1376..=1380 } in "./splinter-tmp/42/betree/PivotBranchRefinement_v.rs"
verus failed, reverting
commenting out line Lines { lines: 1394..=1394 } in "./splinter-tmp/42/betree/PivotBranchRefinement_v.rs"
verus failed, reverting
commenting out line Lines { lines: 1391..=1396 } in "./splinter-tmp/42/betree/PivotBranchRefinement_v.rs"
verus failed, reverting
commenting out line Lines { lines: 1404..=1404 } in "./splinter-tmp/42/betree/PivotBranchRefinement_v.rs"
verus failed, reverting
commenting out line Lines { lines: 1401..=1406 } in "./splinter-tmp/42/betree/PivotBranchRefinement_v.rs"
verus failed, reverting
commenting out line Lines { lines: 1441..=1441 } in "./splinter-tmp/42/betree/PivotBranchRefinement_v.rs"
verus failed, reverting
commenting out line Lines { lines: 1455..=1455 } in "./splinter-tmp/42/betree/PivotBranchRefinement_v.rs"
verus failed, reverting
commenting out line Lines { lines: 1457..=1457 } in "./splinter-tmp/42/betree/PivotBranchRefinement_v.rs"
verus failed, reverting
commenting out line Lines { lines: 1467..=1467 } in "./splinter-tmp/42/betree/PivotBranchRefinement_v.rs"
verus failed, reverting
commenting out line Lines { lines: 1469..=1473 } in "./splinter-tmp/42/betree/PivotBranchRefinement_v.rs"
verus succeeded with time: 30925ms
commenting out line Lines { lines: 1475..=1475 } in "./splinter-tmp/42/betree/PivotBranchRefinement_v.rs"
verus failed, reverting
commenting out line Lines { lines: 1451..=1479 } in "./splinter-tmp/42/betree/PivotBranchRefinement_v.rs"
verus failed, reverting
commenting out line Lines { lines: 1482..=1482 } in "./splinter-tmp/42/betree/PivotBranchRefinement_v.rs"
verus failed, reverting
commenting out line Lines { lines: 1502..=1502 } in "./splinter-tmp/42/betree/PivotBranchRefinement_v.rs"
verus failed, reverting
commenting out line Lines { lines: 1541..=1541 } in "./splinter-tmp/42/betree/PivotBranchRefinement_v.rs"
verus failed, reverting
commenting out line Lines { lines: 1542..=1542 } in "./splinter-tmp/42/betree/PivotBranchRefinement_v.rs"
verus failed, reverting
commenting out line Lines { lines: 1543..=1543 } in "./splinter-tmp/42/betree/PivotBranchRefinement_v.rs"
verus failed, reverting
commenting out line Lines { lines: 1545..=1545 } in "./splinter-tmp/42/betree/PivotBranchRefinement_v.rs"
verus failed, reverting
commenting out line Lines { lines: 1546..=1546 } in "./splinter-tmp/42/betree/PivotBranchRefinement_v.rs"
verus failed, reverting
commenting out line Lines { lines: 1601..=1601 } in "./splinter-tmp/42/betree/PivotBranchRefinement_v.rs"
verus failed, reverting
commenting out line Lines { lines: 1621..=1621 } in "./splinter-tmp/42/betree/PivotBranchRefinement_v.rs"
verus failed, reverting
commenting out line Lines { lines: 1629..=1629 } in "./splinter-tmp/42/betree/PivotBranchRefinement_v.rs"
verus failed, reverting
commenting out line Lines { lines: 1639..=1639 } in "./splinter-tmp/42/betree/PivotBranchRefinement_v.rs"
verus succeeded with time: 31097ms
commenting out line Lines { lines: 1628..=1647 } in "./splinter-tmp/42/betree/PivotBranchRefinement_v.rs"
verus failed, reverting
commenting out line Lines { lines: 1660..=1660 } in "./splinter-tmp/42/betree/PivotBranchRefinement_v.rs"
verus failed, reverting
commenting out line Lines { lines: 1665..=1665 } in "./splinter-tmp/42/betree/PivotBranchRefinement_v.rs"
verus failed, reverting
commenting out line Lines { lines: 1664..=1666 } in "./splinter-tmp/42/betree/PivotBranchRefinement_v.rs"
verus failed, reverting
commenting out line Lines { lines: 1672..=1672 } in "./splinter-tmp/42/betree/PivotBranchRefinement_v.rs"
verus failed, reverting
commenting out line Lines { lines: 1671..=1673 } in "./splinter-tmp/42/betree/PivotBranchRefinement_v.rs"
verus failed, reverting
commenting out line Lines { lines: 1679..=1679 } in "./splinter-tmp/42/betree/PivotBranchRefinement_v.rs"
verus failed, reverting
commenting out line Lines { lines: 1677..=1680 } in "./splinter-tmp/42/betree/PivotBranchRefinement_v.rs"
verus failed, reverting
commenting out line Lines { lines: 1684..=1684 } in "./splinter-tmp/42/betree/PivotBranchRefinement_v.rs"
verus failed, reverting
commenting out line Lines { lines: 1682..=1685 } in "./splinter-tmp/42/betree/PivotBranchRefinement_v.rs"
verus failed, reverting
commenting out line Lines { lines: 1714..=1714 } in "./splinter-tmp/42/betree/PivotBranchRefinement_v.rs"
verus failed, reverting
commenting out line Lines { lines: 1733..=1747 } in "./splinter-tmp/42/betree/PivotBranchRefinement_v.rs"
verus failed, reverting
commenting out line Lines { lines: 1749..=1763 } in "./splinter-tmp/42/betree/PivotBranchRefinement_v.rs"
verus failed, reverting
commenting out line Lines { lines: 1719..=1783 } in "./splinter-tmp/42/betree/PivotBranchRefinement_v.rs"
verus failed, reverting
commenting out line Lines { lines: 1801..=1801 } in "./splinter-tmp/42/betree/PivotBranchRefinement_v.rs"
verus failed, reverting
commenting out line Lines { lines: 1805..=1812 } in "./splinter-tmp/42/betree/PivotBranchRefinement_v.rs"
verus failed, reverting
commenting out line Lines { lines: 1798..=1815 } in "./splinter-tmp/42/betree/PivotBranchRefinement_v.rs"
verus failed, reverting
commenting out line Lines { lines: 1822..=1822 } in "./splinter-tmp/42/betree/PivotBranchRefinement_v.rs"
verus failed, reverting
commenting out line Lines { lines: 1819..=1827 } in "./splinter-tmp/42/betree/PivotBranchRefinement_v.rs"
verus failed, reverting
commenting out line Lines { lines: 1830..=1830 } in "./splinter-tmp/42/betree/PivotBranchRefinement_v.rs"
verus failed, reverting
commenting out line Lines { lines: 1831..=1831 } in "./splinter-tmp/42/betree/PivotBranchRefinement_v.rs"
verus failed, reverting
commenting out line Lines { lines: 1817..=1834 } in "./splinter-tmp/42/betree/PivotBranchRefinement_v.rs"
verus failed, reverting
commenting out line Lines { lines: 1842..=1842 } in "./splinter-tmp/42/betree/PivotBranchRefinement_v.rs"
verus succeeded with time: 30919ms
commenting out line Lines { lines: 1843..=1843 } in "./splinter-tmp/42/betree/PivotBranchRefinement_v.rs"
verus succeeded with time: 30359ms
commenting out line Lines { lines: 1854..=1854 } in "./splinter-tmp/42/betree/PivotBranchRefinement_v.rs"
verus failed, reverting
commenting out line Lines { lines: 1858..=1858 } in "./splinter-tmp/42/betree/PivotBranchRefinement_v.rs"
verus failed, reverting
commenting out line Lines { lines: 1860..=1860 } in "./splinter-tmp/42/betree/PivotBranchRefinement_v.rs"
verus succeeded with time: 31131ms
commenting out line Lines { lines: 1785..=1861 } in "./splinter-tmp/42/betree/PivotBranchRefinement_v.rs"
verus failed, reverting
commenting out line Lines { lines: 1864..=1864 } in "./splinter-tmp/42/betree/PivotBranchRefinement_v.rs"
verus succeeded with time: 30892ms
commenting out line Lines { lines: 1867..=1867 } in "./splinter-tmp/42/betree/PivotBranchRefinement_v.rs"
verus failed, reverting
commenting out line Lines { lines: 1900..=1900 } in "./splinter-tmp/42/betree/PivotBranchRefinement_v.rs"
verus failed, reverting
commenting out line Lines { lines: 1902..=1902 } in "./splinter-tmp/42/betree/PivotBranchRefinement_v.rs"
verus failed, reverting
minimization of ./splinter-tmp/42/betree/PivotBranchRefinement_v.rs is completed
