    Finished `release` profile [optimized] target(s) in 0.60s
     Running `/local/abai/verus/source/target/release/minimize -d ./tmp/ /local/abai/verified-betrfs/Splinter/src/lib.d`
original verification time: 32431ms
minimization of ./tmp/0/lib.rs is completed
minimization of ./tmp/1/abstract_system.rs is completed
minimization of ./tmp/2/abstract_system/AbstractCrashAwareJournal_v.rs is completed
minimization of ./tmp/3/abstract_system/AbstractCrashAwareMap_v.rs is completed
minimization of ./tmp/5/abstract_system/AbstractCrashAwareSystem_v.rs is completed
minimization of ./tmp/6/abstract_system/AbstractJournal_v.rs is completed
minimization of ./tmp/7/abstract_system/AbstractMap_v.rs is completed
minimization of ./tmp/9/abstract_system/StampedMap_v.rs is completed
minimization of ./tmp/10/allocation_layer.rs is completed
minimization of ./tmp/15/allocation_layer/AllocationBetree_v.rs is completed
commenting out line Lines { lines: 271..=271 } in "./tmp/14/allocation_layer/AllocationJournal_v.rs"
verus failed with time: 62551ms, reverting
commenting out line Lines { lines: 106..=106 } in "./tmp/13/allocation_layer/AllocationJournalRefinement_v.rs"
verus failed with time: 63030ms, reverting
commenting out line Lines { lines: 276..=284 } in "./tmp/12/allocation_layer/AllocationCrashAwareJournal_v.rs"
verus failed with time: 63182ms, reverting
minimization of ./tmp/12/allocation_layer/AllocationCrashAwareJournal_v.rs is completed
commenting out line Lines { lines: 162..=162 } in "./tmp/11/allocation_layer/AllocationCrashAwareJournalRefinement_v.rs"
verus failed with time: 63261ms, reverting
commenting out line Lines { lines: 182..=182 } in "./tmp/4/abstract_system/AbstractCrashAwareSystemRefinement_v.rs"
verus failed with time: 63498ms, reverting
commenting out line Lines { lines: 138..=152 } in "./tmp/8/abstract_system/MsgHistory_v.rs"
verus succeeded with time: 66737ms, keeping it commented out
commenting out line Lines { lines: 54..=54 } in "./tmp/16/allocation_layer/AllocationBetreeRefinement_v.rs"
verus succeeded with time: 66907ms, keeping it commented out
commenting out line Lines { lines: 268..=272 } in "./tmp/14/allocation_layer/AllocationJournal_v.rs"
verus failed with time: 62148ms, reverting
commenting out line Lines { lines: 171..=183 } in "./tmp/4/abstract_system/AbstractCrashAwareSystemRefinement_v.rs"
verus failed with time: 61758ms, reverting
commenting out line Lines { lines: 244..=244 } in "./tmp/11/allocation_layer/AllocationCrashAwareJournalRefinement_v.rs"
verus succeeded with time: 65054ms, keeping it commented out
commenting out line Lines { lines: 247..=247 } in "./tmp/17/allocation_layer/AllocationBranch_v.rs"
verus succeeded with time: 65210ms, keeping it commented out
commenting out line Lines { lines: 108..=108 } in "./tmp/13/allocation_layer/AllocationJournalRefinement_v.rs"
verus succeeded with time: 66528ms, keeping it commented out
commenting out line Lines { lines: 287..=287 } in "./tmp/8/abstract_system/MsgHistory_v.rs"
verus succeeded with time: 67205ms, keeping it commented out
commenting out line Lines { lines: 61..=61 } in "./tmp/16/allocation_layer/AllocationBetreeRefinement_v.rs"
verus succeeded with time: 67613ms, keeping it commented out
commenting out line Lines { lines: 273..=273 } in "./tmp/14/allocation_layer/AllocationJournal_v.rs"
verus succeeded with time: 63577ms, keeping it commented out
commenting out line Lines { lines: 248..=248 } in "./tmp/17/allocation_layer/AllocationBranch_v.rs"
verus failed with time: 60724ms, reverting
commenting out line Lines { lines: 492..=492 } in "./tmp/4/abstract_system/AbstractCrashAwareSystemRefinement_v.rs"
verus succeeded with time: 64997ms, keeping it commented out
commenting out line Lines { lines: 245..=245 } in "./tmp/11/allocation_layer/AllocationCrashAwareJournalRefinement_v.rs"
verus succeeded with time: 65971ms, keeping it commented out
commenting out line Lines { lines: 112..=112 } in "./tmp/13/allocation_layer/AllocationJournalRefinement_v.rs"
verus succeeded with time: 66214ms, keeping it commented out
commenting out line Lines { lines: 300..=300 } in "./tmp/8/abstract_system/MsgHistory_v.rs"
verus succeeded with time: 63972ms, keeping it commented out
commenting out line Lines { lines: 62..=62 } in "./tmp/16/allocation_layer/AllocationBetreeRefinement_v.rs"
verus succeeded with time: 66395ms, keeping it commented out
commenting out line Lines { lines: 362..=362 } in "./tmp/14/allocation_layer/AllocationJournal_v.rs"
verus failed with time: 57724ms, reverting
commenting out line Lines { lines: 541..=541 } in "./tmp/4/abstract_system/AbstractCrashAwareSystemRefinement_v.rs"
verus succeeded with time: 62603ms, keeping it commented out
commenting out line Lines { lines: 249..=249 } in "./tmp/17/allocation_layer/AllocationBranch_v.rs"
verus succeeded with time: 64998ms, keeping it commented out
commenting out line Lines { lines: 250..=250 } in "./tmp/11/allocation_layer/AllocationCrashAwareJournalRefinement_v.rs"
verus succeeded with time: 64638ms, keeping it commented out
commenting out line Lines { lines: 134..=134 } in "./tmp/13/allocation_layer/AllocationJournalRefinement_v.rs"
verus succeeded with time: 66688ms, keeping it commented out
commenting out line Lines { lines: 374..=374 } in "./tmp/8/abstract_system/MsgHistory_v.rs"
verus succeeded with time: 65758ms, keeping it commented out
commenting out line Lines { lines: 66..=66 } in "./tmp/16/allocation_layer/AllocationBetreeRefinement_v.rs"
verus succeeded with time: 64928ms, keeping it commented out
commenting out line Lines { lines: 363..=363 } in "./tmp/14/allocation_layer/AllocationJournal_v.rs"
verus succeeded with time: 62286ms, keeping it commented out
commenting out line Lines { lines: 542..=542 } in "./tmp/4/abstract_system/AbstractCrashAwareSystemRefinement_v.rs"
verus succeeded with time: 62448ms, keeping it commented out
commenting out line Lines { lines: 250..=250 } in "./tmp/17/allocation_layer/AllocationBranch_v.rs"
verus succeeded with time: 62767ms, keeping it commented out
commenting out line Lines { lines: 251..=251 } in "./tmp/11/allocation_layer/AllocationCrashAwareJournalRefinement_v.rs"
verus succeeded with time: 64874ms, keeping it commented out
commenting out line Lines { lines: 359..=375 } in "./tmp/8/abstract_system/MsgHistory_v.rs"
verus failed with time: 60770ms, reverting
minimization of ./tmp/8/abstract_system/MsgHistory_v.rs is completed
commenting out line Lines { lines: 137..=137 } in "./tmp/13/allocation_layer/AllocationJournalRefinement_v.rs"
verus succeeded with time: 64468ms, keeping it commented out
commenting out line Lines { lines: 70..=70 } in "./tmp/16/allocation_layer/AllocationBetreeRefinement_v.rs"
verus succeeded with time: 63219ms, keeping it commented out
commenting out line Lines { lines: 360..=365 } in "./tmp/14/allocation_layer/AllocationJournal_v.rs"
verus failed with time: 57021ms, reverting
commenting out line Lines { lines: 544..=546 } in "./tmp/4/abstract_system/AbstractCrashAwareSystemRefinement_v.rs"
verus succeeded with time: 62320ms, keeping it commented out
commenting out line Lines { lines: 261..=261 } in "./tmp/17/allocation_layer/AllocationBranch_v.rs"
verus succeeded with time: 63368ms, keeping it commented out
commenting out line Lines { lines: 133..=140 } in "./tmp/18/allocation_layer/AllocationBranchBetree_v.rs"
verus failed with time: 59954ms, reverting
commenting out line Lines { lines: 273..=273 } in "./tmp/11/allocation_layer/AllocationCrashAwareJournalRefinement_v.rs"
verus succeeded with time: 65645ms, keeping it commented out
commenting out line Lines { lines: 138..=138 } in "./tmp/13/allocation_layer/AllocationJournalRefinement_v.rs"
verus succeeded with time: 64305ms, keeping it commented out
commenting out line Lines { lines: 94..=94 } in "./tmp/16/allocation_layer/AllocationBetreeRefinement_v.rs"
verus succeeded with time: 64539ms, keeping it commented out
commenting out line Lines { lines: 384..=387 } in "./tmp/14/allocation_layer/AllocationJournal_v.rs"
verus failed with time: 54557ms, reverting
commenting out line Lines { lines: 262..=262 } in "./tmp/17/allocation_layer/AllocationBranch_v.rs"
verus failed with time: 59735ms, reverting
commenting out line Lines { lines: 568..=568 } in "./tmp/4/abstract_system/AbstractCrashAwareSystemRefinement_v.rs"
verus succeeded with time: 63710ms, keeping it commented out
commenting out line Lines { lines: 517..=517 } in "./tmp/18/allocation_layer/AllocationBranchBetree_v.rs"
verus succeeded with time: 64160ms, keeping it commented out
commenting out line Lines { lines: 315..=316 } in "./tmp/11/allocation_layer/AllocationCrashAwareJournalRefinement_v.rs"
verus failed with time: 60020ms, reverting
commenting out line Lines { lines: 141..=141 } in "./tmp/13/allocation_layer/AllocationJournalRefinement_v.rs"
verus succeeded with time: 63454ms, keeping it commented out
commenting out line Lines { lines: 100..=100 } in "./tmp/16/allocation_layer/AllocationBetreeRefinement_v.rs"
verus succeeded with time: 63313ms, keeping it commented out
commenting out line Lines { lines: 389..=389 } in "./tmp/14/allocation_layer/AllocationJournal_v.rs"
verus failed with time: 57080ms, reverting
commenting out line Lines { lines: 275..=275 } in "./tmp/17/allocation_layer/AllocationBranch_v.rs"
verus failed with time: 59047ms, reverting
commenting out line Lines { lines: 619..=626 } in "./tmp/4/abstract_system/AbstractCrashAwareSystemRefinement_v.rs"
verus failed with time: 58625ms, reverting
commenting out line Lines { lines: 325..=326 } in "./tmp/11/allocation_layer/AllocationCrashAwareJournalRefinement_v.rs"
verus failed with time: 58697ms, reverting
commenting out line Lines { lines: 518..=518 } in "./tmp/18/allocation_layer/AllocationBranchBetree_v.rs"
verus succeeded with time: 65322ms, keeping it commented out
commenting out line Lines { lines: 144..=144 } in "./tmp/13/allocation_layer/AllocationJournalRefinement_v.rs"
verus succeeded with time: 63363ms, keeping it commented out
commenting out line Lines { lines: 261..=261 } in "./tmp/16/allocation_layer/AllocationBetreeRefinement_v.rs"
verus succeeded with time: 65524ms, keeping it commented out
commenting out line Lines { lines: 424..=424 } in "./tmp/14/allocation_layer/AllocationJournal_v.rs"
verus failed with time: 58299ms, reverting
commenting out line Lines { lines: 279..=280 } in "./tmp/17/allocation_layer/AllocationBranch_v.rs"
verus succeeded with time: 62732ms, keeping it commented out
commenting out line Lines { lines: 629..=629 } in "./tmp/4/abstract_system/AbstractCrashAwareSystemRefinement_v.rs"
verus succeeded with time: 63619ms, keeping it commented out
commenting out line Lines { lines: 329..=329 } in "./tmp/11/allocation_layer/AllocationCrashAwareJournalRefinement_v.rs"
verus succeeded with time: 63097ms, keeping it commented out
minimization of ./tmp/11/allocation_layer/AllocationCrashAwareJournalRefinement_v.rs is completed
commenting out line Lines { lines: 519..=519 } in "./tmp/18/allocation_layer/AllocationBranchBetree_v.rs"
verus succeeded with time: 61633ms, keeping it commented out
commenting out line Lines { lines: 145..=145 } in "./tmp/13/allocation_layer/AllocationJournalRefinement_v.rs"
verus succeeded with time: 62149ms, keeping it commented out
commenting out line Lines { lines: 304..=304 } in "./tmp/16/allocation_layer/AllocationBetreeRefinement_v.rs"
verus succeeded with time: 61641ms, keeping it commented out
commenting out line Lines { lines: 444..=444 } in "./tmp/14/allocation_layer/AllocationJournal_v.rs"
verus failed with time: 56854ms, reverting
commenting out line Lines { lines: 281..=281 } in "./tmp/17/allocation_layer/AllocationBranch_v.rs"
verus failed with time: 56166ms, reverting
commenting out line Lines { lines: 635..=635 } in "./tmp/4/abstract_system/AbstractCrashAwareSystemRefinement_v.rs"
verus succeeded with time: 60929ms, keeping it commented out
commenting out line Lines { lines: 74..=74 } in "./tmp/19/allocation_layer/AllocationBranchBetreeRefinement_v.rs"
verus failed with time: 58836ms, reverting
commenting out line Lines { lines: 522..=522 } in "./tmp/18/allocation_layer/AllocationBranchBetree_v.rs"
verus failed with time: 58000ms, reverting
commenting out line Lines { lines: 146..=146 } in "./tmp/13/allocation_layer/AllocationJournalRefinement_v.rs"
verus succeeded with time: 63167ms, keeping it commented out
commenting out line Lines { lines: 331..=331 } in "./tmp/16/allocation_layer/AllocationBetreeRefinement_v.rs"
verus succeeded with time: 64695ms, keeping it commented out
commenting out line Lines { lines: 445..=445 } in "./tmp/14/allocation_layer/AllocationJournal_v.rs"
verus succeeded with time: 64591ms, keeping it commented out
commenting out line Lines { lines: 286..=286 } in "./tmp/17/allocation_layer/AllocationBranch_v.rs"
verus failed with time: 58633ms, reverting
commenting out line Lines { lines: 666..=674 } in "./tmp/4/abstract_system/AbstractCrashAwareSystemRefinement_v.rs"
verus failed with time: 55933ms, reverting
commenting out line Lines { lines: 104..=104 } in "./tmp/19/allocation_layer/AllocationBranchBetreeRefinement_v.rs"
verus failed with time: 58952ms, reverting
commenting out line Lines { lines: 526..=526 } in "./tmp/18/allocation_layer/AllocationBranchBetree_v.rs"
verus succeeded with time: 61093ms, keeping it commented out
commenting out line Lines { lines: 148..=148 } in "./tmp/13/allocation_layer/AllocationJournalRefinement_v.rs"
verus succeeded with time: 63049ms, keeping it commented out
commenting out line Lines { lines: 517..=517 } in "./tmp/14/allocation_layer/AllocationJournal_v.rs"
verus failed with time: 58140ms, reverting
commenting out line Lines { lines: 362..=362 } in "./tmp/16/allocation_layer/AllocationBetreeRefinement_v.rs"
verus succeeded with time: 65859ms, keeping it commented out
commenting out line Lines { lines: 287..=287 } in "./tmp/17/allocation_layer/AllocationBranch_v.rs"
verus failed with time: 54273ms, reverting
commenting out line Lines { lines: 140..=140 } in "./tmp/19/allocation_layer/AllocationBranchBetreeRefinement_v.rs"
verus failed with time: 56080ms, reverting
commenting out line Lines { lines: 689..=689 } in "./tmp/4/abstract_system/AbstractCrashAwareSystemRefinement_v.rs"
verus succeeded with time: 63708ms, keeping it commented out
commenting out line Lines { lines: 528..=528 } in "./tmp/18/allocation_layer/AllocationBranchBetree_v.rs"
verus succeeded with time: 61687ms, keeping it commented out
commenting out line Lines { lines: 128..=150 } in "./tmp/13/allocation_layer/AllocationJournalRefinement_v.rs"
verus failed with time: 58248ms, reverting
commenting out line Lines { lines: 518..=518 } in "./tmp/14/allocation_layer/AllocationJournal_v.rs"
verus succeeded with time: 63679ms, keeping it commented out
commenting out line Lines { lines: 407..=407 } in "./tmp/16/allocation_layer/AllocationBetreeRefinement_v.rs"
verus succeeded with time: 64240ms, keeping it commented out
commenting out line Lines { lines: 288..=288 } in "./tmp/17/allocation_layer/AllocationBranch_v.rs"
verus succeeded with time: 63748ms, keeping it commented out
commenting out line Lines { lines: 175..=175 } in "./tmp/19/allocation_layer/AllocationBranchBetreeRefinement_v.rs"
verus failed with time: 55156ms, reverting
commenting out line Lines { lines: 693..=698 } in "./tmp/4/abstract_system/AbstractCrashAwareSystemRefinement_v.rs"
verus failed with time: 55129ms, reverting
commenting out line Lines { lines: 529..=529 } in "./tmp/18/allocation_layer/AllocationBranchBetree_v.rs"
verus succeeded with time: 65788ms, keeping it commented out
commenting out line Lines { lines: 153..=153 } in "./tmp/13/allocation_layer/AllocationJournalRefinement_v.rs"
verus succeeded with time: 64593ms, keeping it commented out
commenting out line Lines { lines: 408..=408 } in "./tmp/16/allocation_layer/AllocationBetreeRefinement_v.rs"
verus failed with time: 56909ms, reverting
commenting out line Lines { lines: 540..=540 } in "./tmp/14/allocation_layer/AllocationJournal_v.rs"
verus succeeded with time: 67195ms, keeping it commented out
commenting out line Lines { lines: 307..=307 } in "./tmp/17/allocation_layer/AllocationBranch_v.rs"
verus failed with time: 56043ms, reverting
commenting out line Lines { lines: 702..=702 } in "./tmp/4/abstract_system/AbstractCrashAwareSystemRefinement_v.rs"
verus succeeded with time: 59528ms, keeping it commented out
commenting out line Lines { lines: 238..=238 } in "./tmp/19/allocation_layer/AllocationBranchBetreeRefinement_v.rs"
verus succeeded with time: 62871ms, keeping it commented out
commenting out line Lines { lines: 530..=530 } in "./tmp/18/allocation_layer/AllocationBranchBetree_v.rs"
verus succeeded with time: 63387ms, keeping it commented out
commenting out line Lines { lines: 161..=161 } in "./tmp/13/allocation_layer/AllocationJournalRefinement_v.rs"
verus succeeded with time: 61958ms, keeping it commented out
commenting out line Lines { lines: 411..=411 } in "./tmp/16/allocation_layer/AllocationBetreeRefinement_v.rs"
verus failed with time: 55928ms, reverting
commenting out line Lines { lines: 413..=413 } in "./tmp/16/allocation_layer/AllocationBetreeRefinement_v.rs"
verus failed with time: 7780ms, reverting
minimization of ./tmp/16/allocation_layer/AllocationBetreeRefinement_v.rs is completed
commenting out line Lines { lines: 308..=308 } in "./tmp/17/allocation_layer/AllocationBranch_v.rs"
verus failed with time: 54593ms, reverting
commenting out line Lines { lines: 612..=612 } in "./tmp/14/allocation_layer/AllocationJournal_v.rs"
verus succeeded with time: 60474ms, keeping it commented out
commenting out line Lines { lines: 709..=714 } in "./tmp/4/abstract_system/AbstractCrashAwareSystemRefinement_v.rs"
verus failed with time: 58645ms, reverting
commenting out line Lines { lines: 239..=239 } in "./tmp/19/allocation_layer/AllocationBranchBetreeRefinement_v.rs"
verus succeeded with time: 62081ms, keeping it commented out
commenting out line Lines { lines: 532..=532 } in "./tmp/18/allocation_layer/AllocationBranchBetree_v.rs"
verus failed with time: 59316ms, reverting
commenting out line Lines { lines: 177..=177 } in "./tmp/13/allocation_layer/AllocationJournalRefinement_v.rs"
verus succeeded with time: 63589ms, keeping it commented out
commenting out line Lines { lines: 54..=54 } in "./tmp/20/allocation_layer/Likes_v.rs"
verus failed with time: 56847ms, reverting
commenting out line Lines { lines: 614..=614 } in "./tmp/14/allocation_layer/AllocationJournal_v.rs"
verus failed with time: 60529ms, reverting
commenting out line Lines { lines: 313..=313 } in "./tmp/17/allocation_layer/AllocationBranch_v.rs"
verus succeeded with time: 68053ms, keeping it commented out
commenting out line Lines { lines: 716..=716 } in "./tmp/4/abstract_system/AbstractCrashAwareSystemRefinement_v.rs"
verus succeeded with time: 63460ms, keeping it commented out
commenting out line Lines { lines: 240..=240 } in "./tmp/19/allocation_layer/AllocationBranchBetreeRefinement_v.rs"
verus failed with time: 60622ms, reverting
commenting out line Lines { lines: 533..=533 } in "./tmp/18/allocation_layer/AllocationBranchBetree_v.rs"
verus succeeded with time: 59194ms, keeping it commented out
commenting out line Lines { lines: 180..=180 } in "./tmp/13/allocation_layer/AllocationJournalRefinement_v.rs"
verus succeeded with time: 61732ms, keeping it commented out
commenting out line Lines { lines: 55..=55 } in "./tmp/20/allocation_layer/Likes_v.rs"
verus succeeded with time: 61320ms, keeping it commented out
commenting out line Lines { lines: 601..=617 } in "./tmp/14/allocation_layer/AllocationJournal_v.rs"
verus failed with time: 57732ms, reverting
commenting out line Lines { lines: 314..=314 } in "./tmp/17/allocation_layer/AllocationBranch_v.rs"
verus succeeded with time: 60830ms, keeping it commented out
commenting out line Lines { lines: 798..=805 } in "./tmp/4/abstract_system/AbstractCrashAwareSystemRefinement_v.rs"
verus failed with time: 56822ms, reverting
commenting out line Lines { lines: 243..=243 } in "./tmp/19/allocation_layer/AllocationBranchBetreeRefinement_v.rs"
verus succeeded with time: 60973ms, keeping it commented out
commenting out line Lines { lines: 540..=540 } in "./tmp/18/allocation_layer/AllocationBranchBetree_v.rs"
verus succeeded with time: 65511ms, keeping it commented out
commenting out line Lines { lines: 186..=186 } in "./tmp/13/allocation_layer/AllocationJournalRefinement_v.rs"
verus failed with time: 60008ms, reverting
commenting out line Lines { lines: 651..=651 } in "./tmp/14/allocation_layer/AllocationJournal_v.rs"
verus failed with time: 57127ms, reverting
commenting out line Lines { lines: 56..=56 } in "./tmp/20/allocation_layer/Likes_v.rs"
verus succeeded with time: 61266ms, keeping it commented out
commenting out line Lines { lines: 316..=316 } in "./tmp/17/allocation_layer/AllocationBranch_v.rs"
verus succeeded with time: 62982ms, keeping it commented out
commenting out line Lines { lines: 815..=815 } in "./tmp/4/abstract_system/AbstractCrashAwareSystemRefinement_v.rs"
verus succeeded with time: 62170ms, keeping it commented out
commenting out line Lines { lines: 246..=246 } in "./tmp/19/allocation_layer/AllocationBranchBetreeRefinement_v.rs"
verus failed with time: 57780ms, reverting
commenting out line Lines { lines: 545..=545 } in "./tmp/18/allocation_layer/AllocationBranchBetree_v.rs"
verus succeeded with time: 64947ms, keeping it commented out
commenting out line Lines { lines: 50..=58 } in "./tmp/20/allocation_layer/Likes_v.rs"
verus failed with time: 57432ms, reverting
commenting out line Lines { lines: 187..=187 } in "./tmp/13/allocation_layer/AllocationJournalRefinement_v.rs"
verus succeeded with time: 62604ms, keeping it commented out
commenting out line Lines { lines: 654..=654 } in "./tmp/14/allocation_layer/AllocationJournal_v.rs"
verus succeeded with time: 62955ms, keeping it commented out
commenting out line Lines { lines: 317..=318 } in "./tmp/17/allocation_layer/AllocationBranch_v.rs"
verus succeeded with time: 61172ms, keeping it commented out
commenting out line Lines { lines: 816..=816 } in "./tmp/4/abstract_system/AbstractCrashAwareSystemRefinement_v.rs"
verus succeeded with time: 59128ms, keeping it commented out
commenting out line Lines { lines: 250..=250 } in "./tmp/19/allocation_layer/AllocationBranchBetreeRefinement_v.rs"
verus failed with time: 58542ms, reverting
commenting out line Lines { lines: 549..=549 } in "./tmp/18/allocation_layer/AllocationBranchBetree_v.rs"
verus succeeded with time: 62476ms, keeping it commented out
commenting out line Lines { lines: 62..=62 } in "./tmp/20/allocation_layer/Likes_v.rs"
verus succeeded with time: 61106ms, keeping it commented out
commenting out line Lines { lines: 686..=688 } in "./tmp/14/allocation_layer/AllocationJournal_v.rs"
verus failed with time: 59766ms, reverting
commenting out line Lines { lines: 192..=192 } in "./tmp/13/allocation_layer/AllocationJournalRefinement_v.rs"
verus succeeded with time: 62655ms, keeping it commented out
commenting out line Lines { lines: 321..=321 } in "./tmp/17/allocation_layer/AllocationBranch_v.rs"
verus succeeded with time: 61925ms, keeping it commented out
commenting out line Lines { lines: 817..=817 } in "./tmp/4/abstract_system/AbstractCrashAwareSystemRefinement_v.rs"
verus succeeded with time: 61481ms, keeping it commented out
commenting out line Lines { lines: 251..=251 } in "./tmp/19/allocation_layer/AllocationBranchBetreeRefinement_v.rs"
verus succeeded with time: 62293ms, keeping it commented out
commenting out line Lines { lines: 65..=65 } in "./tmp/20/allocation_layer/Likes_v.rs"
verus failed with time: 60192ms, reverting
commenting out line Lines { lines: 552..=552 } in "./tmp/18/allocation_layer/AllocationBranchBetree_v.rs"
verus succeeded with time: 62953ms, keeping it commented out
commenting out line Lines { lines: 194..=194 } in "./tmp/13/allocation_layer/AllocationJournalRefinement_v.rs"
verus succeeded with time: 62285ms, keeping it commented out
commenting out line Lines { lines: 719..=719 } in "./tmp/14/allocation_layer/AllocationJournal_v.rs"
verus succeeded with time: 63320ms, keeping it commented out
commenting out line Lines { lines: 326..=326 } in "./tmp/17/allocation_layer/AllocationBranch_v.rs"
verus failed with time: 55409ms, reverting
commenting out line Lines { lines: 856..=856 } in "./tmp/4/abstract_system/AbstractCrashAwareSystemRefinement_v.rs"
verus succeeded with time: 64918ms, keeping it commented out
commenting out line Lines { lines: 253..=253 } in "./tmp/19/allocation_layer/AllocationBranchBetreeRefinement_v.rs"
verus succeeded with time: 62072ms, keeping it commented out
commenting out line Lines { lines: 67..=67 } in "./tmp/20/allocation_layer/Likes_v.rs"
verus succeeded with time: 62107ms, keeping it commented out
commenting out line Lines { lines: 234..=234 } in "./tmp/13/allocation_layer/AllocationJournalRefinement_v.rs"
verus failed with time: 58389ms, reverting
minimization of ./tmp/13/allocation_layer/AllocationJournalRefinement_v.rs is completed
commenting out line Lines { lines: 562..=562 } in "./tmp/18/allocation_layer/AllocationBranchBetree_v.rs"
verus succeeded with time: 61745ms, keeping it commented out
commenting out line Lines { lines: 720..=720 } in "./tmp/14/allocation_layer/AllocationJournal_v.rs"
verus succeeded with time: 62020ms, keeping it commented out
commenting out line Lines { lines: 327..=327 } in "./tmp/17/allocation_layer/AllocationBranch_v.rs"
verus failed with time: 56241ms, reverting
commenting out line Lines { lines: 877..=877 } in "./tmp/4/abstract_system/AbstractCrashAwareSystemRefinement_v.rs"
verus failed with time: 58557ms, reverting
commenting out line Lines { lines: 256..=256 } in "./tmp/19/allocation_layer/AllocationBranchBetreeRefinement_v.rs"
verus succeeded with time: 64184ms, keeping it commented out
commenting out line Lines { lines: 45..=45 } in "./tmp/21/allocation_layer/LikesBetree_v.rs"
verus failed with time: 59137ms, reverting
commenting out line Lines { lines: 69..=69 } in "./tmp/20/allocation_layer/Likes_v.rs"
verus succeeded with time: 64483ms, keeping it commented out
commenting out line Lines { lines: 564..=564 } in "./tmp/18/allocation_layer/AllocationBranchBetree_v.rs"
verus succeeded with time: 62840ms, keeping it commented out
commenting out line Lines { lines: 758..=761 } in "./tmp/14/allocation_layer/AllocationJournal_v.rs"
verus failed with time: 59229ms, reverting
commenting out line Lines { lines: 329..=330 } in "./tmp/17/allocation_layer/AllocationBranch_v.rs"
verus succeeded with time: 62834ms, keeping it commented out
commenting out line Lines { lines: 888..=891 } in "./tmp/4/abstract_system/AbstractCrashAwareSystemRefinement_v.rs"
verus failed with time: 56199ms, reverting
commenting out line Lines { lines: 257..=257 } in "./tmp/19/allocation_layer/AllocationBranchBetreeRefinement_v.rs"
verus succeeded with time: 63959ms, keeping it commented out
commenting out line Lines { lines: 154..=154 } in "./tmp/21/allocation_layer/LikesBetree_v.rs"
verus failed with time: 60064ms, reverting
commenting out line Lines { lines: 763..=763 } in "./tmp/14/allocation_layer/AllocationJournal_v.rs"
verus failed with time: 60870ms, reverting
commenting out line Lines { lines: 70..=70 } in "./tmp/20/allocation_layer/Likes_v.rs"
verus succeeded with time: 64196ms, keeping it commented out
commenting out line Lines { lines: 565..=565 } in "./tmp/18/allocation_layer/AllocationBranchBetree_v.rs"
verus succeeded with time: 63967ms, keeping it commented out
commenting out line Lines { lines: 331..=332 } in "./tmp/17/allocation_layer/AllocationBranch_v.rs"
verus succeeded with time: 62590ms, keeping it commented out
commenting out line Lines { lines: 899..=899 } in "./tmp/4/abstract_system/AbstractCrashAwareSystemRefinement_v.rs"
verus succeeded with time: 61220ms, keeping it commented out
commenting out line Lines { lines: 233..=259 } in "./tmp/19/allocation_layer/AllocationBranchBetreeRefinement_v.rs"
verus failed with time: 57559ms, reverting
commenting out line Lines { lines: 156..=156 } in "./tmp/21/allocation_layer/LikesBetree_v.rs"
verus succeeded with time: 64674ms, keeping it commented out
commenting out line Lines { lines: 764..=764 } in "./tmp/14/allocation_layer/AllocationJournal_v.rs"
verus succeeded with time: 64093ms, keeping it commented out
commenting out line Lines { lines: 71..=71 } in "./tmp/20/allocation_layer/Likes_v.rs"
verus succeeded with time: 63429ms, keeping it commented out
commenting out line Lines { lines: 568..=568 } in "./tmp/18/allocation_layer/AllocationBranchBetree_v.rs"
verus succeeded with time: 64243ms, keeping it commented out
commenting out line Lines { lines: 345..=345 } in "./tmp/17/allocation_layer/AllocationBranch_v.rs"
verus succeeded with time: 65513ms, keeping it commented out
commenting out line Lines { lines: 902..=902 } in "./tmp/4/abstract_system/AbstractCrashAwareSystemRefinement_v.rs"
verus succeeded with time: 62937ms, keeping it commented out
commenting out line Lines { lines: 272..=272 } in "./tmp/19/allocation_layer/AllocationBranchBetreeRefinement_v.rs"
verus failed with time: 55594ms, reverting
commenting out line Lines { lines: 196..=196 } in "./tmp/21/allocation_layer/LikesBetree_v.rs"
verus failed with time: 57613ms, reverting
commenting out line Lines { lines: 570..=570 } in "./tmp/18/allocation_layer/AllocationBranchBetree_v.rs"
verus failed with time: 60179ms, reverting
commenting out line Lines { lines: 766..=766 } in "./tmp/14/allocation_layer/AllocationJournal_v.rs"
verus succeeded with time: 63638ms, keeping it commented out
commenting out line Lines { lines: 78..=78 } in "./tmp/20/allocation_layer/Likes_v.rs"
verus succeeded with time: 64568ms, keeping it commented out
commenting out line Lines { lines: 346..=346 } in "./tmp/17/allocation_layer/AllocationBranch_v.rs"
verus failed with time: 60121ms, reverting
commenting out line Lines { lines: 275..=275 } in "./tmp/19/allocation_layer/AllocationBranchBetreeRefinement_v.rs"
verus failed with time: 58808ms, reverting
commenting out line Lines { lines: 906..=906 } in "./tmp/4/abstract_system/AbstractCrashAwareSystemRefinement_v.rs"
verus succeeded with time: 64425ms, keeping it commented out
commenting out line Lines { lines: 232..=232 } in "./tmp/21/allocation_layer/LikesBetree_v.rs"
verus failed with time: 57673ms, reverting
commenting out line Lines { lines: 571..=571 } in "./tmp/18/allocation_layer/AllocationBranchBetree_v.rs"
verus succeeded with time: 62441ms, keeping it commented out
commenting out line Lines { lines: 79..=79 } in "./tmp/20/allocation_layer/Likes_v.rs"
verus failed with time: 61487ms, reverting
commenting out line Lines { lines: 767..=767 } in "./tmp/14/allocation_layer/AllocationJournal_v.rs"
verus succeeded with time: 63537ms, keeping it commented out
commenting out line Lines { lines: 342..=348 } in "./tmp/17/allocation_layer/AllocationBranch_v.rs"
verus failed with time: 58903ms, reverting
commenting out line Lines { lines: 283..=283 } in "./tmp/19/allocation_layer/AllocationBranchBetreeRefinement_v.rs"
verus succeeded with time: 64000ms, keeping it commented out
commenting out line Lines { lines: 909..=909 } in "./tmp/4/abstract_system/AbstractCrashAwareSystemRefinement_v.rs"
verus succeeded with time: 64978ms, keeping it commented out
commenting out line Lines { lines: 278..=278 } in "./tmp/21/allocation_layer/LikesBetree_v.rs"
verus failed with time: 57149ms, reverting
commenting out line Lines { lines: 748..=769 } in "./tmp/14/allocation_layer/AllocationJournal_v.rs"
verus failed with time: 59058ms, reverting
commenting out line Lines { lines: 80..=80 } in "./tmp/20/allocation_layer/Likes_v.rs"
verus failed with time: 60422ms, reverting
commenting out line Lines { lines: 573..=575 } in "./tmp/18/allocation_layer/AllocationBranchBetree_v.rs"
verus succeeded with time: 62634ms, keeping it commented out
commenting out line Lines { lines: 452..=452 } in "./tmp/17/allocation_layer/AllocationBranch_v.rs"
verus failed with time: 59168ms, reverting
commenting out line Lines { lines: 285..=285 } in "./tmp/19/allocation_layer/AllocationBranchBetreeRefinement_v.rs"
verus succeeded with time: 65061ms, keeping it commented out
commenting out line Lines { lines: 912..=912 } in "./tmp/4/abstract_system/AbstractCrashAwareSystemRefinement_v.rs"
verus succeeded with time: 63555ms, keeping it commented out
commenting out line Lines { lines: 282..=282 } in "./tmp/21/allocation_layer/LikesBetree_v.rs"
verus succeeded with time: 62659ms, keeping it commented out
commenting out line Lines { lines: 794..=794 } in "./tmp/14/allocation_layer/AllocationJournal_v.rs"
verus failed with time: 59124ms, reverting
commenting out line Lines { lines: 576..=576 } in "./tmp/18/allocation_layer/AllocationBranchBetree_v.rs"
verus succeeded with time: 62214ms, keeping it commented out
commenting out line Lines { lines: 82..=82 } in "./tmp/20/allocation_layer/Likes_v.rs"
verus succeeded with time: 62331ms, keeping it commented out
commenting out line Lines { lines: 453..=453 } in "./tmp/17/allocation_layer/AllocationBranch_v.rs"
verus succeeded with time: 61737ms, keeping it commented out
commenting out line Lines { lines: 288..=288 } in "./tmp/19/allocation_layer/AllocationBranchBetreeRefinement_v.rs"
verus failed with time: 58095ms, reverting
commenting out line Lines { lines: 915..=915 } in "./tmp/4/abstract_system/AbstractCrashAwareSystemRefinement_v.rs"
verus succeeded with time: 61079ms, keeping it commented out
commenting out line Lines { lines: 285..=285 } in "./tmp/21/allocation_layer/LikesBetree_v.rs"
verus failed with time: 54972ms, reverting
commenting out line Lines { lines: 840..=840 } in "./tmp/14/allocation_layer/AllocationJournal_v.rs"
verus failed with time: 57994ms, reverting
commenting out line Lines { lines: 95..=95 } in "./tmp/20/allocation_layer/Likes_v.rs"
verus failed with time: 58524ms, reverting
commenting out line Lines { lines: 579..=579 } in "./tmp/18/allocation_layer/AllocationBranchBetree_v.rs"
verus succeeded with time: 63447ms, keeping it commented out
commenting out line Lines { lines: 454..=454 } in "./tmp/17/allocation_layer/AllocationBranch_v.rs"
verus succeeded with time: 64314ms, keeping it commented out
commenting out line Lines { lines: 289..=289 } in "./tmp/19/allocation_layer/AllocationBranchBetreeRefinement_v.rs"
verus succeeded with time: 63646ms, keeping it commented out
commenting out line Lines { lines: 918..=918 } in "./tmp/4/abstract_system/AbstractCrashAwareSystemRefinement_v.rs"
verus succeeded with time: 62398ms, keeping it commented out
commenting out line Lines { lines: 309..=309 } in "./tmp/21/allocation_layer/LikesBetree_v.rs"
verus succeeded with time: 60785ms, keeping it commented out
commenting out line Lines { lines: 845..=847 } in "./tmp/14/allocation_layer/AllocationJournal_v.rs"
verus succeeded with time: 60626ms, keeping it commented out
commenting out line Lines { lines: 97..=97 } in "./tmp/20/allocation_layer/Likes_v.rs"
verus failed with time: 56395ms, reverting
commenting out line Lines { lines: 460..=460 } in "./tmp/17/allocation_layer/AllocationBranch_v.rs"
verus failed with time: 57523ms, reverting
commenting out line Lines { lines: 581..=581 } in "./tmp/18/allocation_layer/AllocationBranchBetree_v.rs"
verus succeeded with time: 60831ms, keeping it commented out
commenting out line Lines { lines: 292..=292 } in "./tmp/19/allocation_layer/AllocationBranchBetreeRefinement_v.rs"
verus failed with time: 58245ms, reverting
commenting out line Lines { lines: 921..=921 } in "./tmp/4/abstract_system/AbstractCrashAwareSystemRefinement_v.rs"
verus succeeded with time: 62017ms, keeping it commented out
commenting out line Lines { lines: 327..=327 } in "./tmp/21/allocation_layer/LikesBetree_v.rs"
verus failed with time: 56844ms, reverting
commenting out line Lines { lines: 99..=99 } in "./tmp/20/allocation_layer/Likes_v.rs"
verus succeeded with time: 61392ms, keeping it commented out
commenting out line Lines { lines: 851..=851 } in "./tmp/14/allocation_layer/AllocationJournal_v.rs"
verus succeeded with time: 64032ms, keeping it commented out
commenting out line Lines { lines: 461..=461 } in "./tmp/17/allocation_layer/AllocationBranch_v.rs"
verus succeeded with time: 63951ms, keeping it commented out
commenting out line Lines { lines: 582..=582 } in "./tmp/18/allocation_layer/AllocationBranchBetree_v.rs"
verus succeeded with time: 66431ms, keeping it commented out
commenting out line Lines { lines: 293..=293 } in "./tmp/19/allocation_layer/AllocationBranchBetreeRefinement_v.rs"
verus failed with time: 57770ms, reverting
commenting out line Lines { lines: 930..=930 } in "./tmp/4/abstract_system/AbstractCrashAwareSystemRefinement_v.rs"
verus succeeded with time: 62655ms, keeping it commented out
commenting out line Lines { lines: 329..=329 } in "./tmp/21/allocation_layer/LikesBetree_v.rs"
verus failed with time: 57531ms, reverting
commenting out line Lines { lines: 106..=106 } in "./tmp/20/allocation_layer/Likes_v.rs"
verus failed with time: 55258ms, reverting
commenting out line Lines { lines: 853..=853 } in "./tmp/14/allocation_layer/AllocationJournal_v.rs"
verus succeeded with time: 62635ms, keeping it commented out
commenting out line Lines { lines: 456..=463 } in "./tmp/17/allocation_layer/AllocationBranch_v.rs"
verus failed with time: 58927ms, reverting
commenting out line Lines { lines: 294..=294 } in "./tmp/19/allocation_layer/AllocationBranchBetreeRefinement_v.rs"
verus failed with time: 59294ms, reverting
commenting out line Lines { lines: 585..=585 } in "./tmp/18/allocation_layer/AllocationBranchBetree_v.rs"
verus succeeded with time: 61455ms, keeping it commented out
commenting out line Lines { lines: 935..=935 } in "./tmp/4/abstract_system/AbstractCrashAwareSystemRefinement_v.rs"
verus succeeded with time: 64600ms, keeping it commented out
commenting out line Lines { lines: 331..=331 } in "./tmp/21/allocation_layer/LikesBetree_v.rs"
verus succeeded with time: 63512ms, keeping it commented out
commenting out line Lines { lines: 108..=108 } in "./tmp/20/allocation_layer/Likes_v.rs"
verus failed with time: 58378ms, reverting
commenting out line Lines { lines: 854..=857 } in "./tmp/14/allocation_layer/AllocationJournal_v.rs"
verus failed with time: 56775ms, reverting
commenting out line Lines { lines: 291..=296 } in "./tmp/19/allocation_layer/AllocationBranchBetreeRefinement_v.rs"
verus failed with time: 56759ms, reverting
commenting out line Lines { lines: 464..=464 } in "./tmp/17/allocation_layer/AllocationBranch_v.rs"
verus succeeded with time: 64218ms, keeping it commented out
commenting out line Lines { lines: 591..=591 } in "./tmp/18/allocation_layer/AllocationBranchBetree_v.rs"
verus succeeded with time: 64344ms, keeping it commented out
commenting out line Lines { lines: 994..=994 } in "./tmp/4/abstract_system/AbstractCrashAwareSystemRefinement_v.rs"
verus failed with time: 57513ms, reverting
commenting out line Lines { lines: 333..=333 } in "./tmp/21/allocation_layer/LikesBetree_v.rs"
verus failed with time: 56094ms, reverting
commenting out line Lines { lines: 110..=110 } in "./tmp/20/allocation_layer/Likes_v.rs"
verus succeeded with time: 63375ms, keeping it commented out
commenting out line Lines { lines: 858..=858 } in "./tmp/14/allocation_layer/AllocationJournal_v.rs"
verus succeeded with time: 62580ms, keeping it commented out
commenting out line Lines { lines: 297..=297 } in "./tmp/19/allocation_layer/AllocationBranchBetreeRefinement_v.rs"
verus succeeded with time: 64762ms, keeping it commented out
commenting out line Lines { lines: 471..=471 } in "./tmp/17/allocation_layer/AllocationBranch_v.rs"
verus succeeded with time: 64207ms, keeping it commented out
commenting out line Lines { lines: 603..=603 } in "./tmp/18/allocation_layer/AllocationBranchBetree_v.rs"
verus succeeded with time: 63864ms, keeping it commented out
commenting out line Lines { lines: 995..=995 } in "./tmp/4/abstract_system/AbstractCrashAwareSystemRefinement_v.rs"
verus succeeded with time: 63230ms, keeping it commented out
commenting out line Lines { lines: 337..=337 } in "./tmp/21/allocation_layer/LikesBetree_v.rs"
verus succeeded with time: 62927ms, keeping it commented out
commenting out line Lines { lines: 112..=112 } in "./tmp/20/allocation_layer/Likes_v.rs"
verus failed with time: 60581ms, reverting
commenting out line Lines { lines: 962..=963 } in "./tmp/14/allocation_layer/AllocationJournal_v.rs"
verus failed with time: 57215ms, reverting
commenting out line Lines { lines: 478..=478 } in "./tmp/17/allocation_layer/AllocationBranch_v.rs"
verus failed with time: 55149ms, reverting
commenting out line Lines { lines: 280..=298 } in "./tmp/19/allocation_layer/AllocationBranchBetreeRefinement_v.rs"
verus failed with time: 59402ms, reverting
commenting out line Lines { lines: 604..=604 } in "./tmp/18/allocation_layer/AllocationBranchBetree_v.rs"
verus succeeded with time: 63099ms, keeping it commented out
commenting out line Lines { lines: 998..=1001 } in "./tmp/4/abstract_system/AbstractCrashAwareSystemRefinement_v.rs"
verus failed with time: 59146ms, reverting
commenting out line Lines { lines: 338..=338 } in "./tmp/21/allocation_layer/LikesBetree_v.rs"
verus succeeded with time: 61026ms, keeping it commented out
commenting out line Lines { lines: 114..=114 } in "./tmp/20/allocation_layer/Likes_v.rs"
verus failed with time: 55055ms, reverting
commenting out line Lines { lines: 964..=964 } in "./tmp/14/allocation_layer/AllocationJournal_v.rs"
verus succeeded with time: 60343ms, keeping it commented out
commenting out line Lines { lines: 334..=334 } in "./tmp/19/allocation_layer/AllocationBranchBetreeRefinement_v.rs"
verus failed with time: 59242ms, reverting
commenting out line Lines { lines: 479..=479 } in "./tmp/17/allocation_layer/AllocationBranch_v.rs"
verus succeeded with time: 62926ms, keeping it commented out
commenting out line Lines { lines: 607..=607 } in "./tmp/18/allocation_layer/AllocationBranchBetree_v.rs"
verus failed with time: 59597ms, reverting
commenting out line Lines { lines: 339..=339 } in "./tmp/21/allocation_layer/LikesBetree_v.rs"
verus failed with time: 59122ms, reverting
commenting out line Lines { lines: 1015..=1015 } in "./tmp/4/abstract_system/AbstractCrashAwareSystemRefinement_v.rs"
verus succeeded with time: 65089ms, keeping it commented out
commenting out line Lines { lines: 124..=124 } in "./tmp/20/allocation_layer/Likes_v.rs"
verus failed with time: 58129ms, reverting
commenting out line Lines { lines: 968..=968 } in "./tmp/14/allocation_layer/AllocationJournal_v.rs"
verus failed with time: 58816ms, reverting
commenting out line Lines { lines: 330..=336 } in "./tmp/19/allocation_layer/AllocationBranchBetreeRefinement_v.rs"
verus failed with time: 58304ms, reverting
commenting out line Lines { lines: 480..=480 } in "./tmp/17/allocation_layer/AllocationBranch_v.rs"
verus succeeded with time: 60834ms, keeping it commented out
commenting out line Lines { lines: 608..=608 } in "./tmp/18/allocation_layer/AllocationBranchBetree_v.rs"
verus succeeded with time: 64553ms, keeping it commented out
commenting out line Lines { lines: 340..=340 } in "./tmp/21/allocation_layer/LikesBetree_v.rs"
verus failed with time: 58107ms, reverting
commenting out line Lines { lines: 1016..=1016 } in "./tmp/4/abstract_system/AbstractCrashAwareSystemRefinement_v.rs"
verus succeeded with time: 64732ms, keeping it commented out
commenting out line Lines { lines: 125..=125 } in "./tmp/20/allocation_layer/Likes_v.rs"
verus succeeded with time: 65809ms, keeping it commented out
commenting out line Lines { lines: 976..=976 } in "./tmp/14/allocation_layer/AllocationJournal_v.rs"
verus failed with time: 59214ms, reverting
commenting out line Lines { lines: 337..=337 } in "./tmp/19/allocation_layer/AllocationBranchBetreeRefinement_v.rs"
verus succeeded with time: 64374ms, keeping it commented out
commenting out line Lines { lines: 481..=481 } in "./tmp/17/allocation_layer/AllocationBranch_v.rs"
verus succeeded with time: 63898ms, keeping it commented out
commenting out line Lines { lines: 344..=344 } in "./tmp/21/allocation_layer/LikesBetree_v.rs"
verus failed with time: 57396ms, reverting
commenting out line Lines { lines: 609..=609 } in "./tmp/18/allocation_layer/AllocationBranchBetree_v.rs"
verus succeeded with time: 60600ms, keeping it commented out
commenting out line Lines { lines: 1025..=1025 } in "./tmp/4/abstract_system/AbstractCrashAwareSystemRefinement_v.rs"
verus failed with time: 58399ms, reverting
commenting out line Lines { lines: 970..=977 } in "./tmp/14/allocation_layer/AllocationJournal_v.rs"
verus failed with time: 58660ms, reverting
commenting out line Lines { lines: 145..=145 } in "./tmp/20/allocation_layer/Likes_v.rs"
verus succeeded with time: 64986ms, keeping it commented out
commenting out line Lines { lines: 348..=348 } in "./tmp/19/allocation_layer/AllocationBranchBetreeRefinement_v.rs"
verus failed with time: 57912ms, reverting
commenting out line Lines { lines: 484..=484 } in "./tmp/17/allocation_layer/AllocationBranch_v.rs"
verus succeeded with time: 65967ms, keeping it commented out
commenting out line Lines { lines: 346..=346 } in "./tmp/21/allocation_layer/LikesBetree_v.rs"
verus failed with time: 56912ms, reverting
commenting out line Lines { lines: 610..=610 } in "./tmp/18/allocation_layer/AllocationBranchBetree_v.rs"
verus succeeded with time: 60548ms, keeping it commented out
commenting out line Lines { lines: 1024..=1026 } in "./tmp/4/abstract_system/AbstractCrashAwareSystemRefinement_v.rs"
verus failed with time: 58214ms, reverting
commenting out line Lines { lines: 146..=146 } in "./tmp/20/allocation_layer/Likes_v.rs"
verus failed with time: 57579ms, reverting
commenting out line Lines { lines: 1016..=1016 } in "./tmp/14/allocation_layer/AllocationJournal_v.rs"
verus succeeded with time: 61722ms, keeping it commented out
commenting out line Lines { lines: 349..=349 } in "./tmp/19/allocation_layer/AllocationBranchBetreeRefinement_v.rs"
verus failed with time: 58535ms, reverting
commenting out line Lines { lines: 490..=490 } in "./tmp/17/allocation_layer/AllocationBranch_v.rs"
verus succeeded with time: 61130ms, keeping it commented out
commenting out line Lines { lines: 348..=348 } in "./tmp/21/allocation_layer/LikesBetree_v.rs"
verus succeeded with time: 62714ms, keeping it commented out
commenting out line Lines { lines: 614..=614 } in "./tmp/18/allocation_layer/AllocationBranchBetree_v.rs"
verus succeeded with time: 65211ms, keeping it commented out
commenting out line Lines { lines: 1027..=1027 } in "./tmp/4/abstract_system/AbstractCrashAwareSystemRefinement_v.rs"
verus succeeded with time: 66775ms, keeping it commented out
commenting out line Lines { lines: 142..=147 } in "./tmp/20/allocation_layer/Likes_v.rs"
verus failed with time: 55060ms, reverting
minimization of ./tmp/20/allocation_layer/Likes_v.rs is completed
commenting out line Lines { lines: 1017..=1017 } in "./tmp/14/allocation_layer/AllocationJournal_v.rs"
verus failed with time: 59326ms, reverting
commenting out line Lines { lines: 82..=82 } in "./tmp/22/allocation_layer/LikesBetreeRefinement_v.rs"
verus failed with time: 8216ms, reverting
minimization of ./tmp/22/allocation_layer/LikesBetreeRefinement_v.rs is completed
commenting out line Lines { lines: 350..=350 } in "./tmp/19/allocation_layer/AllocationBranchBetreeRefinement_v.rs"
verus failed with time: 55721ms, reverting
commenting out line Lines { lines: 350..=350 } in "./tmp/21/allocation_layer/LikesBetree_v.rs"
verus failed with time: 58022ms, reverting
commenting out line Lines { lines: 512..=512 } in "./tmp/17/allocation_layer/AllocationBranch_v.rs"
verus succeeded with time: 64561ms, keeping it commented out
commenting out line Lines { lines: 615..=615 } in "./tmp/18/allocation_layer/AllocationBranchBetree_v.rs"
verus succeeded with time: 62817ms, keeping it commented out
commenting out line Lines { lines: 1030..=1030 } in "./tmp/4/abstract_system/AbstractCrashAwareSystemRefinement_v.rs"
verus failed with time: 57270ms, reverting
commenting out line Lines { lines: 84..=84 } in "./tmp/23/allocation_layer/LikesJournal_v.rs"
verus failed with time: 56863ms, reverting
commenting out line Lines { lines: 1018..=1018 } in "./tmp/14/allocation_layer/AllocationJournal_v.rs"
verus succeeded with time: 65424ms, keeping it commented out
commenting out line Lines { lines: 339..=351 } in "./tmp/19/allocation_layer/AllocationBranchBetreeRefinement_v.rs"
verus failed with time: 57352ms, reverting
commenting out line Lines { lines: 352..=352 } in "./tmp/21/allocation_layer/LikesBetree_v.rs"
verus failed with time: 57594ms, reverting
commenting out line Lines { lines: 515..=515 } in "./tmp/17/allocation_layer/AllocationBranch_v.rs"
verus failed with time: 57140ms, reverting
commenting out line Lines { lines: 617..=617 } in "./tmp/18/allocation_layer/AllocationBranchBetree_v.rs"
verus failed with time: 58838ms, reverting
commenting out line Lines { lines: 1032..=1032 } in "./tmp/4/abstract_system/AbstractCrashAwareSystemRefinement_v.rs"
verus succeeded with time: 61807ms, keeping it commented out
commenting out line Lines { lines: 86..=86 } in "./tmp/23/allocation_layer/LikesJournal_v.rs"
verus failed with time: 61284ms, reverting
commenting out line Lines { lines: 1020..=1022 } in "./tmp/14/allocation_layer/AllocationJournal_v.rs"
verus failed with time: 59788ms, reverting
commenting out line Lines { lines: 363..=363 } in "./tmp/19/allocation_layer/AllocationBranchBetreeRefinement_v.rs"
verus succeeded with time: 63095ms, keeping it commented out
commenting out line Lines { lines: 406..=406 } in "./tmp/21/allocation_layer/LikesBetree_v.rs"
verus failed with time: 58935ms, reverting
commenting out line Lines { lines: 516..=516 } in "./tmp/17/allocation_layer/AllocationBranch_v.rs"
verus failed with time: 57043ms, reverting
commenting out line Lines { lines: 619..=619 } in "./tmp/18/allocation_layer/AllocationBranchBetree_v.rs"
verus succeeded with time: 62047ms, keeping it commented out
commenting out line Lines { lines: 1033..=1033 } in "./tmp/4/abstract_system/AbstractCrashAwareSystemRefinement_v.rs"
verus succeeded with time: 65722ms, keeping it commented out
commenting out line Lines { lines: 80..=88 } in "./tmp/23/allocation_layer/LikesJournal_v.rs"
verus failed with time: 56532ms, reverting
commenting out line Lines { lines: 1025..=1026 } in "./tmp/14/allocation_layer/AllocationJournal_v.rs"
verus failed with time: 57443ms, reverting
commenting out line Lines { lines: 364..=364 } in "./tmp/19/allocation_layer/AllocationBranchBetreeRefinement_v.rs"
verus succeeded with time: 65785ms, keeping it commented out
commenting out line Lines { lines: 412..=412 } in "./tmp/21/allocation_layer/LikesBetree_v.rs"
verus failed with time: 56657ms, reverting
commenting out line Lines { lines: 517..=517 } in "./tmp/17/allocation_layer/AllocationBranch_v.rs"
verus succeeded with time: 61505ms, keeping it commented out
commenting out line Lines { lines: 621..=621 } in "./tmp/18/allocation_layer/AllocationBranchBetree_v.rs"
verus failed with time: 59355ms, reverting
commenting out line Lines { lines: 1034..=1035 } in "./tmp/4/abstract_system/AbstractCrashAwareSystemRefinement_v.rs"
verus succeeded with time: 61468ms, keeping it commented out
commenting out line Lines { lines: 1024..=1027 } in "./tmp/14/allocation_layer/AllocationJournal_v.rs"
verus failed with time: 58048ms, reverting
commenting out line Lines { lines: 89..=89 } in "./tmp/23/allocation_layer/LikesJournal_v.rs"
verus succeeded with time: 62746ms, keeping it commented out
commenting out line Lines { lines: 366..=366 } in "./tmp/19/allocation_layer/AllocationBranchBetreeRefinement_v.rs"
verus failed with time: 57579ms, reverting
commenting out line Lines { lines: 402..=414 } in "./tmp/21/allocation_layer/LikesBetree_v.rs"
verus failed with time: 56873ms, reverting
commenting out line Lines { lines: 504..=519 } in "./tmp/17/allocation_layer/AllocationBranch_v.rs"
verus failed with time: 56848ms, reverting
commenting out line Lines { lines: 654..=654 } in "./tmp/18/allocation_layer/AllocationBranchBetree_v.rs"
verus failed with time: 58326ms, reverting
commenting out line Lines { lines: 1042..=1042 } in "./tmp/4/abstract_system/AbstractCrashAwareSystemRefinement_v.rs"
verus succeeded with time: 65551ms, keeping it commented out
commenting out line Lines { lines: 151..=151 } in "./tmp/23/allocation_layer/LikesJournal_v.rs"
verus succeeded with time: 65127ms, keeping it commented out
commenting out line Lines { lines: 1031..=1031 } in "./tmp/14/allocation_layer/AllocationJournal_v.rs"
verus succeeded with time: 67158ms, keeping it commented out
commenting out line Lines { lines: 367..=367 } in "./tmp/19/allocation_layer/AllocationBranchBetreeRefinement_v.rs"
verus failed with time: 58341ms, reverting
commenting out line Lines { lines: 428..=428 } in "./tmp/21/allocation_layer/LikesBetree_v.rs"
verus failed with time: 57961ms, reverting
commenting out line Lines { lines: 520..=520 } in "./tmp/17/allocation_layer/AllocationBranch_v.rs"
verus succeeded with time: 61684ms, keeping it commented out
commenting out line Lines { lines: 655..=655 } in "./tmp/18/allocation_layer/AllocationBranchBetree_v.rs"
verus succeeded with time: 64671ms, keeping it commented out
commenting out line Lines { lines: 1074..=1074 } in "./tmp/4/abstract_system/AbstractCrashAwareSystemRefinement_v.rs"
verus succeeded with time: 62636ms, keeping it commented out
commenting out line Lines { lines: 1033..=1033 } in "./tmp/14/allocation_layer/AllocationJournal_v.rs"
verus failed with time: 60058ms, reverting
commenting out line Lines { lines: 161..=161 } in "./tmp/23/allocation_layer/LikesJournal_v.rs"
verus succeeded with time: 61919ms, keeping it commented out
commenting out line Lines { lines: 370..=370 } in "./tmp/19/allocation_layer/AllocationBranchBetreeRefinement_v.rs"
verus succeeded with time: 62181ms, keeping it commented out
commenting out line Lines { lines: 429..=429 } in "./tmp/21/allocation_layer/LikesBetree_v.rs"
verus failed with time: 57371ms, reverting
commenting out line Lines { lines: 521..=521 } in "./tmp/17/allocation_layer/AllocationBranch_v.rs"
verus failed with time: 57779ms, reverting
commenting out line Lines { lines: 652..=657 } in "./tmp/18/allocation_layer/AllocationBranchBetree_v.rs"
verus succeeded with time: 66579ms, keeping it commented out
commenting out line Lines { lines: 1076..=1076 } in "./tmp/4/abstract_system/AbstractCrashAwareSystemRefinement_v.rs"
verus succeeded with time: 63071ms, keeping it commented out
commenting out line Lines { lines: 162..=162 } in "./tmp/23/allocation_layer/LikesJournal_v.rs"
verus succeeded with time: 61932ms, keeping it commented out
commenting out line Lines { lines: 1073..=1073 } in "./tmp/14/allocation_layer/AllocationJournal_v.rs"
verus succeeded with time: 63246ms, keeping it commented out
commenting out line Lines { lines: 375..=375 } in "./tmp/19/allocation_layer/AllocationBranchBetreeRefinement_v.rs"
verus failed with time: 58581ms, reverting
commenting out line Lines { lines: 430..=430 } in "./tmp/21/allocation_layer/LikesBetree_v.rs"
verus succeeded with time: 62324ms, keeping it commented out
commenting out line Lines { lines: 522..=522 } in "./tmp/17/allocation_layer/AllocationBranch_v.rs"
verus failed with time: 58389ms, reverting
commenting out line Lines { lines: 671..=671 } in "./tmp/18/allocation_layer/AllocationBranchBetree_v.rs"
verus succeeded with time: 64473ms, keeping it commented out
commenting out line Lines { lines: 1080..=1080 } in "./tmp/4/abstract_system/AbstractCrashAwareSystemRefinement_v.rs"
verus succeeded with time: 64264ms, keeping it commented out
commenting out line Lines { lines: 372..=376 } in "./tmp/19/allocation_layer/AllocationBranchBetreeRefinement_v.rs"
verus failed with time: 60593ms, reverting
commenting out line Lines { lines: 218..=218 } in "./tmp/23/allocation_layer/LikesJournal_v.rs"
verus succeeded with time: 64227ms, keeping it commented out
commenting out line Lines { lines: 1079..=1079 } in "./tmp/14/allocation_layer/AllocationJournal_v.rs"
verus succeeded with time: 64196ms, keeping it commented out
commenting out line Lines { lines: 439..=439 } in "./tmp/21/allocation_layer/LikesBetree_v.rs"
verus failed with time: 58466ms, reverting
commenting out line Lines { lines: 523..=523 } in "./tmp/17/allocation_layer/AllocationBranch_v.rs"
verus succeeded with time: 63794ms, keeping it commented out
commenting out line Lines { lines: 677..=677 } in "./tmp/18/allocation_layer/AllocationBranchBetree_v.rs"
verus succeeded with time: 63651ms, keeping it commented out
commenting out line Lines { lines: 1083..=1083 } in "./tmp/4/abstract_system/AbstractCrashAwareSystemRefinement_v.rs"
verus failed with time: 59491ms, reverting
commenting out line Lines { lines: 381..=381 } in "./tmp/19/allocation_layer/AllocationBranchBetreeRefinement_v.rs"
verus failed with time: 60703ms, reverting
commenting out line Lines { lines: 1083..=1083 } in "./tmp/14/allocation_layer/AllocationJournal_v.rs"
verus failed with time: 59953ms, reverting
commenting out line Lines { lines: 440..=440 } in "./tmp/21/allocation_layer/LikesBetree_v.rs"
verus failed with time: 60230ms, reverting
commenting out line Lines { lines: 224..=224 } in "./tmp/23/allocation_layer/LikesJournal_v.rs"
verus succeeded with time: 64055ms, keeping it commented out
commenting out line Lines { lines: 530..=530 } in "./tmp/17/allocation_layer/AllocationBranch_v.rs"
verus succeeded with time: 63452ms, keeping it commented out
commenting out line Lines { lines: 683..=683 } in "./tmp/18/allocation_layer/AllocationBranchBetree_v.rs"
verus succeeded with time: 64314ms, keeping it commented out
commenting out line Lines { lines: 1084..=1084 } in "./tmp/14/allocation_layer/AllocationJournal_v.rs"
verus failed with time: 59905ms, reverting
commenting out line Lines { lines: 355..=384 } in "./tmp/19/allocation_layer/AllocationBranchBetreeRefinement_v.rs"
verus failed with time: 60617ms, reverting
commenting out line Lines { lines: 1086..=1092 } in "./tmp/4/abstract_system/AbstractCrashAwareSystemRefinement_v.rs"
verus succeeded with time: 65244ms, keeping it commented out
commenting out line Lines { lines: 237..=237 } in "./tmp/23/allocation_layer/LikesJournal_v.rs"
verus failed with time: 59724ms, reverting
commenting out line Lines { lines: 441..=441 } in "./tmp/21/allocation_layer/LikesBetree_v.rs"
verus succeeded with time: 65244ms, keeping it commented out
commenting out line Lines { lines: 531..=531 } in "./tmp/17/allocation_layer/AllocationBranch_v.rs"
verus failed with time: 57495ms, reverting
commenting out line Lines { lines: 694..=694 } in "./tmp/18/allocation_layer/AllocationBranchBetree_v.rs"
verus succeeded with time: 66822ms, keeping it commented out
commenting out line Lines { lines: 1096..=1096 } in "./tmp/4/abstract_system/AbstractCrashAwareSystemRefinement_v.rs"
verus failed with time: 60696ms, reverting
commenting out line Lines { lines: 1085..=1085 } in "./tmp/14/allocation_layer/AllocationJournal_v.rs"
verus succeeded with time: 65534ms, keeping it commented out
commenting out line Lines { lines: 385..=385 } in "./tmp/19/allocation_layer/AllocationBranchBetreeRefinement_v.rs"
verus succeeded with time: 65664ms, keeping it commented out
commenting out line Lines { lines: 233..=239 } in "./tmp/23/allocation_layer/LikesJournal_v.rs"
verus failed with time: 63218ms, reverting
commenting out line Lines { lines: 452..=452 } in "./tmp/21/allocation_layer/LikesBetree_v.rs"
verus succeeded with time: 64872ms, keeping it commented out
commenting out line Lines { lines: 532..=532 } in "./tmp/17/allocation_layer/AllocationBranch_v.rs"
verus succeeded with time: 64988ms, keeping it commented out
commenting out line Lines { lines: 696..=696 } in "./tmp/18/allocation_layer/AllocationBranchBetree_v.rs"
verus failed with time: 59983ms, reverting
commenting out line Lines { lines: 1097..=1097 } in "./tmp/4/abstract_system/AbstractCrashAwareSystemRefinement_v.rs"
verus succeeded with time: 64991ms, keeping it commented out
commenting out line Lines { lines: 1087..=1087 } in "./tmp/14/allocation_layer/AllocationJournal_v.rs"
verus succeeded with time: 64617ms, keeping it commented out
commenting out line Lines { lines: 426..=426 } in "./tmp/19/allocation_layer/AllocationBranchBetreeRefinement_v.rs"
verus succeeded with time: 64893ms, keeping it commented out
commenting out line Lines { lines: 240..=240 } in "./tmp/23/allocation_layer/LikesJournal_v.rs"
verus succeeded with time: 64431ms, keeping it commented out
commenting out line Lines { lines: 453..=453 } in "./tmp/21/allocation_layer/LikesBetree_v.rs"
verus failed with time: 60442ms, reverting
commenting out line Lines { lines: 534..=535 } in "./tmp/17/allocation_layer/AllocationBranch_v.rs"
verus failed with time: 59031ms, reverting
commenting out line Lines { lines: 701..=701 } in "./tmp/18/allocation_layer/AllocationBranchBetree_v.rs"
verus failed with time: 58134ms, reverting
commenting out line Lines { lines: 427..=428 } in "./tmp/19/allocation_layer/AllocationBranchBetreeRefinement_v.rs"
verus failed with time: 61877ms, reverting
commenting out line Lines { lines: 1183..=1189 } in "./tmp/4/abstract_system/AbstractCrashAwareSystemRefinement_v.rs"
verus succeeded with time: 65839ms, keeping it commented out
commenting out line Lines { lines: 268..=268 } in "./tmp/23/allocation_layer/LikesJournal_v.rs"
verus failed with time: 63011ms, reverting
commenting out line Lines { lines: 454..=454 } in "./tmp/21/allocation_layer/LikesBetree_v.rs"
verus failed with time: 62309ms, reverting
commenting out line Lines { lines: 1089..=1089 } in "./tmp/14/allocation_layer/AllocationJournal_v.rs"
verus succeeded with time: 67511ms, keeping it commented out
commenting out line Lines { lines: 539..=539 } in "./tmp/17/allocation_layer/AllocationBranch_v.rs"
verus succeeded with time: 63767ms, keeping it commented out
commenting out line Lines { lines: 702..=702 } in "./tmp/18/allocation_layer/AllocationBranchBetree_v.rs"
verus succeeded with time: 65774ms, keeping it commented out
commenting out line Lines { lines: 1259..=1260 } in "./tmp/4/abstract_system/AbstractCrashAwareSystemRefinement_v.rs"
verus failed with time: 60100ms, reverting
commenting out line Lines { lines: 431..=431 } in "./tmp/19/allocation_layer/AllocationBranchBetreeRefinement_v.rs"
verus succeeded with time: 64499ms, keeping it commented out
commenting out line Lines { lines: 269..=271 } in "./tmp/23/allocation_layer/LikesJournal_v.rs"
verus succeeded with time: 64248ms, keeping it commented out
commenting out line Lines { lines: 455..=455 } in "./tmp/21/allocation_layer/LikesBetree_v.rs"
verus succeeded with time: 66366ms, keeping it commented out
commenting out line Lines { lines: 540..=540 } in "./tmp/17/allocation_layer/AllocationBranch_v.rs"
verus failed with time: 60031ms, reverting
commenting out line Lines { lines: 1090..=1090 } in "./tmp/14/allocation_layer/AllocationJournal_v.rs"
verus succeeded with time: 65291ms, keeping it commented out
commenting out line Lines { lines: 698..=703 } in "./tmp/18/allocation_layer/AllocationBranchBetree_v.rs"
verus failed with time: 55742ms, reverting
commenting out line Lines { lines: 432..=433 } in "./tmp/19/allocation_layer/AllocationBranchBetreeRefinement_v.rs"
verus failed with time: 59048ms, reverting
commenting out line Lines { lines: 1279..=1282 } in "./tmp/4/abstract_system/AbstractCrashAwareSystemRefinement_v.rs"
verus succeeded with time: 65042ms, keeping it commented out
commenting out line Lines { lines: 279..=279 } in "./tmp/23/allocation_layer/LikesJournal_v.rs"
verus failed with time: 61712ms, reverting
commenting out line Lines { lines: 538..=541 } in "./tmp/17/allocation_layer/AllocationBranch_v.rs"
verus failed with time: 61734ms, reverting
commenting out line Lines { lines: 456..=456 } in "./tmp/21/allocation_layer/LikesBetree_v.rs"
verus succeeded with time: 65320ms, keeping it commented out
commenting out line Lines { lines: 1091..=1091 } in "./tmp/14/allocation_layer/AllocationJournal_v.rs"
verus succeeded with time: 65693ms, keeping it commented out
commenting out line Lines { lines: 697..=704 } in "./tmp/18/allocation_layer/AllocationBranchBetree_v.rs"
verus failed with time: 56507ms, reverting
commenting out line Lines { lines: 436..=436 } in "./tmp/19/allocation_layer/AllocationBranchBetreeRefinement_v.rs"
verus succeeded with time: 63887ms, keeping it commented out
commenting out line Lines { lines: 283..=283 } in "./tmp/23/allocation_layer/LikesJournal_v.rs"
verus failed with time: 60487ms, reverting
commenting out line Lines { lines: 1283..=1286 } in "./tmp/4/abstract_system/AbstractCrashAwareSystemRefinement_v.rs"
verus succeeded with time: 65544ms, keeping it commented out
commenting out line Lines { lines: 492..=492 } in "./tmp/21/allocation_layer/LikesBetree_v.rs"
verus failed with time: 60298ms, reverting
commenting out line Lines { lines: 548..=548 } in "./tmp/17/allocation_layer/AllocationBranch_v.rs"
verus succeeded with time: 64266ms, keeping it commented out
commenting out line Lines { lines: 1092..=1092 } in "./tmp/14/allocation_layer/AllocationJournal_v.rs"
verus succeeded with time: 63403ms, keeping it commented out
commenting out line Lines { lines: 711..=711 } in "./tmp/18/allocation_layer/AllocationBranchBetree_v.rs"
verus succeeded with time: 63177ms, keeping it commented out
commenting out line Lines { lines: 437..=437 } in "./tmp/19/allocation_layer/AllocationBranchBetreeRefinement_v.rs"
verus failed with time: 57888ms, reverting
commenting out line Lines { lines: 273..=286 } in "./tmp/23/allocation_layer/LikesJournal_v.rs"
verus failed with time: 58926ms, reverting
commenting out line Lines { lines: 1289..=1289 } in "./tmp/4/abstract_system/AbstractCrashAwareSystemRefinement_v.rs"
verus failed with time: 62113ms, reverting
commenting out line Lines { lines: 493..=493 } in "./tmp/21/allocation_layer/LikesBetree_v.rs"
verus failed with time: 60592ms, reverting
commenting out line Lines { lines: 557..=557 } in "./tmp/17/allocation_layer/AllocationBranch_v.rs"
verus succeeded with time: 62880ms, keeping it commented out
commenting out line Lines { lines: 1093..=1093 } in "./tmp/14/allocation_layer/AllocationJournal_v.rs"
verus succeeded with time: 64058ms, keeping it commented out
commenting out line Lines { lines: 712..=712 } in "./tmp/18/allocation_layer/AllocationBranchBetree_v.rs"
verus succeeded with time: 64084ms, keeping it commented out
commenting out line Lines { lines: 333..=333 } in "./tmp/23/allocation_layer/LikesJournal_v.rs"
verus failed with time: 58923ms, reverting
commenting out line Lines { lines: 438..=438 } in "./tmp/19/allocation_layer/AllocationBranchBetreeRefinement_v.rs"
verus succeeded with time: 64256ms, keeping it commented out
commenting out line Lines { lines: 1293..=1297 } in "./tmp/4/abstract_system/AbstractCrashAwareSystemRefinement_v.rs"
verus failed with time: 61004ms, reverting
commenting out line Lines { lines: 558..=558 } in "./tmp/17/allocation_layer/AllocationBranch_v.rs"
verus failed with time: 57163ms, reverting
commenting out line Lines { lines: 494..=495 } in "./tmp/21/allocation_layer/LikesBetree_v.rs"
verus succeeded with time: 63532ms, keeping it commented out
commenting out line Lines { lines: 1094..=1094 } in "./tmp/14/allocation_layer/AllocationJournal_v.rs"
verus succeeded with time: 63922ms, keeping it commented out
commenting out line Lines { lines: 717..=717 } in "./tmp/18/allocation_layer/AllocationBranchBetree_v.rs"
verus failed with time: 58971ms, reverting
commenting out line Lines { lines: 334..=334 } in "./tmp/23/allocation_layer/LikesJournal_v.rs"
verus failed with time: 58636ms, reverting
commenting out line Lines { lines: 439..=440 } in "./tmp/19/allocation_layer/AllocationBranchBetreeRefinement_v.rs"
verus failed with time: 59487ms, reverting
commenting out line Lines { lines: 1299..=1299 } in "./tmp/4/abstract_system/AbstractCrashAwareSystemRefinement_v.rs"
verus failed with time: 60913ms, reverting
commenting out line Lines { lines: 563..=570 } in "./tmp/17/allocation_layer/AllocationBranch_v.rs"
verus failed with time: 58485ms, reverting
commenting out line Lines { lines: 442..=442 } in "./tmp/19/allocation_layer/AllocationBranchBetreeRefinement_v.rs"
verus failed with time: 7551ms, reverting
commenting out line Lines { lines: 503..=504 } in "./tmp/21/allocation_layer/LikesBetree_v.rs"
verus failed with time: 60381ms, reverting
commenting out line Lines { lines: 1096..=1096 } in "./tmp/14/allocation_layer/AllocationJournal_v.rs"
verus succeeded with time: 63548ms, keeping it commented out
commenting out line Lines { lines: 719..=719 } in "./tmp/18/allocation_layer/AllocationBranchBetree_v.rs"
verus succeeded with time: 60321ms, keeping it commented out
commenting out line Lines { lines: 339..=339 } in "./tmp/23/allocation_layer/LikesJournal_v.rs"
verus succeeded with time: 61737ms, keeping it commented out
commenting out line Lines { lines: 550..=573 } in "./tmp/17/allocation_layer/AllocationBranch_v.rs"
verus failed with time: 59426ms, reverting
commenting out line Lines { lines: 1304..=1306 } in "./tmp/4/abstract_system/AbstractCrashAwareSystemRefinement_v.rs"
verus failed with time: 60010ms, reverting
commenting out line Lines { lines: 505..=507 } in "./tmp/21/allocation_layer/LikesBetree_v.rs"
verus failed with time: 61033ms, reverting
commenting out line Lines { lines: 466..=466 } in "./tmp/19/allocation_layer/AllocationBranchBetreeRefinement_v.rs"
verus succeeded with time: 64663ms, keeping it commented out
commenting out line Lines { lines: 1097..=1097 } in "./tmp/14/allocation_layer/AllocationJournal_v.rs"
verus succeeded with time: 64869ms, keeping it commented out
commenting out line Lines { lines: 720..=720 } in "./tmp/18/allocation_layer/AllocationBranchBetree_v.rs"
verus succeeded with time: 65080ms, keeping it commented out
commenting out line Lines { lines: 340..=340 } in "./tmp/23/allocation_layer/LikesJournal_v.rs"
verus succeeded with time: 63351ms, keeping it commented out
commenting out line Lines { lines: 574..=574 } in "./tmp/17/allocation_layer/AllocationBranch_v.rs"
verus failed with time: 57572ms, reverting
commenting out line Lines { lines: 1307..=1307 } in "./tmp/4/abstract_system/AbstractCrashAwareSystemRefinement_v.rs"
verus failed with time: 57815ms, reverting
commenting out line Lines { lines: 511..=511 } in "./tmp/21/allocation_layer/LikesBetree_v.rs"
verus failed with time: 58061ms, reverting
commenting out line Lines { lines: 467..=469 } in "./tmp/19/allocation_layer/AllocationBranchBetreeRefinement_v.rs"
verus failed with time: 58369ms, reverting
commenting out line Lines { lines: 1098..=1098 } in "./tmp/14/allocation_layer/AllocationJournal_v.rs"
verus succeeded with time: 66411ms, keeping it commented out
commenting out line Lines { lines: 718..=721 } in "./tmp/18/allocation_layer/AllocationBranchBetree_v.rs"
verus succeeded with time: 63754ms, keeping it commented out
commenting out line Lines { lines: 360..=360 } in "./tmp/23/allocation_layer/LikesJournal_v.rs"
verus succeeded with time: 61863ms, keeping it commented out
commenting out line Lines { lines: 575..=575 } in "./tmp/17/allocation_layer/AllocationBranch_v.rs"
verus succeeded with time: 62469ms, keeping it commented out
commenting out line Lines { lines: 1311..=1311 } in "./tmp/4/abstract_system/AbstractCrashAwareSystemRefinement_v.rs"
verus succeeded with time: 63902ms, keeping it commented out
commenting out line Lines { lines: 512..=512 } in "./tmp/21/allocation_layer/LikesBetree_v.rs"
verus succeeded with time: 63345ms, keeping it commented out
commenting out line Lines { lines: 473..=473 } in "./tmp/19/allocation_layer/AllocationBranchBetreeRefinement_v.rs"
verus succeeded with time: 63628ms, keeping it commented out
commenting out line Lines { lines: 1064..=1102 } in "./tmp/14/allocation_layer/AllocationJournal_v.rs"
verus failed with time: 57214ms, reverting
commenting out line Lines { lines: 724..=724 } in "./tmp/18/allocation_layer/AllocationBranchBetree_v.rs"
verus succeeded with time: 61518ms, keeping it commented out
commenting out line Lines { lines: 362..=362 } in "./tmp/23/allocation_layer/LikesJournal_v.rs"
verus succeeded with time: 63447ms, keeping it commented out
commenting out line Lines { lines: 577..=577 } in "./tmp/17/allocation_layer/AllocationBranch_v.rs"
verus succeeded with time: 64092ms, keeping it commented out
commenting out line Lines { lines: 1370..=1370 } in "./tmp/4/abstract_system/AbstractCrashAwareSystemRefinement_v.rs"
verus succeeded with time: 63106ms, keeping it commented out
commenting out line Lines { lines: 555..=555 } in "./tmp/21/allocation_layer/LikesBetree_v.rs"
verus failed with time: 59569ms, reverting
commenting out line Lines { lines: 475..=476 } in "./tmp/19/allocation_layer/AllocationBranchBetreeRefinement_v.rs"
verus succeeded with time: 63988ms, keeping it commented out
commenting out line Lines { lines: 1104..=1104 } in "./tmp/14/allocation_layer/AllocationJournal_v.rs"
verus succeeded with time: 64490ms, keeping it commented out
commenting out line Lines { lines: 730..=730 } in "./tmp/18/allocation_layer/AllocationBranchBetree_v.rs"
verus succeeded with time: 59652ms, keeping it commented out
commenting out line Lines { lines: 583..=583 } in "./tmp/17/allocation_layer/AllocationBranch_v.rs"
verus failed with time: 58804ms, reverting
commenting out line Lines { lines: 363..=363 } in "./tmp/23/allocation_layer/LikesJournal_v.rs"
verus succeeded with time: 62169ms, keeping it commented out
commenting out line Lines { lines: 1374..=1375 } in "./tmp/4/abstract_system/AbstractCrashAwareSystemRefinement_v.rs"
verus succeeded with time: 63518ms, keeping it commented out
commenting out line Lines { lines: 559..=559 } in "./tmp/21/allocation_layer/LikesBetree_v.rs"
verus succeeded with time: 62903ms, keeping it commented out
commenting out line Lines { lines: 477..=477 } in "./tmp/19/allocation_layer/AllocationBranchBetreeRefinement_v.rs"
verus succeeded with time: 64377ms, keeping it commented out
commenting out line Lines { lines: 1108..=1108 } in "./tmp/14/allocation_layer/AllocationJournal_v.rs"
verus succeeded with time: 62758ms, keeping it commented out
commenting out line Lines { lines: 725..=731 } in "./tmp/18/allocation_layer/AllocationBranchBetree_v.rs"
verus failed with time: 57420ms, reverting
commenting out line Lines { lines: 579..=584 } in "./tmp/17/allocation_layer/AllocationBranch_v.rs"
verus failed with time: 56815ms, reverting
commenting out line Lines { lines: 357..=365 } in "./tmp/23/allocation_layer/LikesJournal_v.rs"
verus failed with time: 56935ms, reverting
commenting out line Lines { lines: 561..=561 } in "./tmp/21/allocation_layer/LikesBetree_v.rs"
verus failed with time: 58830ms, reverting
commenting out line Lines { lines: 1669..=1669 } in "./tmp/4/abstract_system/AbstractCrashAwareSystemRefinement_v.rs"
verus succeeded with time: 62629ms, keeping it commented out
commenting out line Lines { lines: 491..=494 } in "./tmp/19/allocation_layer/AllocationBranchBetreeRefinement_v.rs"
verus failed with time: 59474ms, reverting
commenting out line Lines { lines: 1110..=1110 } in "./tmp/14/allocation_layer/AllocationJournal_v.rs"
verus failed with time: 59069ms, reverting
commenting out line Lines { lines: 732..=732 } in "./tmp/18/allocation_layer/AllocationBranchBetree_v.rs"
verus succeeded with time: 63380ms, keeping it commented out
commenting out line Lines { lines: 586..=586 } in "./tmp/17/allocation_layer/AllocationBranch_v.rs"
verus failed with time: 58198ms, reverting
commenting out line Lines { lines: 402..=404 } in "./tmp/23/allocation_layer/LikesJournal_v.rs"
verus failed with time: 58834ms, reverting
commenting out line Lines { lines: 558..=563 } in "./tmp/21/allocation_layer/LikesBetree_v.rs"
verus failed with time: 58401ms, reverting
commenting out line Lines { lines: 1700..=1700 } in "./tmp/4/abstract_system/AbstractCrashAwareSystemRefinement_v.rs"
verus succeeded with time: 63896ms, keeping it commented out
minimization of ./tmp/4/abstract_system/AbstractCrashAwareSystemRefinement_v.rs is completed
commenting out line Lines { lines: 502..=502 } in "./tmp/19/allocation_layer/AllocationBranchBetreeRefinement_v.rs"
verus succeeded with time: 63516ms, keeping it commented out
commenting out line Lines { lines: 1111..=1111 } in "./tmp/14/allocation_layer/AllocationJournal_v.rs"
verus succeeded with time: 65884ms, keeping it commented out
commenting out line Lines { lines: 747..=749 } in "./tmp/18/allocation_layer/AllocationBranchBetree_v.rs"
verus succeeded with time: 62420ms, keeping it commented out
commenting out line Lines { lines: 409..=411 } in "./tmp/23/allocation_layer/LikesJournal_v.rs"
verus failed with time: 57714ms, reverting
commenting out line Lines { lines: 587..=587 } in "./tmp/17/allocation_layer/AllocationBranch_v.rs"
verus failed with time: 58677ms, reverting
commenting out line Lines { lines: 570..=570 } in "./tmp/21/allocation_layer/LikesBetree_v.rs"
verus failed with time: 57636ms, reverting
commenting out line Lines { lines: 49..=49 } in "./tmp/24/allocation_layer/LikesJournalRefinement_v.rs"
verus succeeded with time: 61419ms, keeping it commented out
commenting out line Lines { lines: 506..=506 } in "./tmp/19/allocation_layer/AllocationBranchBetreeRefinement_v.rs"
verus succeeded with time: 63369ms, keeping it commented out
commenting out line Lines { lines: 1114..=1114 } in "./tmp/14/allocation_layer/AllocationJournal_v.rs"
verus succeeded with time: 61419ms, keeping it commented out
commenting out line Lines { lines: 390..=413 } in "./tmp/23/allocation_layer/LikesJournal_v.rs"
verus failed with time: 58942ms, reverting
commenting out line Lines { lines: 588..=588 } in "./tmp/17/allocation_layer/AllocationBranch_v.rs"
verus succeeded with time: 61054ms, keeping it commented out
minimization of ./tmp/17/allocation_layer/AllocationBranch_v.rs is completed
minimization of ./tmp/25/allocation_layer/MiniAllocator_v.rs is completed
commenting out line Lines { lines: 750..=750 } in "./tmp/18/allocation_layer/AllocationBranchBetree_v.rs"
verus succeeded with time: 63692ms, keeping it commented out
commenting out line Lines { lines: 573..=573 } in "./tmp/21/allocation_layer/LikesBetree_v.rs"
verus succeeded with time: 63285ms, keeping it commented out
commenting out line Lines { lines: 59..=59 } in "./tmp/24/allocation_layer/LikesJournalRefinement_v.rs"
verus succeeded with time: 64007ms, keeping it commented out
commenting out line Lines { lines: 507..=507 } in "./tmp/19/allocation_layer/AllocationBranchBetreeRefinement_v.rs"
verus succeeded with time: 61501ms, keeping it commented out
commenting out line Lines { lines: 1116..=1116 } in "./tmp/14/allocation_layer/AllocationJournal_v.rs"
verus succeeded with time: 61650ms, keeping it commented out
commenting out line Lines { lines: 523..=523 } in "./tmp/23/allocation_layer/LikesJournal_v.rs"
verus failed with time: 56624ms, reverting
commenting out line Lines { lines: 98..=102 } in "./tmp/26/allocation_layer/UnifiedCrashAwareJournalRefinement_v.rs"
verus failed with time: 58745ms, reverting
commenting out line Lines { lines: 751..=751 } in "./tmp/18/allocation_layer/AllocationBranchBetree_v.rs"
verus succeeded with time: 60889ms, keeping it commented out
commenting out line Lines { lines: 583..=583 } in "./tmp/21/allocation_layer/LikesBetree_v.rs"
verus succeeded with time: 62918ms, keeping it commented out
commenting out line Lines { lines: 67..=69 } in "./tmp/24/allocation_layer/LikesJournalRefinement_v.rs"
verus failed with time: 57106ms, reverting
commenting out line Lines { lines: 509..=509 } in "./tmp/19/allocation_layer/AllocationBranchBetreeRefinement_v.rs"
verus succeeded with time: 63817ms, keeping it commented out
commenting out line Lines { lines: 1117..=1117 } in "./tmp/14/allocation_layer/AllocationJournal_v.rs"
verus failed with time: 56384ms, reverting
commenting out line Lines { lines: 520..=524 } in "./tmp/23/allocation_layer/LikesJournal_v.rs"
verus failed with time: 58857ms, reverting
commenting out line Lines { lines: 113..=113 } in "./tmp/26/allocation_layer/UnifiedCrashAwareJournalRefinement_v.rs"
verus succeeded with time: 63040ms, keeping it commented out
commenting out line Lines { lines: 770..=770 } in "./tmp/18/allocation_layer/AllocationBranchBetree_v.rs"
verus succeeded with time: 62779ms, keeping it commented out
commenting out line Lines { lines: 584..=584 } in "./tmp/21/allocation_layer/LikesBetree_v.rs"
verus succeeded with time: 66332ms, keeping it commented out
commenting out line Lines { lines: 72..=72 } in "./tmp/24/allocation_layer/LikesJournalRefinement_v.rs"
verus succeeded with time: 61364ms, keeping it commented out
commenting out line Lines { lines: 510..=511 } in "./tmp/19/allocation_layer/AllocationBranchBetreeRefinement_v.rs"
verus succeeded with time: 61147ms, keeping it commented out
commenting out line Lines { lines: 1118..=1118 } in "./tmp/14/allocation_layer/AllocationJournal_v.rs"
verus failed with time: 56234ms, reverting
commenting out line Lines { lines: 525..=525 } in "./tmp/23/allocation_layer/LikesJournal_v.rs"
verus failed with time: 56333ms, reverting
commenting out line Lines { lines: 772..=774 } in "./tmp/18/allocation_layer/AllocationBranchBetree_v.rs"
verus failed with time: 57195ms, reverting
commenting out line Lines { lines: 120..=120 } in "./tmp/26/allocation_layer/UnifiedCrashAwareJournalRefinement_v.rs"
verus succeeded with time: 63422ms, keeping it commented out
commenting out line Lines { lines: 575..=585 } in "./tmp/21/allocation_layer/LikesBetree_v.rs"
verus failed with time: 59981ms, reverting
commenting out line Lines { lines: 75..=75 } in "./tmp/24/allocation_layer/LikesJournalRefinement_v.rs"
verus succeeded with time: 62258ms, keeping it commented out
commenting out line Lines { lines: 512..=512 } in "./tmp/19/allocation_layer/AllocationBranchBetreeRefinement_v.rs"
verus succeeded with time: 63489ms, keeping it commented out
commenting out line Lines { lines: 1119..=1119 } in "./tmp/14/allocation_layer/AllocationJournal_v.rs"
verus succeeded with time: 63073ms, keeping it commented out
commenting out line Lines { lines: 549..=549 } in "./tmp/23/allocation_layer/LikesJournal_v.rs"
verus succeeded with time: 62399ms, keeping it commented out
commenting out line Lines { lines: 780..=782 } in "./tmp/18/allocation_layer/AllocationBranchBetree_v.rs"
verus succeeded with time: 63478ms, keeping it commented out
commenting out line Lines { lines: 122..=122 } in "./tmp/26/allocation_layer/UnifiedCrashAwareJournalRefinement_v.rs"
verus succeeded with time: 64684ms, keeping it commented out
commenting out line Lines { lines: 603..=603 } in "./tmp/21/allocation_layer/LikesBetree_v.rs"
verus failed with time: 58068ms, reverting
commenting out line Lines { lines: 80..=80 } in "./tmp/24/allocation_layer/LikesJournalRefinement_v.rs"
verus failed with time: 54745ms, reverting
commenting out line Lines { lines: 517..=517 } in "./tmp/19/allocation_layer/AllocationBranchBetreeRefinement_v.rs"
verus succeeded with time: 60536ms, keeping it commented out
commenting out line Lines { lines: 1122..=1122 } in "./tmp/14/allocation_layer/AllocationJournal_v.rs"
verus succeeded with time: 65499ms, keeping it commented out
commenting out line Lines { lines: 796..=796 } in "./tmp/23/allocation_layer/LikesJournal_v.rs"
verus succeeded with time: 63117ms, keeping it commented out
commenting out line Lines { lines: 787..=787 } in "./tmp/18/allocation_layer/AllocationBranchBetree_v.rs"
verus failed with time: 56211ms, reverting
commenting out line Lines { lines: 131..=131 } in "./tmp/26/allocation_layer/UnifiedCrashAwareJournalRefinement_v.rs"
verus succeeded with time: 62735ms, keeping it commented out
commenting out line Lines { lines: 587..=604 } in "./tmp/21/allocation_layer/LikesBetree_v.rs"
verus failed with time: 57316ms, reverting
commenting out line Lines { lines: 77..=81 } in "./tmp/24/allocation_layer/LikesJournalRefinement_v.rs"
verus failed with time: 59747ms, reverting
commenting out line Lines { lines: 518..=518 } in "./tmp/19/allocation_layer/AllocationBranchBetreeRefinement_v.rs"
verus succeeded with time: 62420ms, keeping it commented out
commenting out line Lines { lines: 1123..=1123 } in "./tmp/14/allocation_layer/AllocationJournal_v.rs"
verus failed with time: 58992ms, reverting
commenting out line Lines { lines: 799..=799 } in "./tmp/23/allocation_layer/LikesJournal_v.rs"
verus succeeded with time: 62188ms, keeping it commented out
commenting out line Lines { lines: 785..=789 } in "./tmp/18/allocation_layer/AllocationBranchBetree_v.rs"
verus failed with time: 58362ms, reverting
commenting out line Lines { lines: 565..=605 } in "./tmp/21/allocation_layer/LikesBetree_v.rs"
verus failed with time: 58362ms, reverting
commenting out line Lines { lines: 132..=132 } in "./tmp/26/allocation_layer/UnifiedCrashAwareJournalRefinement_v.rs"
verus succeeded with time: 64573ms, keeping it commented out
commenting out line Lines { lines: 82..=82 } in "./tmp/24/allocation_layer/LikesJournalRefinement_v.rs"
verus succeeded with time: 64769ms, keeping it commented out
commenting out line Lines { lines: 521..=521 } in "./tmp/19/allocation_layer/AllocationBranchBetreeRefinement_v.rs"
verus succeeded with time: 59547ms, keeping it commented out
commenting out line Lines { lines: 1124..=1124 } in "./tmp/14/allocation_layer/AllocationJournal_v.rs"
verus succeeded with time: 62510ms, keeping it commented out
commenting out line Lines { lines: 790..=792 } in "./tmp/18/allocation_layer/AllocationBranchBetree_v.rs"
verus failed with time: 59655ms, reverting
commenting out line Lines { lines: 806..=806 } in "./tmp/23/allocation_layer/LikesJournal_v.rs"
verus succeeded with time: 67286ms, keeping it commented out
commenting out line Lines { lines: 641..=641 } in "./tmp/21/allocation_layer/LikesBetree_v.rs"
verus succeeded with time: 60139ms, keeping it commented out
commenting out line Lines { lines: 134..=134 } in "./tmp/26/allocation_layer/UnifiedCrashAwareJournalRefinement_v.rs"
verus succeeded with time: 62950ms, keeping it commented out
commenting out line Lines { lines: 83..=83 } in "./tmp/24/allocation_layer/LikesJournalRefinement_v.rs"
verus failed with time: 57845ms, reverting
commenting out line Lines { lines: 522..=522 } in "./tmp/19/allocation_layer/AllocationBranchBetreeRefinement_v.rs"
verus succeeded with time: 60994ms, keeping it commented out
commenting out line Lines { lines: 1125..=1125 } in "./tmp/14/allocation_layer/AllocationJournal_v.rs"
verus succeeded with time: 62222ms, keeping it commented out
commenting out line Lines { lines: 793..=793 } in "./tmp/18/allocation_layer/AllocationBranchBetree_v.rs"
verus succeeded with time: 62273ms, keeping it commented out
commenting out line Lines { lines: 809..=809 } in "./tmp/23/allocation_layer/LikesJournal_v.rs"
verus succeeded with time: 61954ms, keeping it commented out
commenting out line Lines { lines: 642..=642 } in "./tmp/21/allocation_layer/LikesBetree_v.rs"
verus succeeded with time: 60316ms, keeping it commented out
commenting out line Lines { lines: 135..=135 } in "./tmp/26/allocation_layer/UnifiedCrashAwareJournalRefinement_v.rs"
verus succeeded with time: 63345ms, keeping it commented out
commenting out line Lines { lines: 84..=84 } in "./tmp/24/allocation_layer/LikesJournalRefinement_v.rs"
verus succeeded with time: 63696ms, keeping it commented out
commenting out line Lines { lines: 524..=524 } in "./tmp/19/allocation_layer/AllocationBranchBetreeRefinement_v.rs"
verus succeeded with time: 58508ms, keeping it commented out
commenting out line Lines { lines: 1127..=1128 } in "./tmp/14/allocation_layer/AllocationJournal_v.rs"
verus failed with time: 57497ms, reverting
commenting out line Lines { lines: 794..=794 } in "./tmp/18/allocation_layer/AllocationBranchBetree_v.rs"
verus succeeded with time: 62245ms, keeping it commented out
commenting out line Lines { lines: 811..=811 } in "./tmp/23/allocation_layer/LikesJournal_v.rs"
verus succeeded with time: 60825ms, keeping it commented out
minimization of ./tmp/23/allocation_layer/LikesJournal_v.rs is completed
commenting out line Lines { lines: 644..=644 } in "./tmp/21/allocation_layer/LikesBetree_v.rs"
verus failed with time: 59783ms, reverting
commenting out line Lines { lines: 136..=136 } in "./tmp/26/allocation_layer/UnifiedCrashAwareJournalRefinement_v.rs"
verus succeeded with time: 61215ms, keeping it commented out
commenting out line Lines { lines: 108..=108 } in "./tmp/24/allocation_layer/LikesJournalRefinement_v.rs"
verus succeeded with time: 64674ms, keeping it commented out
commenting out line Lines { lines: 539..=542 } in "./tmp/19/allocation_layer/AllocationBranchBetreeRefinement_v.rs"
verus failed with time: 57064ms, reverting
commenting out line Lines { lines: 1126..=1129 } in "./tmp/14/allocation_layer/AllocationJournal_v.rs"
verus failed with time: 57635ms, reverting
commenting out line Lines { lines: 817..=819 } in "./tmp/18/allocation_layer/AllocationBranchBetree_v.rs"
verus failed with time: 56360ms, reverting
commenting out line Lines { lines: 645..=645 } in "./tmp/21/allocation_layer/LikesBetree_v.rs"
verus failed with time: 57242ms, reverting
commenting out line Lines { lines: 102..=102 } in "./tmp/27/allocation_layer/UnifiedCrashAwareJournal_v.rs"
verus succeeded with time: 61838ms, keeping it commented out
commenting out line Lines { lines: 103..=103 } in "./tmp/27/allocation_layer/UnifiedCrashAwareJournal_v.rs"
verus failed with time: 8710ms, reverting
commenting out line Lines { lines: 138..=138 } in "./tmp/26/allocation_layer/UnifiedCrashAwareJournalRefinement_v.rs"
verus failed with time: 60215ms, reverting
commenting out line Lines { lines: 109..=109 } in "./tmp/24/allocation_layer/LikesJournalRefinement_v.rs"
verus succeeded with time: 64393ms, keeping it commented out
commenting out line Lines { lines: 554..=554 } in "./tmp/19/allocation_layer/AllocationBranchBetreeRefinement_v.rs"
verus succeeded with time: 65191ms, keeping it commented out
commenting out line Lines { lines: 1131..=1131 } in "./tmp/14/allocation_layer/AllocationJournal_v.rs"
verus succeeded with time: 66889ms, keeping it commented out
commenting out line Lines { lines: 830..=832 } in "./tmp/18/allocation_layer/AllocationBranchBetree_v.rs"
verus failed with time: 57027ms, reverting
commenting out line Lines { lines: 650..=651 } in "./tmp/21/allocation_layer/LikesBetree_v.rs"
verus succeeded with time: 61409ms, keeping it commented out
commenting out line Lines { lines: 106..=106 } in "./tmp/27/allocation_layer/UnifiedCrashAwareJournal_v.rs"
verus succeeded with time: 63997ms, keeping it commented out
commenting out line Lines { lines: 139..=139 } in "./tmp/26/allocation_layer/UnifiedCrashAwareJournalRefinement_v.rs"
verus succeeded with time: 64100ms, keeping it commented out
commenting out line Lines { lines: 110..=110 } in "./tmp/24/allocation_layer/LikesJournalRefinement_v.rs"
verus succeeded with time: 60937ms, keeping it commented out
commenting out line Lines { lines: 555..=556 } in "./tmp/19/allocation_layer/AllocationBranchBetreeRefinement_v.rs"
verus succeeded with time: 60000ms, keeping it commented out
commenting out line Lines { lines: 845..=845 } in "./tmp/18/allocation_layer/AllocationBranchBetree_v.rs"
verus failed with time: 57727ms, reverting
commenting out line Lines { lines: 1137..=1137 } in "./tmp/14/allocation_layer/AllocationJournal_v.rs"
verus succeeded with time: 60498ms, keeping it commented out
commenting out line Lines { lines: 653..=654 } in "./tmp/21/allocation_layer/LikesBetree_v.rs"
verus succeeded with time: 58789ms, keeping it commented out
commenting out line Lines { lines: 107..=107 } in "./tmp/27/allocation_layer/UnifiedCrashAwareJournal_v.rs"
verus succeeded with time: 62097ms, keeping it commented out
commenting out line Lines { lines: 140..=140 } in "./tmp/26/allocation_layer/UnifiedCrashAwareJournalRefinement_v.rs"
verus succeeded with time: 61948ms, keeping it commented out
commenting out line Lines { lines: 113..=113 } in "./tmp/24/allocation_layer/LikesJournalRefinement_v.rs"
verus succeeded with time: 60786ms, keeping it commented out
commenting out line Lines { lines: 562..=562 } in "./tmp/19/allocation_layer/AllocationBranchBetreeRefinement_v.rs"
verus succeeded with time: 62295ms, keeping it commented out
commenting out line Lines { lines: 843..=847 } in "./tmp/18/allocation_layer/AllocationBranchBetree_v.rs"
verus failed with time: 58003ms, reverting
commenting out line Lines { lines: 1139..=1139 } in "./tmp/14/allocation_layer/AllocationJournal_v.rs"
verus succeeded with time: 63974ms, keeping it commented out
commenting out line Lines { lines: 656..=657 } in "./tmp/21/allocation_layer/LikesBetree_v.rs"
verus succeeded with time: 62486ms, keeping it commented out
commenting out line Lines { lines: 108..=108 } in "./tmp/27/allocation_layer/UnifiedCrashAwareJournal_v.rs"
verus succeeded with time: 63225ms, keeping it commented out
commenting out line Lines { lines: 143..=143 } in "./tmp/26/allocation_layer/UnifiedCrashAwareJournalRefinement_v.rs"
verus succeeded with time: 62395ms, keeping it commented out
commenting out line Lines { lines: 117..=117 } in "./tmp/24/allocation_layer/LikesJournalRefinement_v.rs"
verus succeeded with time: 63877ms, keeping it commented out
commenting out line Lines { lines: 563..=564 } in "./tmp/19/allocation_layer/AllocationBranchBetreeRefinement_v.rs"
verus succeeded with time: 63888ms, keeping it commented out
commenting out line Lines { lines: 849..=849 } in "./tmp/18/allocation_layer/AllocationBranchBetree_v.rs"
verus succeeded with time: 60275ms, keeping it commented out
commenting out line Lines { lines: 1158..=1158 } in "./tmp/14/allocation_layer/AllocationJournal_v.rs"
verus failed with time: 56019ms, reverting
commenting out line Lines { lines: 659..=660 } in "./tmp/21/allocation_layer/LikesBetree_v.rs"
verus succeeded with time: 63891ms, keeping it commented out
commenting out line Lines { lines: 395..=397 } in "./tmp/27/allocation_layer/UnifiedCrashAwareJournal_v.rs"
verus failed with time: 56669ms, reverting
commenting out line Lines { lines: 144..=144 } in "./tmp/26/allocation_layer/UnifiedCrashAwareJournalRefinement_v.rs"
verus failed with time: 56106ms, reverting
commenting out line Lines { lines: 122..=122 } in "./tmp/24/allocation_layer/LikesJournalRefinement_v.rs"
verus succeeded with time: 62916ms, keeping it commented out
commenting out line Lines { lines: 617..=617 } in "./tmp/19/allocation_layer/AllocationBranchBetreeRefinement_v.rs"
verus failed with time: 58827ms, reverting
commenting out line Lines { lines: 850..=850 } in "./tmp/18/allocation_layer/AllocationBranchBetree_v.rs"
verus succeeded with time: 63840ms, keeping it commented out
commenting out line Lines { lines: 1159..=1159 } in "./tmp/14/allocation_layer/AllocationJournal_v.rs"
verus succeeded with time: 62191ms, keeping it commented out
commenting out line Lines { lines: 690..=690 } in "./tmp/21/allocation_layer/LikesBetree_v.rs"
verus failed with time: 55642ms, reverting
commenting out line Lines { lines: 408..=408 } in "./tmp/27/allocation_layer/UnifiedCrashAwareJournal_v.rs"
verus succeeded with time: 63379ms, keeping it commented out
commenting out line Lines { lines: 186..=186 } in "./tmp/26/allocation_layer/UnifiedCrashAwareJournalRefinement_v.rs"
verus failed with time: 58143ms, reverting
commenting out line Lines { lines: 123..=123 } in "./tmp/24/allocation_layer/LikesJournalRefinement_v.rs"
verus succeeded with time: 64181ms, keeping it commented out
commenting out line Lines { lines: 854..=855 } in "./tmp/18/allocation_layer/AllocationBranchBetree_v.rs"
verus failed with time: 56783ms, reverting
commenting out line Lines { lines: 620..=620 } in "./tmp/19/allocation_layer/AllocationBranchBetreeRefinement_v.rs"
verus succeeded with time: 63598ms, keeping it commented out
commenting out line Lines { lines: 1163..=1163 } in "./tmp/14/allocation_layer/AllocationJournal_v.rs"
verus succeeded with time: 67496ms, keeping it commented out
commenting out line Lines { lines: 691..=691 } in "./tmp/21/allocation_layer/LikesBetree_v.rs"
verus succeeded with time: 60678ms, keeping it commented out
commenting out line Lines { lines: 409..=409 } in "./tmp/27/allocation_layer/UnifiedCrashAwareJournal_v.rs"
verus succeeded with time: 63041ms, keeping it commented out
commenting out line Lines { lines: 266..=266 } in "./tmp/26/allocation_layer/UnifiedCrashAwareJournalRefinement_v.rs"
verus succeeded with time: 64277ms, keeping it commented out
commenting out line Lines { lines: 853..=858 } in "./tmp/18/allocation_layer/AllocationBranchBetree_v.rs"
verus failed with time: 56284ms, reverting
commenting out line Lines { lines: 126..=126 } in "./tmp/24/allocation_layer/LikesJournalRefinement_v.rs"
verus succeeded with time: 60554ms, keeping it commented out
commenting out line Lines { lines: 623..=623 } in "./tmp/19/allocation_layer/AllocationBranchBetreeRefinement_v.rs"
verus succeeded with time: 61822ms, keeping it commented out
commenting out line Lines { lines: 1177..=1177 } in "./tmp/14/allocation_layer/AllocationJournal_v.rs"
verus failed with time: 56871ms, reverting
commenting out line Lines { lines: 698..=698 } in "./tmp/21/allocation_layer/LikesBetree_v.rs"
verus succeeded with time: 64915ms, keeping it commented out
commenting out line Lines { lines: 470..=470 } in "./tmp/27/allocation_layer/UnifiedCrashAwareJournal_v.rs"
verus succeeded with time: 61803ms, keeping it commented out
commenting out line Lines { lines: 267..=267 } in "./tmp/26/allocation_layer/UnifiedCrashAwareJournalRefinement_v.rs"
verus succeeded with time: 64061ms, keeping it commented out
commenting out line Lines { lines: 866..=866 } in "./tmp/18/allocation_layer/AllocationBranchBetree_v.rs"
verus failed with time: 58497ms, reverting
commenting out line Lines { lines: 127..=127 } in "./tmp/24/allocation_layer/LikesJournalRefinement_v.rs"
verus succeeded with time: 60708ms, keeping it commented out
commenting out line Lines { lines: 629..=630 } in "./tmp/19/allocation_layer/AllocationBranchBetreeRefinement_v.rs"
verus failed with time: 56855ms, reverting
commenting out line Lines { lines: 1178..=1178 } in "./tmp/14/allocation_layer/AllocationJournal_v.rs"
verus succeeded with time: 62731ms, keeping it commented out
commenting out line Lines { lines: 699..=700 } in "./tmp/21/allocation_layer/LikesBetree_v.rs"
verus failed with time: 55269ms, reverting
commenting out line Lines { lines: 275..=275 } in "./tmp/26/allocation_layer/UnifiedCrashAwareJournalRefinement_v.rs"
verus failed with time: 58782ms, reverting
commenting out line Lines { lines: 487..=487 } in "./tmp/27/allocation_layer/UnifiedCrashAwareJournal_v.rs"
verus succeeded with time: 64487ms, keeping it commented out
commenting out line Lines { lines: 867..=867 } in "./tmp/18/allocation_layer/AllocationBranchBetree_v.rs"
verus succeeded with time: 62459ms, keeping it commented out
commenting out line Lines { lines: 639..=639 } in "./tmp/19/allocation_layer/AllocationBranchBetreeRefinement_v.rs"
verus succeeded with time: 61419ms, keeping it commented out
commenting out line Lines { lines: 128..=128 } in "./tmp/24/allocation_layer/LikesJournalRefinement_v.rs"
verus succeeded with time: 63469ms, keeping it commented out
commenting out line Lines { lines: 1179..=1179 } in "./tmp/14/allocation_layer/AllocationJournal_v.rs"
verus succeeded with time: 61626ms, keeping it commented out
commenting out line Lines { lines: 701..=702 } in "./tmp/21/allocation_layer/LikesBetree_v.rs"
verus succeeded with time: 61265ms, keeping it commented out
commenting out line Lines { lines: 501..=501 } in "./tmp/27/allocation_layer/UnifiedCrashAwareJournal_v.rs"
verus failed with time: 56729ms, reverting
commenting out line Lines { lines: 276..=276 } in "./tmp/26/allocation_layer/UnifiedCrashAwareJournalRefinement_v.rs"
verus succeeded with time: 65737ms, keeping it commented out
commenting out line Lines { lines: 868..=868 } in "./tmp/18/allocation_layer/AllocationBranchBetree_v.rs"
verus succeeded with time: 60266ms, keeping it commented out
commenting out line Lines { lines: 642..=646 } in "./tmp/19/allocation_layer/AllocationBranchBetreeRefinement_v.rs"
verus failed with time: 58526ms, reverting
commenting out line Lines { lines: 130..=130 } in "./tmp/24/allocation_layer/LikesJournalRefinement_v.rs"
verus succeeded with time: 62878ms, keeping it commented out
commenting out line Lines { lines: 1184..=1184 } in "./tmp/14/allocation_layer/AllocationJournal_v.rs"
verus succeeded with time: 63679ms, keeping it commented out
commenting out line Lines { lines: 738..=738 } in "./tmp/21/allocation_layer/LikesBetree_v.rs"
verus succeeded with time: 62752ms, keeping it commented out
commenting out line Lines { lines: 502..=502 } in "./tmp/27/allocation_layer/UnifiedCrashAwareJournal_v.rs"
verus succeeded with time: 61771ms, keeping it commented out
commenting out line Lines { lines: 277..=277 } in "./tmp/26/allocation_layer/UnifiedCrashAwareJournalRefinement_v.rs"
verus succeeded with time: 61697ms, keeping it commented out
commenting out line Lines { lines: 873..=873 } in "./tmp/18/allocation_layer/AllocationBranchBetree_v.rs"
verus failed with time: 55507ms, reverting
commenting out line Lines { lines: 648..=652 } in "./tmp/19/allocation_layer/AllocationBranchBetreeRefinement_v.rs"
verus failed with time: 58602ms, reverting
commenting out line Lines { lines: 159..=159 } in "./tmp/24/allocation_layer/LikesJournalRefinement_v.rs"
verus succeeded with time: 59906ms, keeping it commented out
commenting out line Lines { lines: 1185..=1185 } in "./tmp/14/allocation_layer/AllocationJournal_v.rs"
verus succeeded with time: 62639ms, keeping it commented out
commenting out line Lines { lines: 747..=747 } in "./tmp/21/allocation_layer/LikesBetree_v.rs"
verus failed with time: 57146ms, reverting
commenting out line Lines { lines: 503..=503 } in "./tmp/27/allocation_layer/UnifiedCrashAwareJournal_v.rs"
verus succeeded with time: 64861ms, keeping it commented out
commenting out line Lines { lines: 279..=282 } in "./tmp/26/allocation_layer/UnifiedCrashAwareJournalRefinement_v.rs"
verus failed with time: 57874ms, reverting
commenting out line Lines { lines: 871..=875 } in "./tmp/18/allocation_layer/AllocationBranchBetree_v.rs"
verus failed with time: 59309ms, reverting
commenting out line Lines { lines: 654..=654 } in "./tmp/19/allocation_layer/AllocationBranchBetreeRefinement_v.rs"
verus succeeded with time: 63850ms, keeping it commented out
commenting out line Lines { lines: 162..=162 } in "./tmp/24/allocation_layer/LikesJournalRefinement_v.rs"
verus failed with time: 58755ms, reverting
minimization of ./tmp/24/allocation_layer/LikesJournalRefinement_v.rs is completed
minimization of ./tmp/28/betree.rs is completed
commenting out line Lines { lines: 745..=748 } in "./tmp/21/allocation_layer/LikesBetree_v.rs"
verus failed with time: 55244ms, reverting
commenting out line Lines { lines: 1188..=1190 } in "./tmp/14/allocation_layer/AllocationJournal_v.rs"
verus failed with time: 61717ms, reverting
commenting out line Lines { lines: 319..=325 } in "./tmp/26/allocation_layer/UnifiedCrashAwareJournalRefinement_v.rs"
verus failed with time: 57610ms, reverting
commenting out line Lines { lines: 504..=504 } in "./tmp/27/allocation_layer/UnifiedCrashAwareJournal_v.rs"
verus failed with time: 58969ms, reverting
commenting out line Lines { lines: 877..=879 } in "./tmp/18/allocation_layer/AllocationBranchBetree_v.rs"
verus failed with time: 56491ms, reverting
commenting out line Lines { lines: 655..=655 } in "./tmp/19/allocation_layer/AllocationBranchBetreeRefinement_v.rs"
verus failed with time: 59737ms, reverting
commenting out line Lines { lines: 143..=143 } in "./tmp/29/betree/BufferDisk_v.rs"
verus succeeded with time: 62268ms, keeping it commented out
commenting out line Lines { lines: 661..=661 } in "./tmp/19/allocation_layer/AllocationBranchBetreeRefinement_v.rs"
verus failed with time: 11032ms, reverting
minimization of ./tmp/19/allocation_layer/AllocationBranchBetreeRefinement_v.rs is completed
minimization of ./tmp/30/betree/BufferOffsets_v.rs is completed
commenting out line Lines { lines: 750..=750 } in "./tmp/21/allocation_layer/LikesBetree_v.rs"
verus failed with time: 62516ms, reverting
commenting out line Lines { lines: 1193..=1193 } in "./tmp/14/allocation_layer/AllocationJournal_v.rs"
verus succeeded with time: 63987ms, keeping it commented out
commenting out line Lines { lines: 328..=331 } in "./tmp/26/allocation_layer/UnifiedCrashAwareJournalRefinement_v.rs"
verus failed with time: 55314ms, reverting
commenting out line Lines { lines: 881..=881 } in "./tmp/18/allocation_layer/AllocationBranchBetree_v.rs"
verus succeeded with time: 60637ms, keeping it commented out
commenting out line Lines { lines: 508..=508 } in "./tmp/27/allocation_layer/UnifiedCrashAwareJournal_v.rs"
verus succeeded with time: 60875ms, keeping it commented out
minimization of ./tmp/27/allocation_layer/UnifiedCrashAwareJournal_v.rs is completed
minimization of ./tmp/32/betree/Buffer_v.rs is completed
minimization of ./tmp/33/betree/Domain_v.rs is completed
commenting out line Lines { lines: 139..=145 } in "./tmp/29/betree/BufferDisk_v.rs"
verus succeeded with time: 62776ms, keeping it commented out
commenting out line Lines { lines: 152..=152 } in "./tmp/31/betree/BufferSeq_v.rs"
verus succeeded with time: 65951ms, keeping it commented out
commenting out line Lines { lines: 752..=752 } in "./tmp/21/allocation_layer/LikesBetree_v.rs"
verus succeeded with time: 59922ms, keeping it commented out
commenting out line Lines { lines: 1194..=1194 } in "./tmp/14/allocation_layer/AllocationJournal_v.rs"
verus succeeded with time: 63835ms, keeping it commented out
commenting out line Lines { lines: 332..=332 } in "./tmp/26/allocation_layer/UnifiedCrashAwareJournalRefinement_v.rs"
verus failed with time: 54678ms, reverting
commenting out line Lines { lines: 82..=82 } in "./tmp/34/betree/FilteredBetreeRefinement_v.rs"
verus failed with time: 60725ms, reverting
commenting out line Lines { lines: 882..=882 } in "./tmp/18/allocation_layer/AllocationBranchBetree_v.rs"
verus succeeded with time: 61492ms, keeping it commented out
commenting out line Lines { lines: 146..=146 } in "./tmp/29/betree/BufferDisk_v.rs"
verus succeeded with time: 62282ms, keeping it commented out
minimization of ./tmp/29/betree/BufferDisk_v.rs is completed
commenting out line Lines { lines: 156..=156 } in "./tmp/31/betree/BufferSeq_v.rs"
verus failed with time: 59761ms, reverting
commenting out line Lines { lines: 754..=754 } in "./tmp/21/allocation_layer/LikesBetree_v.rs"
verus succeeded with time: 60208ms, keeping it commented out
commenting out line Lines { lines: 1196..=1196 } in "./tmp/14/allocation_layer/AllocationJournal_v.rs"
verus failed with time: 57792ms, reverting
commenting out line Lines { lines: 333..=333 } in "./tmp/26/allocation_layer/UnifiedCrashAwareJournalRefinement_v.rs"
verus succeeded with time: 65353ms, keeping it commented out
commenting out line Lines { lines: 899..=904 } in "./tmp/18/allocation_layer/AllocationBranchBetree_v.rs"
verus failed with time: 56548ms, reverting
commenting out line Lines { lines: 108..=108 } in "./tmp/34/betree/FilteredBetreeRefinement_v.rs"
verus failed with time: 63145ms, reverting
commenting out line Lines { lines: 160..=160 } in "./tmp/31/betree/BufferSeq_v.rs"
verus failed with time: 57592ms, reverting
commenting out line Lines { lines: 147..=147 } in "./tmp/35/betree/FilteredBetree_v.rs"
verus succeeded with time: 64189ms, keeping it commented out
minimization of ./tmp/35/betree/FilteredBetree_v.rs is completed
commenting out line Lines { lines: 758..=758 } in "./tmp/21/allocation_layer/LikesBetree_v.rs"
verus succeeded with time: 63842ms, keeping it commented out
commenting out line Lines { lines: 1197..=1197 } in "./tmp/14/allocation_layer/AllocationJournal_v.rs"
verus succeeded with time: 61686ms, keeping it commented out
commenting out line Lines { lines: 898..=905 } in "./tmp/18/allocation_layer/AllocationBranchBetree_v.rs"
verus failed with time: 56885ms, reverting
commenting out line Lines { lines: 338..=338 } in "./tmp/26/allocation_layer/UnifiedCrashAwareJournalRefinement_v.rs"
verus succeeded with time: 64112ms, keeping it commented out
commenting out line Lines { lines: 118..=118 } in "./tmp/34/betree/FilteredBetreeRefinement_v.rs"
verus failed with time: 59284ms, reverting
commenting out line Lines { lines: 104..=104 } in "./tmp/36/betree/LinkedBetreeRefinement_v.rs"
verus failed with time: 58680ms, reverting
commenting out line Lines { lines: 166..=166 } in "./tmp/31/betree/BufferSeq_v.rs"
verus succeeded with time: 61150ms, keeping it commented out
commenting out line Lines { lines: 763..=763 } in "./tmp/21/allocation_layer/LikesBetree_v.rs"
verus failed with time: 57055ms, reverting
commenting out line Lines { lines: 1198..=1198 } in "./tmp/14/allocation_layer/AllocationJournal_v.rs"
verus succeeded with time: 62117ms, keeping it commented out
commenting out line Lines { lines: 909..=909 } in "./tmp/18/allocation_layer/AllocationBranchBetree_v.rs"
verus failed with time: 62350ms, reverting
commenting out line Lines { lines: 339..=339 } in "./tmp/26/allocation_layer/UnifiedCrashAwareJournalRefinement_v.rs"
verus failed with time: 62061ms, reverting
commenting out line Lines { lines: 110..=119 } in "./tmp/34/betree/FilteredBetreeRefinement_v.rs"
verus failed with time: 63313ms, reverting
commenting out line Lines { lines: 140..=140 } in "./tmp/36/betree/LinkedBetreeRefinement_v.rs"
verus failed with time: 60359ms, reverting
commenting out line Lines { lines: 169..=169 } in "./tmp/31/betree/BufferSeq_v.rs"
verus failed with time: 62566ms, reverting
commenting out line Lines { lines: 765..=765 } in "./tmp/21/allocation_layer/LikesBetree_v.rs"
verus succeeded with time: 60644ms, keeping it commented out
commenting out line Lines { lines: 1200..=1200 } in "./tmp/14/allocation_layer/AllocationJournal_v.rs"
verus succeeded with time: 67005ms, keeping it commented out
commenting out line Lines { lines: 919..=919 } in "./tmp/18/allocation_layer/AllocationBranchBetree_v.rs"
verus failed with time: 56539ms, reverting
commenting out line Lines { lines: 362..=365 } in "./tmp/26/allocation_layer/UnifiedCrashAwareJournalRefinement_v.rs"
verus failed with time: 61163ms, reverting
commenting out line Lines { lines: 120..=120 } in "./tmp/34/betree/FilteredBetreeRefinement_v.rs"
verus succeeded with time: 62252ms, keeping it commented out
commenting out line Lines { lines: 133..=141 } in "./tmp/36/betree/LinkedBetreeRefinement_v.rs"
verus failed with time: 57543ms, reverting
commenting out line Lines { lines: 760..=766 } in "./tmp/21/allocation_layer/LikesBetree_v.rs"
verus failed with time: 55672ms, reverting
commenting out line Lines { lines: 170..=170 } in "./tmp/31/betree/BufferSeq_v.rs"
verus succeeded with time: 63113ms, keeping it commented out
commenting out line Lines { lines: 907..=924 } in "./tmp/18/allocation_layer/AllocationBranchBetree_v.rs"
verus failed with time: 57623ms, reverting
commenting out line Lines { lines: 1203..=1203 } in "./tmp/14/allocation_layer/AllocationJournal_v.rs"
verus succeeded with time: 62116ms, keeping it commented out
commenting out line Lines { lines: 368..=371 } in "./tmp/26/allocation_layer/UnifiedCrashAwareJournalRefinement_v.rs"
verus failed with time: 59415ms, reverting
commenting out line Lines { lines: 204..=204 } in "./tmp/34/betree/FilteredBetreeRefinement_v.rs"
verus failed with time: 64096ms, reverting
commenting out line Lines { lines: 166..=174 } in "./tmp/36/betree/LinkedBetreeRefinement_v.rs"
verus failed with time: 57949ms, reverting
commenting out line Lines { lines: 776..=776 } in "./tmp/21/allocation_layer/LikesBetree_v.rs"
verus succeeded with time: 61386ms, keeping it commented out
commenting out line Lines { lines: 149..=173 } in "./tmp/31/betree/BufferSeq_v.rs"
verus failed with time: 58622ms, reverting
commenting out line Lines { lines: 925..=925 } in "./tmp/18/allocation_layer/AllocationBranchBetree_v.rs"
verus failed with time: 55132ms, reverting
commenting out line Lines { lines: 374..=377 } in "./tmp/26/allocation_layer/UnifiedCrashAwareJournalRefinement_v.rs"
verus failed with time: 58760ms, reverting
commenting out line Lines { lines: 1205..=1205 } in "./tmp/14/allocation_layer/AllocationJournal_v.rs"
verus succeeded with time: 66646ms, keeping it commented out
commenting out line Lines { lines: 205..=205 } in "./tmp/34/betree/FilteredBetreeRefinement_v.rs"
verus failed with time: 61704ms, reverting
commenting out line Lines { lines: 197..=197 } in "./tmp/36/betree/LinkedBetreeRefinement_v.rs"
verus failed with time: 61496ms, reverting
commenting out line Lines { lines: 780..=780 } in "./tmp/21/allocation_layer/LikesBetree_v.rs"
verus succeeded with time: 61495ms, keeping it commented out
commenting out line Lines { lines: 187..=187 } in "./tmp/31/betree/BufferSeq_v.rs"
verus succeeded with time: 68803ms, keeping it commented out
commenting out line Lines { lines: 926..=926 } in "./tmp/18/allocation_layer/AllocationBranchBetree_v.rs"
verus succeeded with time: 60843ms, keeping it commented out
commenting out line Lines { lines: 383..=386 } in "./tmp/26/allocation_layer/UnifiedCrashAwareJournalRefinement_v.rs"
verus failed with time: 58504ms, reverting
commenting out line Lines { lines: 1206..=1206 } in "./tmp/14/allocation_layer/AllocationJournal_v.rs"
verus failed with time: 58941ms, reverting
commenting out line Lines { lines: 201..=206 } in "./tmp/34/betree/FilteredBetreeRefinement_v.rs"
verus failed with time: 60795ms, reverting
commenting out line Lines { lines: 198..=198 } in "./tmp/36/betree/LinkedBetreeRefinement_v.rs"
verus succeeded with time: 64616ms, keeping it commented out
commenting out line Lines { lines: 783..=784 } in "./tmp/21/allocation_layer/LikesBetree_v.rs"
verus succeeded with time: 60938ms, keeping it commented out
commenting out line Lines { lines: 933..=933 } in "./tmp/18/allocation_layer/AllocationBranchBetree_v.rs"
verus failed with time: 57451ms, reverting
commenting out line Lines { lines: 192..=192 } in "./tmp/31/betree/BufferSeq_v.rs"
verus succeeded with time: 65965ms, keeping it commented out
commenting out line Lines { lines: 395..=398 } in "./tmp/26/allocation_layer/UnifiedCrashAwareJournalRefinement_v.rs"
verus failed with time: 57668ms, reverting
commenting out line Lines { lines: 1207..=1207 } in "./tmp/14/allocation_layer/AllocationJournal_v.rs"
verus succeeded with time: 61347ms, keeping it commented out
commenting out line Lines { lines: 218..=218 } in "./tmp/34/betree/FilteredBetreeRefinement_v.rs"
verus succeeded with time: 64355ms, keeping it commented out
commenting out line Lines { lines: 194..=200 } in "./tmp/36/betree/LinkedBetreeRefinement_v.rs"
verus failed with time: 58823ms, reverting
commenting out line Lines { lines: 788..=791 } in "./tmp/21/allocation_layer/LikesBetree_v.rs"
verus succeeded with time: 60683ms, keeping it commented out
commenting out line Lines { lines: 939..=942 } in "./tmp/18/allocation_layer/AllocationBranchBetree_v.rs"
verus failed with time: 55872ms, reverting
commenting out line Lines { lines: 196..=196 } in "./tmp/31/betree/BufferSeq_v.rs"
verus failed with time: 56105ms, reverting
commenting out line Lines { lines: 401..=401 } in "./tmp/26/allocation_layer/UnifiedCrashAwareJournalRefinement_v.rs"
verus succeeded with time: 65000ms, keeping it commented out
commenting out line Lines { lines: 1208..=1208 } in "./tmp/14/allocation_layer/AllocationJournal_v.rs"
verus succeeded with time: 64227ms, keeping it commented out
commenting out line Lines { lines: 221..=221 } in "./tmp/34/betree/FilteredBetreeRefinement_v.rs"
verus failed with time: 64213ms, reverting
commenting out line Lines { lines: 201..=201 } in "./tmp/36/betree/LinkedBetreeRefinement_v.rs"
verus succeeded with time: 65492ms, keeping it commented out
commenting out line Lines { lines: 807..=807 } in "./tmp/21/allocation_layer/LikesBetree_v.rs"
verus succeeded with time: 61977ms, keeping it commented out
commenting out line Lines { lines: 947..=947 } in "./tmp/18/allocation_layer/AllocationBranchBetree_v.rs"
verus succeeded with time: 60963ms, keeping it commented out
commenting out line Lines { lines: 202..=202 } in "./tmp/31/betree/BufferSeq_v.rs"
verus succeeded with time: 61926ms, keeping it commented out
commenting out line Lines { lines: 412..=412 } in "./tmp/26/allocation_layer/UnifiedCrashAwareJournalRefinement_v.rs"
verus failed with time: 58534ms, reverting
minimization of ./tmp/26/allocation_layer/UnifiedCrashAwareJournalRefinement_v.rs is completed
commenting out line Lines { lines: 1210..=1210 } in "./tmp/14/allocation_layer/AllocationJournal_v.rs"
verus succeeded with time: 62959ms, keeping it commented out
commenting out line Lines { lines: 223..=223 } in "./tmp/34/betree/FilteredBetreeRefinement_v.rs"
verus succeeded with time: 65298ms, keeping it commented out
commenting out line Lines { lines: 805..=811 } in "./tmp/21/allocation_layer/LikesBetree_v.rs"
verus failed with time: 55962ms, reverting
commenting out line Lines { lines: 229..=229 } in "./tmp/36/betree/LinkedBetreeRefinement_v.rs"
verus failed with time: 58264ms, reverting
commenting out line Lines { lines: 960..=960 } in "./tmp/18/allocation_layer/AllocationBranchBetree_v.rs"
verus failed with time: 57452ms, reverting
commenting out line Lines { lines: 206..=206 } in "./tmp/31/betree/BufferSeq_v.rs"
verus failed with time: 61834ms, reverting
commenting out line Lines { lines: 114..=114 } in "./tmp/37/betree/LinkedBetree_v.rs"
verus succeeded with time: 64202ms, keeping it commented out
commenting out line Lines { lines: 1211..=1211 } in "./tmp/14/allocation_layer/AllocationJournal_v.rs"
verus succeeded with time: 68367ms, keeping it commented out
commenting out line Lines { lines: 225..=225 } in "./tmp/34/betree/FilteredBetreeRefinement_v.rs"
verus failed with time: 58314ms, reverting
commenting out line Lines { lines: 813..=813 } in "./tmp/21/allocation_layer/LikesBetree_v.rs"
verus failed with time: 57319ms, reverting
commenting out line Lines { lines: 248..=248 } in "./tmp/36/betree/LinkedBetreeRefinement_v.rs"
verus failed with time: 60708ms, reverting
commenting out line Lines { lines: 973..=973 } in "./tmp/18/allocation_layer/AllocationBranchBetree_v.rs"
verus succeeded with time: 60509ms, keeping it commented out
commenting out line Lines { lines: 183..=209 } in "./tmp/31/betree/BufferSeq_v.rs"
verus failed with time: 60425ms, reverting
commenting out line Lines { lines: 346..=346 } in "./tmp/37/betree/LinkedBetree_v.rs"
verus failed with time: 58964ms, reverting
commenting out line Lines { lines: 1212..=1212 } in "./tmp/14/allocation_layer/AllocationJournal_v.rs"
verus succeeded with time: 67188ms, keeping it commented out
commenting out line Lines { lines: 226..=226 } in "./tmp/34/betree/FilteredBetreeRefinement_v.rs"
verus failed with time: 63480ms, reverting
commenting out line Lines { lines: 816..=820 } in "./tmp/21/allocation_layer/LikesBetree_v.rs"
verus succeeded with time: 62593ms, keeping it commented out
commenting out line Lines { lines: 245..=249 } in "./tmp/36/betree/LinkedBetreeRefinement_v.rs"
verus failed with time: 60781ms, reverting
commenting out line Lines { lines: 970..=975 } in "./tmp/18/allocation_layer/AllocationBranchBetree_v.rs"
verus failed with time: 59791ms, reverting
commenting out line Lines { lines: 251..=251 } in "./tmp/31/betree/BufferSeq_v.rs"
verus succeeded with time: 62059ms, keeping it commented out
minimization of ./tmp/31/betree/BufferSeq_v.rs is completed
minimization of ./tmp/38/betree/LinkedBranch_v.rs is completed
commenting out line Lines { lines: 347..=347 } in "./tmp/37/betree/LinkedBetree_v.rs"
verus succeeded with time: 64481ms, keeping it commented out
commenting out line Lines { lines: 1165..=1215 } in "./tmp/14/allocation_layer/AllocationJournal_v.rs"
verus failed with time: 56721ms, reverting
commenting out line Lines { lines: 822..=824 } in "./tmp/21/allocation_layer/LikesBetree_v.rs"
verus succeeded with time: 60793ms, keeping it commented out
commenting out line Lines { lines: 269..=269 } in "./tmp/36/betree/LinkedBetreeRefinement_v.rs"
verus failed with time: 60277ms, reverting
commenting out line Lines { lines: 214..=229 } in "./tmp/34/betree/FilteredBetreeRefinement_v.rs"
verus failed with time: 62452ms, reverting
commenting out line Lines { lines: 976..=976 } in "./tmp/18/allocation_layer/AllocationBranchBetree_v.rs"
verus succeeded with time: 61219ms, keeping it commented out
commenting out line Lines { lines: 77..=77 } in "./tmp/39/betree/LinkedBranch_v/Refinement_v.rs"
verus failed with time: 59796ms, reverting
commenting out line Lines { lines: 343..=348 } in "./tmp/37/betree/LinkedBetree_v.rs"
verus failed with time: 58849ms, reverting
commenting out line Lines { lines: 768..=825 } in "./tmp/21/allocation_layer/LikesBetree_v.rs"
verus failed with time: 58356ms, reverting
commenting out line Lines { lines: 1489..=1489 } in "./tmp/14/allocation_layer/AllocationJournal_v.rs"
verus succeeded with time: 69137ms, keeping it commented out
commenting out line Lines { lines: 266..=270 } in "./tmp/36/betree/LinkedBetreeRefinement_v.rs"
verus failed with time: 59847ms, reverting
commenting out line Lines { lines: 237..=237 } in "./tmp/34/betree/FilteredBetreeRefinement_v.rs"
verus succeeded with time: 64321ms, keeping it commented out
commenting out line Lines { lines: 977..=977 } in "./tmp/18/allocation_layer/AllocationBranchBetree_v.rs"
verus succeeded with time: 63245ms, keeping it commented out
commenting out line Lines { lines: 124..=124 } in "./tmp/39/betree/LinkedBranch_v/Refinement_v.rs"
verus succeeded with time: 63420ms, keeping it commented out
commenting out line Lines { lines: 541..=541 } in "./tmp/37/betree/LinkedBetree_v.rs"
verus failed with time: 57107ms, reverting
commenting out line Lines { lines: 864..=864 } in "./tmp/21/allocation_layer/LikesBetree_v.rs"
verus failed with time: 58241ms, reverting
commenting out line Lines { lines: 272..=276 } in "./tmp/36/betree/LinkedBetreeRefinement_v.rs"
verus failed with time: 58442ms, reverting
commenting out line Lines { lines: 1496..=1496 } in "./tmp/14/allocation_layer/AllocationJournal_v.rs"
verus succeeded with time: 65418ms, keeping it commented out
commenting out line Lines { lines: 238..=238 } in "./tmp/34/betree/FilteredBetreeRefinement_v.rs"
verus failed with time: 63656ms, reverting
commenting out line Lines { lines: 962..=978 } in "./tmp/18/allocation_layer/AllocationBranchBetree_v.rs"
verus failed with time: 59622ms, reverting
commenting out line Lines { lines: 126..=126 } in "./tmp/39/betree/LinkedBranch_v/Refinement_v.rs"
verus succeeded with time: 66546ms, keeping it commented out
commenting out line Lines { lines: 1268..=1268 } in "./tmp/37/betree/LinkedBetree_v.rs"
verus succeeded with time: 64002ms, keeping it commented out
commenting out line Lines { lines: 877..=879 } in "./tmp/21/allocation_layer/LikesBetree_v.rs"
verus failed with time: 56746ms, reverting
commenting out line Lines { lines: 297..=297 } in "./tmp/36/betree/LinkedBetreeRefinement_v.rs"
verus succeeded with time: 62214ms, keeping it commented out
commenting out line Lines { lines: 1502..=1502 } in "./tmp/14/allocation_layer/AllocationJournal_v.rs"
verus succeeded with time: 61368ms, keeping it commented out
commenting out line Lines { lines: 239..=239 } in "./tmp/34/betree/FilteredBetreeRefinement_v.rs"
verus succeeded with time: 62503ms, keeping it commented out
commenting out line Lines { lines: 979..=979 } in "./tmp/18/allocation_layer/AllocationBranchBetree_v.rs"
verus succeeded with time: 62149ms, keeping it commented out
commenting out line Lines { lines: 186..=186 } in "./tmp/39/betree/LinkedBranch_v/Refinement_v.rs"
verus failed with time: 57591ms, reverting
commenting out line Lines { lines: 1300..=1300 } in "./tmp/37/betree/LinkedBetree_v.rs"
verus succeeded with time: 64709ms, keeping it commented out
commenting out line Lines { lines: 880..=882 } in "./tmp/21/allocation_layer/LikesBetree_v.rs"
verus succeeded with time: 59220ms, keeping it commented out
commenting out line Lines { lines: 1503..=1505 } in "./tmp/14/allocation_layer/AllocationJournal_v.rs"
verus failed with time: 58654ms, reverting
commenting out line Lines { lines: 308..=308 } in "./tmp/36/betree/LinkedBetreeRefinement_v.rs"
verus succeeded with time: 63850ms, keeping it commented out
commenting out line Lines { lines: 985..=985 } in "./tmp/18/allocation_layer/AllocationBranchBetree_v.rs"
verus failed with time: 56583ms, reverting
commenting out line Lines { lines: 261..=261 } in "./tmp/34/betree/FilteredBetreeRefinement_v.rs"
verus failed with time: 62525ms, reverting
commenting out line Lines { lines: 204..=204 } in "./tmp/39/betree/LinkedBranch_v/Refinement_v.rs"
verus failed with time: 58454ms, reverting
commenting out line Lines { lines: 1301..=1301 } in "./tmp/37/betree/LinkedBetree_v.rs"
verus failed with time: 59377ms, reverting
commenting out line Lines { lines: 913..=914 } in "./tmp/21/allocation_layer/LikesBetree_v.rs"
verus succeeded with time: 62706ms, keeping it commented out
commenting out line Lines { lines: 1511..=1511 } in "./tmp/14/allocation_layer/AllocationJournal_v.rs"
verus failed with time: 59939ms, reverting
commenting out line Lines { lines: 309..=309 } in "./tmp/36/betree/LinkedBetreeRefinement_v.rs"
verus failed with time: 59251ms, reverting
commenting out line Lines { lines: 987..=987 } in "./tmp/18/allocation_layer/AllocationBranchBetree_v.rs"
verus succeeded with time: 61546ms, keeping it commented out
commenting out line Lines { lines: 262..=262 } in "./tmp/34/betree/FilteredBetreeRefinement_v.rs"
verus failed with time: 61207ms, reverting
commenting out line Lines { lines: 205..=205 } in "./tmp/39/betree/LinkedBranch_v/Refinement_v.rs"
verus succeeded with time: 63731ms, keeping it commented out
commenting out line Lines { lines: 1299..=1305 } in "./tmp/37/betree/LinkedBetree_v.rs"
verus failed with time: 60689ms, reverting
commenting out line Lines { lines: 919..=919 } in "./tmp/21/allocation_layer/LikesBetree_v.rs"
verus failed with time: 55294ms, reverting
commenting out line Lines { lines: 1509..=1512 } in "./tmp/14/allocation_layer/AllocationJournal_v.rs"
verus failed with time: 59001ms, reverting
commenting out line Lines { lines: 302..=314 } in "./tmp/36/betree/LinkedBetreeRefinement_v.rs"
verus failed with time: 59992ms, reverting
commenting out line Lines { lines: 984..=990 } in "./tmp/18/allocation_layer/AllocationBranchBetree_v.rs"
verus failed with time: 58140ms, reverting
commenting out line Lines { lines: 258..=263 } in "./tmp/34/betree/FilteredBetreeRefinement_v.rs"
verus failed with time: 63423ms, reverting
commenting out line Lines { lines: 228..=228 } in "./tmp/39/betree/LinkedBranch_v/Refinement_v.rs"
verus succeeded with time: 66320ms, keeping it commented out
commenting out line Lines { lines: 1312..=1312 } in "./tmp/37/betree/LinkedBetree_v.rs"
verus succeeded with time: 66740ms, keeping it commented out
commenting out line Lines { lines: 921..=921 } in "./tmp/21/allocation_layer/LikesBetree_v.rs"
verus succeeded with time: 61364ms, keeping it commented out
commenting out line Lines { lines: 315..=315 } in "./tmp/36/betree/LinkedBetreeRefinement_v.rs"
verus failed with time: 54669ms, reverting
commenting out line Lines { lines: 1508..=1513 } in "./tmp/14/allocation_layer/AllocationJournal_v.rs"
verus failed with time: 57755ms, reverting
commenting out line Lines { lines: 996..=996 } in "./tmp/18/allocation_layer/AllocationBranchBetree_v.rs"
verus succeeded with time: 61286ms, keeping it commented out
commenting out line Lines { lines: 257..=264 } in "./tmp/34/betree/FilteredBetreeRefinement_v.rs"
verus failed with time: 60411ms, reverting
commenting out line Lines { lines: 236..=236 } in "./tmp/39/betree/LinkedBranch_v/Refinement_v.rs"
verus succeeded with time: 64712ms, keeping it commented out
commenting out line Lines { lines: 926..=926 } in "./tmp/21/allocation_layer/LikesBetree_v.rs"
verus failed with time: 57015ms, reverting
commenting out line Lines { lines: 1307..=1313 } in "./tmp/37/betree/LinkedBetree_v.rs"
verus failed with time: 62843ms, reverting
commenting out line Lines { lines: 1516..=1516 } in "./tmp/14/allocation_layer/AllocationJournal_v.rs"
verus succeeded with time: 61063ms, keeping it commented out
commenting out line Lines { lines: 353..=353 } in "./tmp/36/betree/LinkedBetreeRefinement_v.rs"
verus succeeded with time: 64862ms, keeping it commented out
commenting out line Lines { lines: 999..=999 } in "./tmp/18/allocation_layer/AllocationBranchBetree_v.rs"
verus succeeded with time: 60768ms, keeping it commented out
commenting out line Lines { lines: 285..=285 } in "./tmp/34/betree/FilteredBetreeRefinement_v.rs"
verus succeeded with time: 62277ms, keeping it commented out
commenting out line Lines { lines: 238..=238 } in "./tmp/39/betree/LinkedBranch_v/Refinement_v.rs"
verus succeeded with time: 62837ms, keeping it commented out
commenting out line Lines { lines: 930..=930 } in "./tmp/21/allocation_layer/LikesBetree_v.rs"
verus succeeded with time: 59691ms, keeping it commented out
commenting out line Lines { lines: 1314..=1314 } in "./tmp/37/betree/LinkedBetree_v.rs"
verus succeeded with time: 61603ms, keeping it commented out
commenting out line Lines { lines: 1517..=1517 } in "./tmp/14/allocation_layer/AllocationJournal_v.rs"
verus failed with time: 58228ms, reverting
commenting out line Lines { lines: 364..=364 } in "./tmp/36/betree/LinkedBetreeRefinement_v.rs"
verus succeeded with time: 62959ms, keeping it commented out
commenting out line Lines { lines: 1000..=1000 } in "./tmp/18/allocation_layer/AllocationBranchBetree_v.rs"
verus succeeded with time: 59224ms, keeping it commented out
commenting out line Lines { lines: 286..=286 } in "./tmp/34/betree/FilteredBetreeRefinement_v.rs"
verus succeeded with time: 64404ms, keeping it commented out
commenting out line Lines { lines: 931..=931 } in "./tmp/21/allocation_layer/LikesBetree_v.rs"
verus succeeded with time: 57611ms, keeping it commented out
commenting out line Lines { lines: 239..=239 } in "./tmp/39/betree/LinkedBranch_v/Refinement_v.rs"
verus succeeded with time: 63739ms, keeping it commented out
commenting out line Lines { lines: 1348..=1351 } in "./tmp/37/betree/LinkedBetree_v.rs"
verus succeeded with time: 61912ms, keeping it commented out
commenting out line Lines { lines: 1523..=1523 } in "./tmp/14/allocation_layer/AllocationJournal_v.rs"
verus succeeded with time: 63673ms, keeping it commented out
commenting out line Lines { lines: 365..=365 } in "./tmp/36/betree/LinkedBetreeRefinement_v.rs"
verus failed with time: 58768ms, reverting
commenting out line Lines { lines: 1001..=1001 } in "./tmp/18/allocation_layer/AllocationBranchBetree_v.rs"
verus succeeded with time: 58011ms, keeping it commented out
commenting out line Lines { lines: 287..=287 } in "./tmp/34/betree/FilteredBetreeRefinement_v.rs"
verus failed with time: 62158ms, reverting
commenting out line Lines { lines: 934..=934 } in "./tmp/21/allocation_layer/LikesBetree_v.rs"
verus succeeded with time: 59948ms, keeping it commented out
commenting out line Lines { lines: 240..=240 } in "./tmp/39/betree/LinkedBranch_v/Refinement_v.rs"
verus succeeded with time: 63770ms, keeping it commented out
commenting out line Lines { lines: 1399..=1399 } in "./tmp/37/betree/LinkedBetree_v.rs"
verus succeeded with time: 62995ms, keeping it commented out
commenting out line Lines { lines: 1524..=1524 } in "./tmp/14/allocation_layer/AllocationJournal_v.rs"
verus failed with time: 59721ms, reverting
commenting out line Lines { lines: 358..=367 } in "./tmp/36/betree/LinkedBetreeRefinement_v.rs"
verus failed with time: 59269ms, reverting
commenting out line Lines { lines: 1036..=1037 } in "./tmp/18/allocation_layer/AllocationBranchBetree_v.rs"
verus failed with time: 56604ms, reverting
commenting out line Lines { lines: 294..=294 } in "./tmp/34/betree/FilteredBetreeRefinement_v.rs"
verus succeeded with time: 63913ms, keeping it commented out
commenting out line Lines { lines: 937..=937 } in "./tmp/21/allocation_layer/LikesBetree_v.rs"
verus succeeded with time: 61171ms, keeping it commented out
commenting out line Lines { lines: 241..=241 } in "./tmp/39/betree/LinkedBranch_v/Refinement_v.rs"
verus failed with time: 59448ms, reverting
commenting out line Lines { lines: 1417..=1417 } in "./tmp/37/betree/LinkedBetree_v.rs"
verus succeeded with time: 63292ms, keeping it commented out
commenting out line Lines { lines: 1525..=1525 } in "./tmp/14/allocation_layer/AllocationJournal_v.rs"
verus failed with time: 56824ms, reverting
commenting out line Lines { lines: 368..=368 } in "./tmp/36/betree/LinkedBetreeRefinement_v.rs"
verus failed with time: 59005ms, reverting
commenting out line Lines { lines: 1034..=1038 } in "./tmp/18/allocation_layer/AllocationBranchBetree_v.rs"
verus succeeded with time: 60801ms, keeping it commented out
commenting out line Lines { lines: 290..=297 } in "./tmp/34/betree/FilteredBetreeRefinement_v.rs"
verus failed with time: 62475ms, reverting
commenting out line Lines { lines: 940..=940 } in "./tmp/21/allocation_layer/LikesBetree_v.rs"
verus succeeded with time: 63874ms, keeping it commented out
commenting out line Lines { lines: 242..=242 } in "./tmp/39/betree/LinkedBranch_v/Refinement_v.rs"
verus succeeded with time: 65737ms, keeping it commented out
commenting out line Lines { lines: 1515..=1526 } in "./tmp/14/allocation_layer/AllocationJournal_v.rs"
verus failed with time: 60574ms, reverting
commenting out line Lines { lines: 399..=399 } in "./tmp/36/betree/LinkedBetreeRefinement_v.rs"
verus failed with time: 60163ms, reverting
commenting out line Lines { lines: 1450..=1450 } in "./tmp/37/betree/LinkedBetree_v.rs"
verus succeeded with time: 64795ms, keeping it commented out
commenting out line Lines { lines: 1053..=1053 } in "./tmp/18/allocation_layer/AllocationBranchBetree_v.rs"
verus failed with time: 59825ms, reverting
commenting out line Lines { lines: 1485..=1485 } in "./tmp/37/betree/LinkedBetree_v.rs"
verus failed with time: 28351ms, reverting
commenting out line Lines { lines: 305..=305 } in "./tmp/34/betree/FilteredBetreeRefinement_v.rs"
verus succeeded with time: 62443ms, keeping it commented out
commenting out line Lines { lines: 941..=941 } in "./tmp/21/allocation_layer/LikesBetree_v.rs"
verus succeeded with time: 61752ms, keeping it commented out
commenting out line Lines { lines: 244..=244 } in "./tmp/39/betree/LinkedBranch_v/Refinement_v.rs"
verus succeeded with time: 60384ms, keeping it commented out
commenting out line Lines { lines: 404..=404 } in "./tmp/36/betree/LinkedBetreeRefinement_v.rs"
verus failed with time: 58312ms, reverting
commenting out line Lines { lines: 1528..=1528 } in "./tmp/14/allocation_layer/AllocationJournal_v.rs"
verus succeeded with time: 61516ms, keeping it commented out
commenting out line Lines { lines: 1054..=1054 } in "./tmp/18/allocation_layer/AllocationBranchBetree_v.rs"
verus succeeded with time: 60972ms, keeping it commented out
commenting out line Lines { lines: 1484..=1485 } in "./tmp/37/betree/LinkedBetree_v.rs"
verus succeeded with time: 63777ms, keeping it commented out
commenting out line Lines { lines: 306..=306 } in "./tmp/34/betree/FilteredBetreeRefinement_v.rs"
verus succeeded with time: 64613ms, keeping it commented out
commenting out line Lines { lines: 949..=949 } in "./tmp/21/allocation_layer/LikesBetree_v.rs"
verus succeeded with time: 58589ms, keeping it commented out
commenting out line Lines { lines: 245..=245 } in "./tmp/39/betree/LinkedBranch_v/Refinement_v.rs"
verus succeeded with time: 60486ms, keeping it commented out
commenting out line Lines { lines: 401..=405 } in "./tmp/36/betree/LinkedBetreeRefinement_v.rs"
verus failed with time: 57624ms, reverting
commenting out line Lines { lines: 1535..=1535 } in "./tmp/14/allocation_layer/AllocationJournal_v.rs"
verus failed with time: 58293ms, reverting
commenting out line Lines { lines: 1050..=1055 } in "./tmp/18/allocation_layer/AllocationBranchBetree_v.rs"
verus failed with time: 57614ms, reverting
commenting out line Lines { lines: 1499..=1499 } in "./tmp/37/betree/LinkedBetree_v.rs"
verus failed with time: 57661ms, reverting
commenting out line Lines { lines: 307..=307 } in "./tmp/34/betree/FilteredBetreeRefinement_v.rs"
verus succeeded with time: 63916ms, keeping it commented out
commenting out line Lines { lines: 950..=950 } in "./tmp/21/allocation_layer/LikesBetree_v.rs"
verus failed with time: 58010ms, reverting
commenting out line Lines { lines: 1538..=1538 } in "./tmp/14/allocation_layer/AllocationJournal_v.rs"
verus failed with time: 58264ms, reverting
commenting out line Lines { lines: 260..=260 } in "./tmp/39/betree/LinkedBranch_v/Refinement_v.rs"
verus failed with time: 60786ms, reverting
commenting out line Lines { lines: 1049..=1056 } in "./tmp/18/allocation_layer/AllocationBranchBetree_v.rs"
verus failed with time: 58929ms, reverting
commenting out line Lines { lines: 406..=406 } in "./tmp/36/betree/LinkedBetreeRefinement_v.rs"
verus succeeded with time: 63975ms, keeping it commented out
commenting out line Lines { lines: 1495..=1501 } in "./tmp/37/betree/LinkedBetree_v.rs"
verus succeeded with time: 64094ms, keeping it commented out
commenting out line Lines { lines: 953..=953 } in "./tmp/21/allocation_layer/LikesBetree_v.rs"
verus succeeded with time: 61143ms, keeping it commented out
commenting out line Lines { lines: 310..=310 } in "./tmp/34/betree/FilteredBetreeRefinement_v.rs"
verus succeeded with time: 65760ms, keeping it commented out
commenting out line Lines { lines: 1539..=1539 } in "./tmp/14/allocation_layer/AllocationJournal_v.rs"
verus succeeded with time: 62663ms, keeping it commented out
commenting out line Lines { lines: 415..=415 } in "./tmp/36/betree/LinkedBetreeRefinement_v.rs"
verus failed with time: 58158ms, reverting
commenting out line Lines { lines: 277..=277 } in "./tmp/39/betree/LinkedBranch_v/Refinement_v.rs"
verus succeeded with time: 63849ms, keeping it commented out
commenting out line Lines { lines: 1061..=1061 } in "./tmp/18/allocation_layer/AllocationBranchBetree_v.rs"
verus succeeded with time: 62316ms, keeping it commented out
commenting out line Lines { lines: 1520..=1520 } in "./tmp/37/betree/LinkedBetree_v.rs"
verus succeeded with time: 65401ms, keeping it commented out
commenting out line Lines { lines: 956..=956 } in "./tmp/21/allocation_layer/LikesBetree_v.rs"
verus succeeded with time: 60095ms, keeping it commented out
commenting out line Lines { lines: 312..=312 } in "./tmp/34/betree/FilteredBetreeRefinement_v.rs"
verus succeeded with time: 64705ms, keeping it commented out
commenting out line Lines { lines: 412..=417 } in "./tmp/36/betree/LinkedBetreeRefinement_v.rs"
verus failed with time: 57599ms, reverting
commenting out line Lines { lines: 1064..=1066 } in "./tmp/18/allocation_layer/AllocationBranchBetree_v.rs"
verus failed with time: 57811ms, reverting
commenting out line Lines { lines: 1550..=1550 } in "./tmp/14/allocation_layer/AllocationJournal_v.rs"
verus succeeded with time: 64908ms, keeping it commented out
commenting out line Lines { lines: 280..=280 } in "./tmp/39/betree/LinkedBranch_v/Refinement_v.rs"
verus succeeded with time: 64612ms, keeping it commented out
commenting out line Lines { lines: 1526..=1526 } in "./tmp/37/betree/LinkedBetree_v.rs"
verus succeeded with time: 62192ms, keeping it commented out
commenting out line Lines { lines: 957..=957 } in "./tmp/21/allocation_layer/LikesBetree_v.rs"
verus succeeded with time: 63229ms, keeping it commented out
commenting out line Lines { lines: 418..=418 } in "./tmp/36/betree/LinkedBetreeRefinement_v.rs"
verus failed with time: 60163ms, reverting
commenting out line Lines { lines: 272..=316 } in "./tmp/34/betree/FilteredBetreeRefinement_v.rs"
verus failed with time: 63481ms, reverting
commenting out line Lines { lines: 1067..=1069 } in "./tmp/18/allocation_layer/AllocationBranchBetree_v.rs"
verus succeeded with time: 62897ms, keeping it commented out
commenting out line Lines { lines: 1551..=1551 } in "./tmp/14/allocation_layer/AllocationJournal_v.rs"
verus succeeded with time: 63824ms, keeping it commented out
commenting out line Lines { lines: 281..=281 } in "./tmp/39/betree/LinkedBranch_v/Refinement_v.rs"
verus succeeded with time: 64641ms, keeping it commented out
commenting out line Lines { lines: 1515..=1529 } in "./tmp/37/betree/LinkedBetree_v.rs"
verus succeeded with time: 64060ms, keeping it commented out
commenting out line Lines { lines: 944..=958 } in "./tmp/21/allocation_layer/LikesBetree_v.rs"
verus failed with time: 57229ms, reverting
commenting out line Lines { lines: 436..=436 } in "./tmp/36/betree/LinkedBetreeRefinement_v.rs"
verus failed with time: 56865ms, reverting
commenting out line Lines { lines: 317..=317 } in "./tmp/34/betree/FilteredBetreeRefinement_v.rs"
verus succeeded with time: 63939ms, keeping it commented out
commenting out line Lines { lines: 1552..=1552 } in "./tmp/14/allocation_layer/AllocationJournal_v.rs"
verus failed with time: 58857ms, reverting
commenting out line Lines { lines: 1072..=1073 } in "./tmp/18/allocation_layer/AllocationBranchBetree_v.rs"
verus succeeded with time: 62607ms, keeping it commented out
commenting out line Lines { lines: 282..=282 } in "./tmp/39/betree/LinkedBranch_v/Refinement_v.rs"
verus failed with time: 58938ms, reverting
commenting out line Lines { lines: 964..=965 } in "./tmp/21/allocation_layer/LikesBetree_v.rs"
verus succeeded with time: 63042ms, keeping it commented out
commenting out line Lines { lines: 1530..=1530 } in "./tmp/37/betree/LinkedBetree_v.rs"
verus succeeded with time: 64743ms, keeping it commented out
commenting out line Lines { lines: 439..=439 } in "./tmp/36/betree/LinkedBetreeRefinement_v.rs"
verus succeeded with time: 63267ms, keeping it commented out
commenting out line Lines { lines: 318..=318 } in "./tmp/34/betree/FilteredBetreeRefinement_v.rs"
verus succeeded with time: 62291ms, keeping it commented out
commenting out line Lines { lines: 1075..=1076 } in "./tmp/18/allocation_layer/AllocationBranchBetree_v.rs"
verus succeeded with time: 62982ms, keeping it commented out
commenting out line Lines { lines: 1553..=1553 } in "./tmp/14/allocation_layer/AllocationJournal_v.rs"
verus succeeded with time: 63589ms, keeping it commented out
commenting out line Lines { lines: 283..=283 } in "./tmp/39/betree/LinkedBranch_v/Refinement_v.rs"
verus succeeded with time: 63080ms, keeping it commented out
commenting out line Lines { lines: 1216..=1216 } in "./tmp/21/allocation_layer/LikesBetree_v.rs"
verus failed with time: 57605ms, reverting
commenting out line Lines { lines: 1544..=1544 } in "./tmp/37/betree/LinkedBetree_v.rs"
verus failed with time: 57832ms, reverting
commenting out line Lines { lines: 440..=440 } in "./tmp/36/betree/LinkedBetreeRefinement_v.rs"
verus succeeded with time: 62040ms, keeping it commented out
commenting out line Lines { lines: 1063..=1078 } in "./tmp/18/allocation_layer/AllocationBranchBetree_v.rs"
verus failed with time: 58613ms, reverting
commenting out line Lines { lines: 326..=326 } in "./tmp/34/betree/FilteredBetreeRefinement_v.rs"
verus succeeded with time: 63478ms, keeping it commented out
commenting out line Lines { lines: 286..=286 } in "./tmp/39/betree/LinkedBranch_v/Refinement_v.rs"
verus failed with time: 60685ms, reverting
commenting out line Lines { lines: 1558..=1558 } in "./tmp/14/allocation_layer/AllocationJournal_v.rs"
verus succeeded with time: 63722ms, keeping it commented out
commenting out line Lines { lines: 1265..=1265 } in "./tmp/21/allocation_layer/LikesBetree_v.rs"
verus failed with time: 56620ms, reverting
commenting out line Lines { lines: 1591..=1591 } in "./tmp/37/betree/LinkedBetree_v.rs"
verus failed with time: 58537ms, reverting
commenting out line Lines { lines: 465..=465 } in "./tmp/36/betree/LinkedBetreeRefinement_v.rs"
verus failed with time: 57896ms, reverting
commenting out line Lines { lines: 1084..=1084 } in "./tmp/18/allocation_layer/AllocationBranchBetree_v.rs"
verus succeeded with time: 63627ms, keeping it commented out
commenting out line Lines { lines: 293..=293 } in "./tmp/39/betree/LinkedBranch_v/Refinement_v.rs"
verus failed with time: 59852ms, reverting
commenting out line Lines { lines: 327..=327 } in "./tmp/34/betree/FilteredBetreeRefinement_v.rs"
verus succeeded with time: 64542ms, keeping it commented out
commenting out line Lines { lines: 1559..=1559 } in "./tmp/14/allocation_layer/AllocationJournal_v.rs"
verus succeeded with time: 64063ms, keeping it commented out
commenting out line Lines { lines: 1268..=1268 } in "./tmp/21/allocation_layer/LikesBetree_v.rs"
verus succeeded with time: 60370ms, keeping it commented out
commenting out line Lines { lines: 1600..=1600 } in "./tmp/37/betree/LinkedBetree_v.rs"
verus succeeded with time: 62447ms, keeping it commented out
commenting out line Lines { lines: 466..=466 } in "./tmp/36/betree/LinkedBetreeRefinement_v.rs"
verus succeeded with time: 60056ms, keeping it commented out
commenting out line Lines { lines: 1085..=1085 } in "./tmp/18/allocation_layer/AllocationBranchBetree_v.rs"
verus succeeded with time: 61323ms, keeping it commented out
commenting out line Lines { lines: 294..=294 } in "./tmp/39/betree/LinkedBranch_v/Refinement_v.rs"
verus succeeded with time: 61473ms, keeping it commented out
commenting out line Lines { lines: 347..=347 } in "./tmp/34/betree/FilteredBetreeRefinement_v.rs"
verus failed with time: 61777ms, reverting
commenting out line Lines { lines: 1560..=1560 } in "./tmp/14/allocation_layer/AllocationJournal_v.rs"
verus failed with time: 58771ms, reverting
commenting out line Lines { lines: 1271..=1271 } in "./tmp/21/allocation_layer/LikesBetree_v.rs"
verus succeeded with time: 62196ms, keeping it commented out
commenting out line Lines { lines: 1605..=1605 } in "./tmp/37/betree/LinkedBetree_v.rs"
verus failed with time: 58658ms, reverting
commenting out line Lines { lines: 467..=467 } in "./tmp/36/betree/LinkedBetreeRefinement_v.rs"
verus succeeded with time: 64454ms, keeping it commented out
commenting out line Lines { lines: 348..=348 } in "./tmp/34/betree/FilteredBetreeRefinement_v.rs"
verus failed with time: 61898ms, reverting
commenting out line Lines { lines: 296..=296 } in "./tmp/39/betree/LinkedBranch_v/Refinement_v.rs"
verus succeeded with time: 63849ms, keeping it commented out
commenting out line Lines { lines: 1090..=1091 } in "./tmp/18/allocation_layer/AllocationBranchBetree_v.rs"
verus succeeded with time: 66639ms, keeping it commented out
commenting out line Lines { lines: 1568..=1568 } in "./tmp/14/allocation_layer/AllocationJournal_v.rs"
verus succeeded with time: 63868ms, keeping it commented out
commenting out line Lines { lines: 1272..=1272 } in "./tmp/21/allocation_layer/LikesBetree_v.rs"
verus succeeded with time: 59000ms, keeping it commented out
commenting out line Lines { lines: 1607..=1607 } in "./tmp/37/betree/LinkedBetree_v.rs"
verus succeeded with time: 61603ms, keeping it commented out
commenting out line Lines { lines: 477..=477 } in "./tmp/36/betree/LinkedBetreeRefinement_v.rs"
verus failed with time: 60766ms, reverting
commenting out line Lines { lines: 358..=358 } in "./tmp/34/betree/FilteredBetreeRefinement_v.rs"
verus failed with time: 61776ms, reverting
commenting out line Lines { lines: 1569..=1569 } in "./tmp/14/allocation_layer/AllocationJournal_v.rs"
verus failed with time: 60386ms, reverting
commenting out line Lines { lines: 298..=298 } in "./tmp/39/betree/LinkedBranch_v/Refinement_v.rs"
verus succeeded with time: 63819ms, keeping it commented out
commenting out line Lines { lines: 1092..=1092 } in "./tmp/18/allocation_layer/AllocationBranchBetree_v.rs"
verus succeeded with time: 65496ms, keeping it commented out
commenting out line Lines { lines: 1276..=1276 } in "./tmp/21/allocation_layer/LikesBetree_v.rs"
verus failed with time: 55154ms, reverting
commenting out line Lines { lines: 1609..=1609 } in "./tmp/37/betree/LinkedBetree_v.rs"
verus failed with time: 58842ms, reverting
commenting out line Lines { lines: 481..=481 } in "./tmp/36/betree/LinkedBetreeRefinement_v.rs"
verus failed with time: 59551ms, reverting
commenting out line Lines { lines: 359..=359 } in "./tmp/34/betree/FilteredBetreeRefinement_v.rs"
verus failed with time: 62596ms, reverting
commenting out line Lines { lines: 1563..=1571 } in "./tmp/14/allocation_layer/AllocationJournal_v.rs"
verus failed with time: 60089ms, reverting
commenting out line Lines { lines: 347..=347 } in "./tmp/39/betree/LinkedBranch_v/Refinement_v.rs"
verus failed with time: 59618ms, reverting
commenting out line Lines { lines: 1097..=1097 } in "./tmp/18/allocation_layer/AllocationBranchBetree_v.rs"
verus succeeded with time: 64897ms, keeping it commented out
commenting out line Lines { lines: 1277..=1277 } in "./tmp/21/allocation_layer/LikesBetree_v.rs"
verus succeeded with time: 63171ms, keeping it commented out
commenting out line Lines { lines: 1601..=1612 } in "./tmp/37/betree/LinkedBetree_v.rs"
verus failed with time: 59653ms, reverting
commenting out line Lines { lines: 493..=493 } in "./tmp/36/betree/LinkedBetreeRefinement_v.rs"
verus failed with time: 57106ms, reverting
commenting out line Lines { lines: 1562..=1572 } in "./tmp/14/allocation_layer/AllocationJournal_v.rs"
verus failed with time: 59040ms, reverting
commenting out line Lines { lines: 360..=360 } in "./tmp/34/betree/FilteredBetreeRefinement_v.rs"
verus succeeded with time: 62146ms, keeping it commented out
commenting out line Lines { lines: 353..=353 } in "./tmp/39/betree/LinkedBranch_v/Refinement_v.rs"
verus succeeded with time: 62205ms, keeping it commented out
commenting out line Lines { lines: 1103..=1103 } in "./tmp/18/allocation_layer/AllocationBranchBetree_v.rs"
verus failed with time: 60678ms, reverting
commenting out line Lines { lines: 1278..=1278 } in "./tmp/21/allocation_layer/LikesBetree_v.rs"
verus succeeded with time: 62238ms, keeping it commented out
commenting out line Lines { lines: 1630..=1630 } in "./tmp/37/betree/LinkedBetree_v.rs"
verus succeeded with time: 61799ms, keeping it commented out
commenting out line Lines { lines: 494..=494 } in "./tmp/36/betree/LinkedBetreeRefinement_v.rs"
verus failed with time: 58240ms, reverting
commenting out line Lines { lines: 1574..=1574 } in "./tmp/14/allocation_layer/AllocationJournal_v.rs"
verus succeeded with time: 62277ms, keeping it commented out
commenting out line Lines { lines: 361..=361 } in "./tmp/34/betree/FilteredBetreeRefinement_v.rs"
verus succeeded with time: 63526ms, keeping it commented out
commenting out line Lines { lines: 354..=354 } in "./tmp/39/betree/LinkedBranch_v/Refinement_v.rs"
verus succeeded with time: 62814ms, keeping it commented out
commenting out line Lines { lines: 1101..=1104 } in "./tmp/18/allocation_layer/AllocationBranchBetree_v.rs"
verus failed with time: 59739ms, reverting
commenting out line Lines { lines: 1653..=1653 } in "./tmp/37/betree/LinkedBetree_v.rs"
verus failed with time: 56710ms, reverting
commenting out line Lines { lines: 1279..=1279 } in "./tmp/21/allocation_layer/LikesBetree_v.rs"
verus succeeded with time: 60828ms, keeping it commented out
commenting out line Lines { lines: 490..=499 } in "./tmp/36/betree/LinkedBetreeRefinement_v.rs"
verus failed with time: 56953ms, reverting
commenting out line Lines { lines: 1580..=1580 } in "./tmp/14/allocation_layer/AllocationJournal_v.rs"
verus failed with time: 60697ms, reverting
commenting out line Lines { lines: 374..=378 } in "./tmp/34/betree/FilteredBetreeRefinement_v.rs"
verus failed with time: 61431ms, reverting
commenting out line Lines { lines: 1098..=1105 } in "./tmp/18/allocation_layer/AllocationBranchBetree_v.rs"
verus failed with time: 57987ms, reverting
commenting out line Lines { lines: 357..=357 } in "./tmp/39/betree/LinkedBranch_v/Refinement_v.rs"
verus succeeded with time: 64055ms, keeping it commented out
commenting out line Lines { lines: 1654..=1654 } in "./tmp/37/betree/LinkedBetree_v.rs"
verus failed with time: 59061ms, reverting
commenting out line Lines { lines: 500..=500 } in "./tmp/36/betree/LinkedBetreeRefinement_v.rs"
verus failed with time: 56694ms, reverting
commenting out line Lines { lines: 1280..=1280 } in "./tmp/21/allocation_layer/LikesBetree_v.rs"
verus succeeded with time: 62564ms, keeping it commented out
commenting out line Lines { lines: 1582..=1582 } in "./tmp/14/allocation_layer/AllocationJournal_v.rs"
verus failed with time: 58511ms, reverting
commenting out line Lines { lines: 384..=384 } in "./tmp/34/betree/FilteredBetreeRefinement_v.rs"
verus succeeded with time: 63326ms, keeping it commented out
commenting out line Lines { lines: 1107..=1107 } in "./tmp/18/allocation_layer/AllocationBranchBetree_v.rs"
verus succeeded with time: 61269ms, keeping it commented out
commenting out line Lines { lines: 358..=358 } in "./tmp/39/betree/LinkedBranch_v/Refinement_v.rs"
verus succeeded with time: 62999ms, keeping it commented out
commenting out line Lines { lines: 502..=502 } in "./tmp/36/betree/LinkedBetreeRefinement_v.rs"
verus failed with time: 55735ms, reverting
commenting out line Lines { lines: 1284..=1284 } in "./tmp/21/allocation_layer/LikesBetree_v.rs"
verus failed with time: 56807ms, reverting
commenting out line Lines { lines: 1658..=1658 } in "./tmp/37/betree/LinkedBetree_v.rs"
verus succeeded with time: 65395ms, keeping it commented out
commenting out line Lines { lines: 1576..=1584 } in "./tmp/14/allocation_layer/AllocationJournal_v.rs"
verus failed with time: 56603ms, reverting
commenting out line Lines { lines: 1115..=1116 } in "./tmp/18/allocation_layer/AllocationBranchBetree_v.rs"
verus failed with time: 58830ms, reverting
commenting out line Lines { lines: 385..=385 } in "./tmp/34/betree/FilteredBetreeRefinement_v.rs"
verus succeeded with time: 62202ms, keeping it commented out
commenting out line Lines { lines: 368..=368 } in "./tmp/39/betree/LinkedBranch_v/Refinement_v.rs"
verus succeeded with time: 63147ms, keeping it commented out
commenting out line Lines { lines: 469..=505 } in "./tmp/36/betree/LinkedBetreeRefinement_v.rs"
verus failed with time: 58216ms, reverting
commenting out line Lines { lines: 1290..=1290 } in "./tmp/21/allocation_layer/LikesBetree_v.rs"
verus failed with time: 56405ms, reverting
commenting out line Lines { lines: 1697..=1697 } in "./tmp/37/betree/LinkedBetree_v.rs"
verus failed with time: 57793ms, reverting
commenting out line Lines { lines: 1590..=1590 } in "./tmp/14/allocation_layer/AllocationJournal_v.rs"
verus failed with time: 59352ms, reverting
commenting out line Lines { lines: 1117..=1117 } in "./tmp/18/allocation_layer/AllocationBranchBetree_v.rs"
verus succeeded with time: 65360ms, keeping it commented out
commenting out line Lines { lines: 413..=421 } in "./tmp/34/betree/FilteredBetreeRefinement_v.rs"
verus failed with time: 63983ms, reverting
commenting out line Lines { lines: 506..=506 } in "./tmp/36/betree/LinkedBetreeRefinement_v.rs"
verus failed with time: 58648ms, reverting
commenting out line Lines { lines: 372..=372 } in "./tmp/39/betree/LinkedBranch_v/Refinement_v.rs"
verus succeeded with time: 65395ms, keeping it commented out
commenting out line Lines { lines: 1291..=1292 } in "./tmp/21/allocation_layer/LikesBetree_v.rs"
verus succeeded with time: 62563ms, keeping it commented out
commenting out line Lines { lines: 1701..=1701 } in "./tmp/37/betree/LinkedBetree_v.rs"
verus succeeded with time: 63309ms, keeping it commented out
commenting out line Lines { lines: 1593..=1593 } in "./tmp/14/allocation_layer/AllocationJournal_v.rs"
verus failed with time: 58998ms, reverting
commenting out line Lines { lines: 1120..=1120 } in "./tmp/18/allocation_layer/AllocationBranchBetree_v.rs"
verus failed with time: 56682ms, reverting
commenting out line Lines { lines: 423..=428 } in "./tmp/34/betree/FilteredBetreeRefinement_v.rs"
verus failed with time: 60719ms, reverting
commenting out line Lines { lines: 524..=524 } in "./tmp/36/betree/LinkedBetreeRefinement_v.rs"
verus succeeded with time: 63091ms, keeping it commented out
commenting out line Lines { lines: 376..=376 } in "./tmp/39/betree/LinkedBranch_v/Refinement_v.rs"
verus succeeded with time: 62886ms, keeping it commented out
commenting out line Lines { lines: 1293..=1293 } in "./tmp/21/allocation_layer/LikesBetree_v.rs"
verus succeeded with time: 62734ms, keeping it commented out
commenting out line Lines { lines: 1740..=1740 } in "./tmp/37/betree/LinkedBetree_v.rs"
verus succeeded with time: 64959ms, keeping it commented out
commenting out line Lines { lines: 1594..=1594 } in "./tmp/14/allocation_layer/AllocationJournal_v.rs"
verus succeeded with time: 63196ms, keeping it commented out
commenting out line Lines { lines: 1112..=1122 } in "./tmp/18/allocation_layer/AllocationBranchBetree_v.rs"
verus failed with time: 56587ms, reverting
commenting out line Lines { lines: 430..=430 } in "./tmp/34/betree/FilteredBetreeRefinement_v.rs"
verus succeeded with time: 64261ms, keeping it commented out
commenting out line Lines { lines: 528..=528 } in "./tmp/36/betree/LinkedBetreeRefinement_v.rs"
verus succeeded with time: 61663ms, keeping it commented out
commenting out line Lines { lines: 377..=377 } in "./tmp/39/betree/LinkedBranch_v/Refinement_v.rs"
verus succeeded with time: 62473ms, keeping it commented out
commenting out line Lines { lines: 1302..=1302 } in "./tmp/21/allocation_layer/LikesBetree_v.rs"
verus succeeded with time: 59341ms, keeping it commented out
commenting out line Lines { lines: 1741..=1741 } in "./tmp/37/betree/LinkedBetree_v.rs"
verus failed with time: 59217ms, reverting
commenting out line Lines { lines: 1587..=1596 } in "./tmp/14/allocation_layer/AllocationJournal_v.rs"
verus failed with time: 56297ms, reverting
commenting out line Lines { lines: 1123..=1123 } in "./tmp/18/allocation_layer/AllocationBranchBetree_v.rs"
verus succeeded with time: 59010ms, keeping it commented out
commenting out line Lines { lines: 431..=431 } in "./tmp/34/betree/FilteredBetreeRefinement_v.rs"
verus succeeded with time: 65065ms, keeping it commented out
commenting out line Lines { lines: 529..=529 } in "./tmp/36/betree/LinkedBetreeRefinement_v.rs"
verus succeeded with time: 62568ms, keeping it commented out
commenting out line Lines { lines: 379..=379 } in "./tmp/39/betree/LinkedBranch_v/Refinement_v.rs"
verus succeeded with time: 62839ms, keeping it commented out
commenting out line Lines { lines: 1303..=1303 } in "./tmp/21/allocation_layer/LikesBetree_v.rs"
verus succeeded with time: 61820ms, keeping it commented out
commenting out line Lines { lines: 1734..=1742 } in "./tmp/37/betree/LinkedBetree_v.rs"
verus failed with time: 58132ms, reverting
commenting out line Lines { lines: 1586..=1597 } in "./tmp/14/allocation_layer/AllocationJournal_v.rs"
verus failed with time: 58769ms, reverting
commenting out line Lines { lines: 1126..=1126 } in "./tmp/18/allocation_layer/AllocationBranchBetree_v.rs"
verus succeeded with time: 61270ms, keeping it commented out
commenting out line Lines { lines: 448..=448 } in "./tmp/34/betree/FilteredBetreeRefinement_v.rs"
verus succeeded with time: 63224ms, keeping it commented out
commenting out line Lines { lines: 533..=533 } in "./tmp/36/betree/LinkedBetreeRefinement_v.rs"
verus succeeded with time: 60944ms, keeping it commented out
commenting out line Lines { lines: 1305..=1305 } in "./tmp/21/allocation_layer/LikesBetree_v.rs"
verus succeeded with time: 60832ms, keeping it commented out
commenting out line Lines { lines: 381..=381 } in "./tmp/39/betree/LinkedBranch_v/Refinement_v.rs"
verus succeeded with time: 64090ms, keeping it commented out
commenting out line Lines { lines: 1762..=1762 } in "./tmp/37/betree/LinkedBetree_v.rs"
verus succeeded with time: 63826ms, keeping it commented out
commenting out line Lines { lines: 1599..=1601 } in "./tmp/14/allocation_layer/AllocationJournal_v.rs"
verus failed with time: 58285ms, reverting
commenting out line Lines { lines: 1128..=1128 } in "./tmp/18/allocation_layer/AllocationBranchBetree_v.rs"
verus succeeded with time: 58736ms, keeping it commented out
commenting out line Lines { lines: 540..=540 } in "./tmp/36/betree/LinkedBetreeRefinement_v.rs"
verus failed with time: 57377ms, reverting
commenting out line Lines { lines: 449..=449 } in "./tmp/34/betree/FilteredBetreeRefinement_v.rs"
verus succeeded with time: 63007ms, keeping it commented out
commenting out line Lines { lines: 1307..=1307 } in "./tmp/21/allocation_layer/LikesBetree_v.rs"
verus failed with time: 58416ms, reverting
commenting out line Lines { lines: 382..=382 } in "./tmp/39/betree/LinkedBranch_v/Refinement_v.rs"
verus failed with time: 59057ms, reverting
commenting out line Lines { lines: 1765..=1765 } in "./tmp/37/betree/LinkedBetree_v.rs"
verus succeeded with time: 67378ms, keeping it commented out
commenting out line Lines { lines: 1603..=1603 } in "./tmp/14/allocation_layer/AllocationJournal_v.rs"
verus succeeded with time: 63867ms, keeping it commented out
commenting out line Lines { lines: 1129..=1129 } in "./tmp/18/allocation_layer/AllocationBranchBetree_v.rs"
verus failed with time: 59195ms, reverting
commenting out line Lines { lines: 541..=541 } in "./tmp/36/betree/LinkedBetreeRefinement_v.rs"
verus failed with time: 56133ms, reverting
commenting out line Lines { lines: 1308..=1308 } in "./tmp/21/allocation_layer/LikesBetree_v.rs"
verus failed with time: 57817ms, reverting
commenting out line Lines { lines: 471..=471 } in "./tmp/34/betree/FilteredBetreeRefinement_v.rs"
verus succeeded with time: 63381ms, keeping it commented out
commenting out line Lines { lines: 391..=391 } in "./tmp/39/betree/LinkedBranch_v/Refinement_v.rs"
verus succeeded with time: 64211ms, keeping it commented out
commenting out line Lines { lines: 1767..=1767 } in "./tmp/37/betree/LinkedBetree_v.rs"
verus succeeded with time: 62220ms, keeping it commented out
commenting out line Lines { lines: 1607..=1607 } in "./tmp/14/allocation_layer/AllocationJournal_v.rs"
verus succeeded with time: 63662ms, keeping it commented out
commenting out line Lines { lines: 1137..=1137 } in "./tmp/18/allocation_layer/AllocationBranchBetree_v.rs"
verus succeeded with time: 61996ms, keeping it commented out
commenting out line Lines { lines: 554..=554 } in "./tmp/36/betree/LinkedBetreeRefinement_v.rs"
verus failed with time: 54975ms, reverting
commenting out line Lines { lines: 1309..=1309 } in "./tmp/21/allocation_layer/LikesBetree_v.rs"
verus succeeded with time: 61617ms, keeping it commented out
commenting out line Lines { lines: 473..=473 } in "./tmp/34/betree/FilteredBetreeRefinement_v.rs"
verus succeeded with time: 61523ms, keeping it commented out
commenting out line Lines { lines: 393..=393 } in "./tmp/39/betree/LinkedBranch_v/Refinement_v.rs"
verus succeeded with time: 62976ms, keeping it commented out
commenting out line Lines { lines: 1610..=1611 } in "./tmp/14/allocation_layer/AllocationJournal_v.rs"
verus succeeded with time: 60840ms, keeping it commented out
commenting out line Lines { lines: 1768..=1768 } in "./tmp/37/betree/LinkedBetree_v.rs"
verus succeeded with time: 68294ms, keeping it commented out
commenting out line Lines { lines: 1132..=1138 } in "./tmp/18/allocation_layer/AllocationBranchBetree_v.rs"
verus failed with time: 56592ms, reverting
commenting out line Lines { lines: 555..=555 } in "./tmp/36/betree/LinkedBetreeRefinement_v.rs"
verus failed with time: 57423ms, reverting
commenting out line Lines { lines: 1310..=1310 } in "./tmp/21/allocation_layer/LikesBetree_v.rs"
verus failed with time: 60213ms, reverting
commenting out line Lines { lines: 496..=513 } in "./tmp/34/betree/FilteredBetreeRefinement_v.rs"
verus failed with time: 59344ms, reverting
commenting out line Lines { lines: 386..=400 } in "./tmp/39/betree/LinkedBranch_v/Refinement_v.rs"
verus failed with time: 57468ms, reverting
commenting out line Lines { lines: 1769..=1769 } in "./tmp/37/betree/LinkedBetree_v.rs"
verus failed with time: 61577ms, reverting
commenting out line Lines { lines: 1613..=1614 } in "./tmp/14/allocation_layer/AllocationJournal_v.rs"
verus succeeded with time: 64184ms, keeping it commented out
commenting out line Lines { lines: 1131..=1139 } in "./tmp/18/allocation_layer/AllocationBranchBetree_v.rs"
verus failed with time: 60790ms, reverting
commenting out line Lines { lines: 551..=560 } in "./tmp/36/betree/LinkedBetreeRefinement_v.rs"
verus failed with time: 62782ms, reverting
commenting out line Lines { lines: 1315..=1315 } in "./tmp/21/allocation_layer/LikesBetree_v.rs"
verus succeeded with time: 63766ms, keeping it commented out
commenting out line Lines { lines: 518..=518 } in "./tmp/34/betree/FilteredBetreeRefinement_v.rs"
verus succeeded with time: 61314ms, keeping it commented out
commenting out line Lines { lines: 403..=403 } in "./tmp/39/betree/LinkedBranch_v/Refinement_v.rs"
verus succeeded with time: 60859ms, keeping it commented out
commenting out line Lines { lines: 1757..=1770 } in "./tmp/37/betree/LinkedBetree_v.rs"
verus failed with time: 58813ms, reverting
commenting out line Lines { lines: 1140..=1140 } in "./tmp/18/allocation_layer/AllocationBranchBetree_v.rs"
verus succeeded with time: 63316ms, keeping it commented out
commenting out line Lines { lines: 1616..=1616 } in "./tmp/14/allocation_layer/AllocationJournal_v.rs"
verus succeeded with time: 64372ms, keeping it commented out
commenting out line Lines { lines: 561..=561 } in "./tmp/36/betree/LinkedBetreeRefinement_v.rs"
verus failed with time: 61956ms, reverting
commenting out line Lines { lines: 1316..=1316 } in "./tmp/21/allocation_layer/LikesBetree_v.rs"
verus failed with time: 57946ms, reverting
commenting out line Lines { lines: 360..=405 } in "./tmp/39/betree/LinkedBranch_v/Refinement_v.rs"
verus failed with time: 56666ms, reverting
commenting out line Lines { lines: 519..=519 } in "./tmp/34/betree/FilteredBetreeRefinement_v.rs"
verus succeeded with time: 61814ms, keeping it commented out
commenting out line Lines { lines: 1320..=1320 } in "./tmp/21/allocation_layer/LikesBetree_v.rs"
verus failed with time: 7690ms, reverting
commenting out line Lines { lines: 1773..=1773 } in "./tmp/37/betree/LinkedBetree_v.rs"
verus succeeded with time: 64269ms, keeping it commented out
commenting out line Lines { lines: 1150..=1150 } in "./tmp/18/allocation_layer/AllocationBranchBetree_v.rs"
verus succeeded with time: 61519ms, keeping it commented out
commenting out line Lines { lines: 1618..=1618 } in "./tmp/14/allocation_layer/AllocationJournal_v.rs"
verus succeeded with time: 63329ms, keeping it commented out
commenting out line Lines { lines: 537..=565 } in "./tmp/36/betree/LinkedBetreeRefinement_v.rs"
verus failed with time: 58362ms, reverting
commenting out line Lines { lines: 407..=407 } in "./tmp/39/betree/LinkedBranch_v/Refinement_v.rs"
verus failed with time: 59329ms, reverting
commenting out line Lines { lines: 1322..=1322 } in "./tmp/21/allocation_layer/LikesBetree_v.rs"
verus succeeded with time: 57265ms, keeping it commented out
commenting out line Lines { lines: 540..=540 } in "./tmp/34/betree/FilteredBetreeRefinement_v.rs"
verus succeeded with time: 63167ms, keeping it commented out
commenting out line Lines { lines: 1160..=1160 } in "./tmp/18/allocation_layer/AllocationBranchBetree_v.rs"
verus failed with time: 55244ms, reverting
commenting out line Lines { lines: 1794..=1794 } in "./tmp/37/betree/LinkedBetree_v.rs"
verus succeeded with time: 65148ms, keeping it commented out
commenting out line Lines { lines: 1605..=1621 } in "./tmp/14/allocation_layer/AllocationJournal_v.rs"
verus failed with time: 59938ms, reverting
commenting out line Lines { lines: 566..=566 } in "./tmp/36/betree/LinkedBetreeRefinement_v.rs"
verus failed with time: 55968ms, reverting
commenting out line Lines { lines: 408..=409 } in "./tmp/39/betree/LinkedBranch_v/Refinement_v.rs"
verus failed with time: 57359ms, reverting
commenting out line Lines { lines: 1324..=1324 } in "./tmp/21/allocation_layer/LikesBetree_v.rs"
verus succeeded with time: 59529ms, keeping it commented out
commenting out line Lines { lines: 543..=543 } in "./tmp/34/betree/FilteredBetreeRefinement_v.rs"
verus failed with time: 62996ms, reverting
commenting out line Lines { lines: 1161..=1161 } in "./tmp/18/allocation_layer/AllocationBranchBetree_v.rs"
verus succeeded with time: 63595ms, keeping it commented out
commenting out line Lines { lines: 1795..=1795 } in "./tmp/37/betree/LinkedBetree_v.rs"
verus failed with time: 59079ms, reverting
commenting out line Lines { lines: 1623..=1623 } in "./tmp/14/allocation_layer/AllocationJournal_v.rs"
verus succeeded with time: 61149ms, keeping it commented out
commenting out line Lines { lines: 580..=580 } in "./tmp/36/betree/LinkedBetreeRefinement_v.rs"
verus succeeded with time: 63659ms, keeping it commented out
commenting out line Lines { lines: 410..=410 } in "./tmp/39/betree/LinkedBranch_v/Refinement_v.rs"
verus succeeded with time: 62710ms, keeping it commented out
commenting out line Lines { lines: 1325..=1325 } in "./tmp/21/allocation_layer/LikesBetree_v.rs"
verus succeeded with time: 63390ms, keeping it commented out
commenting out line Lines { lines: 546..=546 } in "./tmp/34/betree/FilteredBetreeRefinement_v.rs"
verus failed with time: 64349ms, reverting
commenting out line Lines { lines: 1163..=1163 } in "./tmp/18/allocation_layer/AllocationBranchBetree_v.rs"
verus succeeded with time: 61230ms, keeping it commented out
commenting out line Lines { lines: 1813..=1813 } in "./tmp/37/betree/LinkedBetree_v.rs"
verus succeeded with time: 61877ms, keeping it commented out
commenting out line Lines { lines: 587..=587 } in "./tmp/36/betree/LinkedBetreeRefinement_v.rs"
verus failed with time: 56703ms, reverting
commenting out line Lines { lines: 1631..=1631 } in "./tmp/14/allocation_layer/AllocationJournal_v.rs"
verus succeeded with time: 62035ms, keeping it commented out
commenting out line Lines { lines: 412..=412 } in "./tmp/39/betree/LinkedBranch_v/Refinement_v.rs"
verus failed with time: 57043ms, reverting
commenting out line Lines { lines: 1326..=1326 } in "./tmp/21/allocation_layer/LikesBetree_v.rs"
verus succeeded with time: 60532ms, keeping it commented out
commenting out line Lines { lines: 555..=555 } in "./tmp/34/betree/FilteredBetreeRefinement_v.rs"
verus failed with time: 59515ms, reverting
commenting out line Lines { lines: 1166..=1166 } in "./tmp/18/allocation_layer/AllocationBranchBetree_v.rs"
verus succeeded with time: 62665ms, keeping it commented out
commenting out line Lines { lines: 590..=590 } in "./tmp/36/betree/LinkedBetreeRefinement_v.rs"
verus succeeded with time: 61440ms, keeping it commented out
commenting out line Lines { lines: 1815..=1815 } in "./tmp/37/betree/LinkedBetree_v.rs"
verus succeeded with time: 64059ms, keeping it commented out
commenting out line Lines { lines: 1632..=1632 } in "./tmp/14/allocation_layer/AllocationJournal_v.rs"
verus succeeded with time: 62729ms, keeping it commented out
commenting out line Lines { lines: 413..=413 } in "./tmp/39/betree/LinkedBranch_v/Refinement_v.rs"
verus succeeded with time: 65295ms, keeping it commented out
commenting out line Lines { lines: 1336..=1339 } in "./tmp/21/allocation_layer/LikesBetree_v.rs"
verus failed with time: 59168ms, reverting
commenting out line Lines { lines: 557..=557 } in "./tmp/34/betree/FilteredBetreeRefinement_v.rs"
verus failed with time: 64114ms, reverting
commenting out line Lines { lines: 1168..=1168 } in "./tmp/18/allocation_layer/AllocationBranchBetree_v.rs"
verus failed with time: 58428ms, reverting
commenting out line Lines { lines: 1872..=1872 } in "./tmp/37/betree/LinkedBetree_v.rs"
verus succeeded with time: 63404ms, keeping it commented out
commenting out line Lines { lines: 594..=594 } in "./tmp/36/betree/LinkedBetreeRefinement_v.rs"
verus succeeded with time: 64404ms, keeping it commented out
commenting out line Lines { lines: 1633..=1633 } in "./tmp/14/allocation_layer/AllocationJournal_v.rs"
verus succeeded with time: 64667ms, keeping it commented out
commenting out line Lines { lines: 417..=417 } in "./tmp/39/betree/LinkedBranch_v/Refinement_v.rs"
verus succeeded with time: 61580ms, keeping it commented out
commenting out line Lines { lines: 1343..=1343 } in "./tmp/21/allocation_layer/LikesBetree_v.rs"
verus succeeded with time: 58979ms, keeping it commented out
commenting out line Lines { lines: 559..=559 } in "./tmp/34/betree/FilteredBetreeRefinement_v.rs"
verus failed with time: 62293ms, reverting
commenting out line Lines { lines: 1182..=1182 } in "./tmp/18/allocation_layer/AllocationBranchBetree_v.rs"
verus succeeded with time: 58901ms, keeping it commented out
commenting out line Lines { lines: 602..=602 } in "./tmp/36/betree/LinkedBetreeRefinement_v.rs"
verus failed with time: 57775ms, reverting
commenting out line Lines { lines: 1893..=1893 } in "./tmp/37/betree/LinkedBetree_v.rs"
verus succeeded with time: 64590ms, keeping it commented out
commenting out line Lines { lines: 1634..=1634 } in "./tmp/14/allocation_layer/AllocationJournal_v.rs"
verus succeeded with time: 62276ms, keeping it commented out
commenting out line Lines { lines: 1367..=1367 } in "./tmp/21/allocation_layer/LikesBetree_v.rs"
verus succeeded with time: 60798ms, keeping it commented out
commenting out line Lines { lines: 475..=475 } in "./tmp/39/betree/LinkedBranch_v/Refinement_v.rs"
verus succeeded with time: 62699ms, keeping it commented out
commenting out line Lines { lines: 552..=561 } in "./tmp/34/betree/FilteredBetreeRefinement_v.rs"
verus failed with time: 59815ms, reverting
commenting out line Lines { lines: 1183..=1183 } in "./tmp/18/allocation_layer/AllocationBranchBetree_v.rs"
verus failed with time: 58512ms, reverting
commenting out line Lines { lines: 605..=605 } in "./tmp/36/betree/LinkedBetreeRefinement_v.rs"
verus failed with time: 57022ms, reverting
commenting out line Lines { lines: 1907..=1907 } in "./tmp/37/betree/LinkedBetree_v.rs"
verus failed with time: 57909ms, reverting
commenting out line Lines { lines: 1635..=1635 } in "./tmp/14/allocation_layer/AllocationJournal_v.rs"
verus succeeded with time: 61404ms, keeping it commented out
commenting out line Lines { lines: 1369..=1369 } in "./tmp/21/allocation_layer/LikesBetree_v.rs"
verus succeeded with time: 62330ms, keeping it commented out
commenting out line Lines { lines: 482..=482 } in "./tmp/39/betree/LinkedBranch_v/Refinement_v.rs"
verus succeeded with time: 65181ms, keeping it commented out
commenting out line Lines { lines: 562..=562 } in "./tmp/34/betree/FilteredBetreeRefinement_v.rs"
verus failed with time: 63585ms, reverting
commenting out line Lines { lines: 1197..=1197 } in "./tmp/18/allocation_layer/AllocationBranchBetree_v.rs"
verus failed with time: 55866ms, reverting
commenting out line Lines { lines: 596..=609 } in "./tmp/36/betree/LinkedBetreeRefinement_v.rs"
verus failed with time: 56147ms, reverting
commenting out line Lines { lines: 1908..=1908 } in "./tmp/37/betree/LinkedBetree_v.rs"
verus failed with time: 60430ms, reverting
commenting out line Lines { lines: 1667..=1667 } in "./tmp/14/allocation_layer/AllocationJournal_v.rs"
verus succeeded with time: 65570ms, keeping it commented out
commenting out line Lines { lines: 483..=483 } in "./tmp/39/betree/LinkedBranch_v/Refinement_v.rs"
verus failed with time: 59513ms, reverting
commenting out line Lines { lines: 1372..=1372 } in "./tmp/21/allocation_layer/LikesBetree_v.rs"
verus succeeded with time: 62600ms, keeping it commented out
commenting out line Lines { lines: 575..=575 } in "./tmp/34/betree/FilteredBetreeRefinement_v.rs"
verus failed with time: 62878ms, reverting
commenting out line Lines { lines: 1223..=1223 } in "./tmp/18/allocation_layer/AllocationBranchBetree_v.rs"
verus succeeded with time: 61746ms, keeping it commented out
commenting out line Lines { lines: 615..=615 } in "./tmp/36/betree/LinkedBetreeRefinement_v.rs"
verus succeeded with time: 62558ms, keeping it commented out
commenting out line Lines { lines: 1921..=1921 } in "./tmp/37/betree/LinkedBetree_v.rs"
verus failed with time: 56698ms, reverting
commenting out line Lines { lines: 1689..=1689 } in "./tmp/14/allocation_layer/AllocationJournal_v.rs"
verus succeeded with time: 67514ms, keeping it commented out
commenting out line Lines { lines: 495..=495 } in "./tmp/39/betree/LinkedBranch_v/Refinement_v.rs"
verus failed with time: 59165ms, reverting
commenting out line Lines { lines: 1373..=1373 } in "./tmp/21/allocation_layer/LikesBetree_v.rs"
verus succeeded with time: 60441ms, keeping it commented out
commenting out line Lines { lines: 1224..=1224 } in "./tmp/18/allocation_layer/AllocationBranchBetree_v.rs"
verus failed with time: 56097ms, reverting
commenting out line Lines { lines: 577..=577 } in "./tmp/34/betree/FilteredBetreeRefinement_v.rs"
verus succeeded with time: 64004ms, keeping it commented out
commenting out line Lines { lines: 616..=616 } in "./tmp/36/betree/LinkedBetreeRefinement_v.rs"
verus succeeded with time: 59933ms, keeping it commented out
commenting out line Lines { lines: 1925..=1925 } in "./tmp/37/betree/LinkedBetree_v.rs"
verus failed with time: 58996ms, reverting
commenting out line Lines { lines: 1694..=1694 } in "./tmp/14/allocation_layer/AllocationJournal_v.rs"
verus failed with time: 58389ms, reverting
minimization of ./tmp/14/allocation_layer/AllocationJournal_v.rs is completed
minimization of ./tmp/40/betree/LinkedSeq_v.rs is completed
minimization of ./tmp/41/betree/Memtable_v.rs is completed
minimization of ./tmp/42/betree/OffsetMap_v.rs is completed
commenting out line Lines { lines: 1375..=1375 } in "./tmp/21/allocation_layer/LikesBetree_v.rs"
verus failed with time: 55724ms, reverting
commenting out line Lines { lines: 496..=496 } in "./tmp/39/betree/LinkedBranch_v/Refinement_v.rs"
verus succeeded with time: 63791ms, keeping it commented out
commenting out line Lines { lines: 1219..=1225 } in "./tmp/18/allocation_layer/AllocationBranchBetree_v.rs"
verus failed with time: 56999ms, reverting
commenting out line Lines { lines: 586..=586 } in "./tmp/34/betree/FilteredBetreeRefinement_v.rs"
verus failed with time: 60721ms, reverting
commenting out line Lines { lines: 617..=617 } in "./tmp/36/betree/LinkedBetreeRefinement_v.rs"
verus succeeded with time: 60377ms, keeping it commented out
commenting out line Lines { lines: 1910..=1927 } in "./tmp/37/betree/LinkedBetree_v.rs"
verus failed with time: 60490ms, reverting
commenting out line Lines { lines: 62..=62 } in "./tmp/43/betree/PagedBetreeRefinement_v.rs"
verus failed with time: 58773ms, reverting
commenting out line Lines { lines: 1376..=1376 } in "./tmp/21/allocation_layer/LikesBetree_v.rs"
verus succeeded with time: 63348ms, keeping it commented out
commenting out line Lines { lines: 498..=498 } in "./tmp/39/betree/LinkedBranch_v/Refinement_v.rs"
verus succeeded with time: 63420ms, keeping it commented out
commenting out line Lines { lines: 1227..=1233 } in "./tmp/18/allocation_layer/AllocationBranchBetree_v.rs"
verus failed with time: 59042ms, reverting
commenting out line Lines { lines: 588..=588 } in "./tmp/34/betree/FilteredBetreeRefinement_v.rs"
verus succeeded with time: 61896ms, keeping it commented out
commenting out line Lines { lines: 619..=619 } in "./tmp/36/betree/LinkedBetreeRefinement_v.rs"
verus succeeded with time: 64649ms, keeping it commented out
commenting out line Lines { lines: 1928..=1928 } in "./tmp/37/betree/LinkedBetree_v.rs"
verus succeeded with time: 60443ms, keeping it commented out
commenting out line Lines { lines: 63..=63 } in "./tmp/43/betree/PagedBetreeRefinement_v.rs"
verus failed with time: 58822ms, reverting
commenting out line Lines { lines: 1378..=1378 } in "./tmp/21/allocation_layer/LikesBetree_v.rs"
verus succeeded with time: 58810ms, keeping it commented out
commenting out line Lines { lines: 500..=500 } in "./tmp/39/betree/LinkedBranch_v/Refinement_v.rs"
verus failed with time: 58296ms, reverting
commenting out line Lines { lines: 1259..=1259 } in "./tmp/18/allocation_layer/AllocationBranchBetree_v.rs"
verus succeeded with time: 59182ms, keeping it commented out
commenting out line Lines { lines: 589..=589 } in "./tmp/34/betree/FilteredBetreeRefinement_v.rs"
verus failed with time: 58664ms, reverting
commenting out line Lines { lines: 620..=620 } in "./tmp/36/betree/LinkedBetreeRefinement_v.rs"
verus failed with time: 55832ms, reverting
commenting out line Lines { lines: 1929..=1929 } in "./tmp/37/betree/LinkedBetree_v.rs"
verus succeeded with time: 63397ms, keeping it commented out
commenting out line Lines { lines: 57..=64 } in "./tmp/43/betree/PagedBetreeRefinement_v.rs"
verus failed with time: 60292ms, reverting
commenting out line Lines { lines: 1379..=1379 } in "./tmp/21/allocation_layer/LikesBetree_v.rs"
verus failed with time: 56801ms, reverting
commenting out line Lines { lines: 1261..=1261 } in "./tmp/18/allocation_layer/AllocationBranchBetree_v.rs"
verus failed with time: 58044ms, reverting
commenting out line Lines { lines: 501..=501 } in "./tmp/39/betree/LinkedBranch_v/Refinement_v.rs"
verus succeeded with time: 64763ms, keeping it commented out
commenting out line Lines { lines: 621..=621 } in "./tmp/36/betree/LinkedBetreeRefinement_v.rs"
verus failed with time: 57268ms, reverting
commenting out line Lines { lines: 618..=618 } in "./tmp/34/betree/FilteredBetreeRefinement_v.rs"
verus succeeded with time: 63760ms, keeping it commented out
commenting out line Lines { lines: 1930..=1930 } in "./tmp/37/betree/LinkedBetree_v.rs"
verus succeeded with time: 63999ms, keeping it commented out
commenting out line Lines { lines: 86..=86 } in "./tmp/43/betree/PagedBetreeRefinement_v.rs"
verus succeeded with time: 61295ms, keeping it commented out
commenting out line Lines { lines: 1386..=1386 } in "./tmp/21/allocation_layer/LikesBetree_v.rs"
verus succeeded with time: 62780ms, keeping it commented out
commenting out line Lines { lines: 504..=504 } in "./tmp/39/betree/LinkedBranch_v/Refinement_v.rs"
verus failed with time: 57601ms, reverting
commenting out line Lines { lines: 1272..=1272 } in "./tmp/18/allocation_layer/AllocationBranchBetree_v.rs"
verus succeeded with time: 60856ms, keeping it commented out
commenting out line Lines { lines: 611..=622 } in "./tmp/36/betree/LinkedBetreeRefinement_v.rs"
verus failed with time: 56634ms, reverting
commenting out line Lines { lines: 624..=624 } in "./tmp/34/betree/FilteredBetreeRefinement_v.rs"
verus succeeded with time: 59741ms, keeping it commented out
commenting out line Lines { lines: 1931..=1931 } in "./tmp/37/betree/LinkedBetree_v.rs"
verus succeeded with time: 60106ms, keeping it commented out
commenting out line Lines { lines: 94..=94 } in "./tmp/43/betree/PagedBetreeRefinement_v.rs"
verus failed with time: 55928ms, reverting
commenting out line Lines { lines: 1388..=1388 } in "./tmp/21/allocation_layer/LikesBetree_v.rs"
verus succeeded with time: 65047ms, keeping it commented out
commenting out line Lines { lines: 505..=505 } in "./tmp/39/betree/LinkedBranch_v/Refinement_v.rs"
verus succeeded with time: 59745ms, keeping it commented out
commenting out line Lines { lines: 1276..=1276 } in "./tmp/18/allocation_layer/AllocationBranchBetree_v.rs"
verus succeeded with time: 62172ms, keeping it commented out
commenting out line Lines { lines: 646..=646 } in "./tmp/36/betree/LinkedBetreeRefinement_v.rs"
verus succeeded with time: 61278ms, keeping it commented out
commenting out line Lines { lines: 630..=630 } in "./tmp/34/betree/FilteredBetreeRefinement_v.rs"
verus failed with time: 60139ms, reverting
commenting out line Lines { lines: 1932..=1932 } in "./tmp/37/betree/LinkedBetree_v.rs"
verus succeeded with time: 65049ms, keeping it commented out
commenting out line Lines { lines: 109..=109 } in "./tmp/43/betree/PagedBetreeRefinement_v.rs"
verus failed with time: 59754ms, reverting
commenting out line Lines { lines: 1389..=1389 } in "./tmp/21/allocation_layer/LikesBetree_v.rs"
verus failed with time: 56560ms, reverting
commenting out line Lines { lines: 511..=511 } in "./tmp/39/betree/LinkedBranch_v/Refinement_v.rs"
verus succeeded with time: 63375ms, keeping it commented out
commenting out line Lines { lines: 1277..=1277 } in "./tmp/18/allocation_layer/AllocationBranchBetree_v.rs"
verus succeeded with time: 61194ms, keeping it commented out
commenting out line Lines { lines: 650..=650 } in "./tmp/36/betree/LinkedBetreeRefinement_v.rs"
verus succeeded with time: 60607ms, keeping it commented out
commenting out line Lines { lines: 631..=631 } in "./tmp/34/betree/FilteredBetreeRefinement_v.rs"
verus succeeded with time: 66339ms, keeping it commented out
commenting out line Lines { lines: 119..=128 } in "./tmp/43/betree/PagedBetreeRefinement_v.rs"
verus failed with time: 59035ms, reverting
commenting out line Lines { lines: 1933..=1933 } in "./tmp/37/betree/LinkedBetree_v.rs"
verus succeeded with time: 62523ms, keeping it commented out
commenting out line Lines { lines: 1384..=1390 } in "./tmp/21/allocation_layer/LikesBetree_v.rs"
verus failed with time: 53684ms, reverting
commenting out line Lines { lines: 1263..=1280 } in "./tmp/18/allocation_layer/AllocationBranchBetree_v.rs"
verus failed with time: 57987ms, reverting
commenting out line Lines { lines: 512..=512 } in "./tmp/39/betree/LinkedBranch_v/Refinement_v.rs"
verus succeeded with time: 62640ms, keeping it commented out
commenting out line Lines { lines: 655..=655 } in "./tmp/36/betree/LinkedBetreeRefinement_v.rs"
verus failed with time: 56315ms, reverting
commenting out line Lines { lines: 635..=635 } in "./tmp/34/betree/FilteredBetreeRefinement_v.rs"
verus succeeded with time: 62966ms, keeping it commented out
commenting out line Lines { lines: 1958..=1958 } in "./tmp/37/betree/LinkedBetree_v.rs"
verus failed with time: 60080ms, reverting
commenting out line Lines { lines: 130..=130 } in "./tmp/43/betree/PagedBetreeRefinement_v.rs"
verus succeeded with time: 64505ms, keeping it commented out
commenting out line Lines { lines: 1393..=1393 } in "./tmp/21/allocation_layer/LikesBetree_v.rs"
verus succeeded with time: 60876ms, keeping it commented out
commenting out line Lines { lines: 515..=515 } in "./tmp/39/betree/LinkedBranch_v/Refinement_v.rs"
verus failed with time: 55773ms, reverting
commenting out line Lines { lines: 1281..=1281 } in "./tmp/18/allocation_layer/AllocationBranchBetree_v.rs"
verus succeeded with time: 60913ms, keeping it commented out
commenting out line Lines { lines: 656..=656 } in "./tmp/36/betree/LinkedBetreeRefinement_v.rs"
verus failed with time: 58031ms, reverting
commenting out line Lines { lines: 638..=638 } in "./tmp/34/betree/FilteredBetreeRefinement_v.rs"
verus succeeded with time: 65591ms, keeping it commented out
commenting out line Lines { lines: 1959..=1959 } in "./tmp/37/betree/LinkedBetree_v.rs"
verus failed with time: 58225ms, reverting
commenting out line Lines { lines: 131..=131 } in "./tmp/43/betree/PagedBetreeRefinement_v.rs"
verus succeeded with time: 63751ms, keeping it commented out
commenting out line Lines { lines: 1395..=1395 } in "./tmp/21/allocation_layer/LikesBetree_v.rs"
verus succeeded with time: 60876ms, keeping it commented out
commenting out line Lines { lines: 516..=516 } in "./tmp/39/betree/LinkedBranch_v/Refinement_v.rs"
verus succeeded with time: 61865ms, keeping it commented out
commenting out line Lines { lines: 1282..=1282 } in "./tmp/18/allocation_layer/AllocationBranchBetree_v.rs"
verus succeeded with time: 60846ms, keeping it commented out
commenting out line Lines { lines: 652..=658 } in "./tmp/36/betree/LinkedBetreeRefinement_v.rs"
verus failed with time: 56956ms, reverting
commenting out line Lines { lines: 612..=640 } in "./tmp/34/betree/FilteredBetreeRefinement_v.rs"
verus failed with time: 60294ms, reverting
commenting out line Lines { lines: 1950..=1969 } in "./tmp/37/betree/LinkedBetree_v.rs"
verus failed with time: 59489ms, reverting
commenting out line Lines { lines: 1401..=1404 } in "./tmp/21/allocation_layer/LikesBetree_v.rs"
verus failed with time: 54853ms, reverting
commenting out line Lines { lines: 147..=147 } in "./tmp/43/betree/PagedBetreeRefinement_v.rs"
verus failed with time: 60537ms, reverting
commenting out line Lines { lines: 659..=659 } in "./tmp/36/betree/LinkedBetreeRefinement_v.rs"
verus failed with time: 58146ms, reverting
commenting out line Lines { lines: 1294..=1294 } in "./tmp/18/allocation_layer/AllocationBranchBetree_v.rs"
verus succeeded with time: 60389ms, keeping it commented out
commenting out line Lines { lines: 519..=519 } in "./tmp/39/betree/LinkedBranch_v/Refinement_v.rs"
verus succeeded with time: 64442ms, keeping it commented out
commenting out line Lines { lines: 667..=667 } in "./tmp/34/betree/FilteredBetreeRefinement_v.rs"
verus failed with time: 62345ms, reverting
commenting out line Lines { lines: 1970..=1970 } in "./tmp/37/betree/LinkedBetree_v.rs"
verus succeeded with time: 64412ms, keeping it commented out
commenting out line Lines { lines: 1426..=1426 } in "./tmp/21/allocation_layer/LikesBetree_v.rs"
verus succeeded with time: 59999ms, keeping it commented out
commenting out line Lines { lines: 148..=148 } in "./tmp/43/betree/PagedBetreeRefinement_v.rs"
verus failed with time: 59083ms, reverting
commenting out line Lines { lines: 1285..=1297 } in "./tmp/18/allocation_layer/AllocationBranchBetree_v.rs"
verus failed with time: 57782ms, reverting
commenting out line Lines { lines: 701..=701 } in "./tmp/36/betree/LinkedBetreeRefinement_v.rs"
verus succeeded with time: 60385ms, keeping it commented out
commenting out line Lines { lines: 520..=520 } in "./tmp/39/betree/LinkedBranch_v/Refinement_v.rs"
verus succeeded with time: 62245ms, keeping it commented out
commenting out line Lines { lines: 668..=668 } in "./tmp/34/betree/FilteredBetreeRefinement_v.rs"
verus failed with time: 59491ms, reverting
commenting out line Lines { lines: 1427..=1427 } in "./tmp/21/allocation_layer/LikesBetree_v.rs"
verus succeeded with time: 61981ms, keeping it commented out
commenting out line Lines { lines: 1993..=1994 } in "./tmp/37/betree/LinkedBetree_v.rs"
verus succeeded with time: 64117ms, keeping it commented out
commenting out line Lines { lines: 181..=181 } in "./tmp/43/betree/PagedBetreeRefinement_v.rs"
verus failed with time: 59948ms, reverting
commenting out line Lines { lines: 707..=707 } in "./tmp/36/betree/LinkedBetreeRefinement_v.rs"
verus failed with time: 55745ms, reverting
commenting out line Lines { lines: 1337..=1337 } in "./tmp/18/allocation_layer/AllocationBranchBetree_v.rs"
verus succeeded with time: 61530ms, keeping it commented out
commenting out line Lines { lines: 489..=522 } in "./tmp/39/betree/LinkedBranch_v/Refinement_v.rs"
verus failed with time: 59475ms, reverting
commenting out line Lines { lines: 674..=674 } in "./tmp/34/betree/FilteredBetreeRefinement_v.rs"
verus succeeded with time: 64689ms, keeping it commented out
commenting out line Lines { lines: 187..=187 } in "./tmp/43/betree/PagedBetreeRefinement_v.rs"
verus failed with time: 60037ms, reverting
commenting out line Lines { lines: 1428..=1428 } in "./tmp/21/allocation_layer/LikesBetree_v.rs"
verus succeeded with time: 62581ms, keeping it commented out
commenting out line Lines { lines: 1995..=1996 } in "./tmp/37/betree/LinkedBetree_v.rs"
verus succeeded with time: 65050ms, keeping it commented out
commenting out line Lines { lines: 704..=709 } in "./tmp/36/betree/LinkedBetreeRefinement_v.rs"
verus failed with time: 58238ms, reverting
commenting out line Lines { lines: 485..=523 } in "./tmp/39/betree/LinkedBranch_v/Refinement_v.rs"
verus failed with time: 56690ms, reverting
commenting out line Lines { lines: 1338..=1338 } in "./tmp/18/allocation_layer/AllocationBranchBetree_v.rs"
verus succeeded with time: 62878ms, keeping it commented out
commenting out line Lines { lines: 661..=676 } in "./tmp/34/betree/FilteredBetreeRefinement_v.rs"
verus failed with time: 57385ms, reverting
commenting out line Lines { lines: 1423..=1429 } in "./tmp/21/allocation_layer/LikesBetree_v.rs"
verus failed with time: 58386ms, reverting
commenting out line Lines { lines: 188..=188 } in "./tmp/43/betree/PagedBetreeRefinement_v.rs"
verus failed with time: 60958ms, reverting
commenting out line Lines { lines: 2007..=2007 } in "./tmp/37/betree/LinkedBetree_v.rs"
verus succeeded with time: 63586ms, keeping it commented out
commenting out line Lines { lines: 714..=714 } in "./tmp/36/betree/LinkedBetreeRefinement_v.rs"
verus failed with time: 58817ms, reverting
commenting out line Lines { lines: 525..=525 } in "./tmp/39/betree/LinkedBranch_v/Refinement_v.rs"
verus failed with time: 57404ms, reverting
commenting out line Lines { lines: 1340..=1340 } in "./tmp/18/allocation_layer/AllocationBranchBetree_v.rs"
verus succeeded with time: 62610ms, keeping it commented out
commenting out line Lines { lines: 677..=677 } in "./tmp/34/betree/FilteredBetreeRefinement_v.rs"
verus failed with time: 61863ms, reverting
commenting out line Lines { lines: 182..=189 } in "./tmp/43/betree/PagedBetreeRefinement_v.rs"
verus failed with time: 58310ms, reverting
commenting out line Lines { lines: 1468..=1468 } in "./tmp/21/allocation_layer/LikesBetree_v.rs"
verus succeeded with time: 63061ms, keeping it commented out
commenting out line Lines { lines: 2008..=2008 } in "./tmp/37/betree/LinkedBetree_v.rs"
verus failed with time: 58089ms, reverting
commenting out line Lines { lines: 715..=715 } in "./tmp/36/betree/LinkedBetreeRefinement_v.rs"
verus failed with time: 58229ms, reverting
commenting out line Lines { lines: 553..=553 } in "./tmp/39/betree/LinkedBranch_v/Refinement_v.rs"
verus succeeded with time: 62849ms, keeping it commented out
commenting out line Lines { lines: 1345..=1345 } in "./tmp/18/allocation_layer/AllocationBranchBetree_v.rs"
verus succeeded with time: 63166ms, keeping it commented out
commenting out line Lines { lines: 690..=690 } in "./tmp/34/betree/FilteredBetreeRefinement_v.rs"
verus failed with time: 57155ms, reverting
commenting out line Lines { lines: 200..=200 } in "./tmp/43/betree/PagedBetreeRefinement_v.rs"
verus failed with time: 56399ms, reverting
commenting out line Lines { lines: 1489..=1489 } in "./tmp/21/allocation_layer/LikesBetree_v.rs"
verus succeeded with time: 61839ms, keeping it commented out
commenting out line Lines { lines: 711..=716 } in "./tmp/36/betree/LinkedBetreeRefinement_v.rs"
verus failed with time: 59592ms, reverting
commenting out line Lines { lines: 2010..=2010 } in "./tmp/37/betree/LinkedBetree_v.rs"
verus succeeded with time: 63327ms, keeping it commented out
commenting out line Lines { lines: 562..=562 } in "./tmp/39/betree/LinkedBranch_v/Refinement_v.rs"
verus succeeded with time: 65478ms, keeping it commented out
commenting out line Lines { lines: 1348..=1348 } in "./tmp/18/allocation_layer/AllocationBranchBetree_v.rs"
verus succeeded with time: 63434ms, keeping it commented out
commenting out line Lines { lines: 693..=693 } in "./tmp/34/betree/FilteredBetreeRefinement_v.rs"
verus succeeded with time: 62419ms, keeping it commented out
commenting out line Lines { lines: 201..=201 } in "./tmp/43/betree/PagedBetreeRefinement_v.rs"
verus failed with time: 60065ms, reverting
commenting out line Lines { lines: 703..=717 } in "./tmp/36/betree/LinkedBetreeRefinement_v.rs"
verus failed with time: 57170ms, reverting
commenting out line Lines { lines: 1490..=1490 } in "./tmp/21/allocation_layer/LikesBetree_v.rs"
verus succeeded with time: 61501ms, keeping it commented out
commenting out line Lines { lines: 2011..=2011 } in "./tmp/37/betree/LinkedBetree_v.rs"
verus succeeded with time: 62072ms, keeping it commented out
commenting out line Lines { lines: 563..=563 } in "./tmp/39/betree/LinkedBranch_v/Refinement_v.rs"
verus failed with time: 58965ms, reverting
commenting out line Lines { lines: 1350..=1350 } in "./tmp/18/allocation_layer/AllocationBranchBetree_v.rs"
verus succeeded with time: 60542ms, keeping it commented out
commenting out line Lines { lines: 238..=238 } in "./tmp/43/betree/PagedBetreeRefinement_v.rs"
verus failed with time: 60184ms, reverting
commenting out line Lines { lines: 699..=699 } in "./tmp/34/betree/FilteredBetreeRefinement_v.rs"
verus succeeded with time: 65184ms, keeping it commented out
commenting out line Lines { lines: 722..=722 } in "./tmp/36/betree/LinkedBetreeRefinement_v.rs"
verus failed with time: 57684ms, reverting
commenting out line Lines { lines: 2001..=2022 } in "./tmp/37/betree/LinkedBetree_v.rs"
verus failed with time: 58461ms, reverting
commenting out line Lines { lines: 1493..=1493 } in "./tmp/21/allocation_layer/LikesBetree_v.rs"
verus succeeded with time: 65610ms, keeping it commented out
commenting out line Lines { lines: 575..=575 } in "./tmp/39/betree/LinkedBranch_v/Refinement_v.rs"
verus succeeded with time: 60768ms, keeping it commented out
commenting out line Lines { lines: 1358..=1358 } in "./tmp/18/allocation_layer/AllocationBranchBetree_v.rs"
verus succeeded with time: 59902ms, keeping it commented out
commenting out line Lines { lines: 719..=724 } in "./tmp/36/betree/LinkedBetreeRefinement_v.rs"
verus failed with time: 57330ms, reverting
commenting out line Lines { lines: 239..=239 } in "./tmp/43/betree/PagedBetreeRefinement_v.rs"
verus succeeded with time: 63545ms, keeping it commented out
commenting out line Lines { lines: 700..=700 } in "./tmp/34/betree/FilteredBetreeRefinement_v.rs"
verus succeeded with time: 64902ms, keeping it commented out
commenting out line Lines { lines: 1496..=1496 } in "./tmp/21/allocation_layer/LikesBetree_v.rs"
verus failed with time: 59400ms, reverting
commenting out line Lines { lines: 2030..=2030 } in "./tmp/37/betree/LinkedBetree_v.rs"
verus succeeded with time: 63619ms, keeping it commented out
commenting out line Lines { lines: 1359..=1359 } in "./tmp/18/allocation_layer/AllocationBranchBetree_v.rs"
verus failed with time: 55494ms, reverting
commenting out line Lines { lines: 576..=576 } in "./tmp/39/betree/LinkedBranch_v/Refinement_v.rs"
verus succeeded with time: 65460ms, keeping it commented out
commenting out line Lines { lines: 731..=731 } in "./tmp/36/betree/LinkedBetreeRefinement_v.rs"
verus succeeded with time: 60468ms, keeping it commented out
commenting out line Lines { lines: 247..=247 } in "./tmp/43/betree/PagedBetreeRefinement_v.rs"
verus succeeded with time: 61653ms, keeping it commented out
commenting out line Lines { lines: 704..=704 } in "./tmp/34/betree/FilteredBetreeRefinement_v.rs"
verus succeeded with time: 61666ms, keeping it commented out
commenting out line Lines { lines: 1492..=1498 } in "./tmp/21/allocation_layer/LikesBetree_v.rs"
verus failed with time: 56971ms, reverting
commenting out line Lines { lines: 2031..=2031 } in "./tmp/37/betree/LinkedBetree_v.rs"
verus failed with time: 57757ms, reverting
commenting out line Lines { lines: 1363..=1363 } in "./tmp/18/allocation_layer/AllocationBranchBetree_v.rs"
verus succeeded with time: 61372ms, keeping it commented out
commenting out line Lines { lines: 584..=584 } in "./tmp/39/betree/LinkedBranch_v/Refinement_v.rs"
verus succeeded with time: 63717ms, keeping it commented out
commenting out line Lines { lines: 732..=732 } in "./tmp/36/betree/LinkedBetreeRefinement_v.rs"
verus failed with time: 60184ms, reverting
commenting out line Lines { lines: 262..=262 } in "./tmp/43/betree/PagedBetreeRefinement_v.rs"
verus succeeded with time: 61033ms, keeping it commented out
commenting out line Lines { lines: 679..=711 } in "./tmp/34/betree/FilteredBetreeRefinement_v.rs"
verus failed with time: 58860ms, reverting
commenting out line Lines { lines: 1502..=1502 } in "./tmp/21/allocation_layer/LikesBetree_v.rs"
verus failed with time: 60137ms, reverting
commenting out line Lines { lines: 2024..=2043 } in "./tmp/37/betree/LinkedBetree_v.rs"
verus failed with time: 58341ms, reverting
commenting out line Lines { lines: 1366..=1366 } in "./tmp/18/allocation_layer/AllocationBranchBetree_v.rs"
verus succeeded with time: 66381ms, keeping it commented out
commenting out line Lines { lines: 585..=585 } in "./tmp/39/betree/LinkedBranch_v/Refinement_v.rs"
verus succeeded with time: 61162ms, keeping it commented out
commenting out line Lines { lines: 733..=733 } in "./tmp/36/betree/LinkedBetreeRefinement_v.rs"
verus failed with time: 58191ms, reverting
commenting out line Lines { lines: 275..=279 } in "./tmp/43/betree/PagedBetreeRefinement_v.rs"
verus failed with time: 57921ms, reverting
commenting out line Lines { lines: 713..=713 } in "./tmp/34/betree/FilteredBetreeRefinement_v.rs"
verus succeeded with time: 63604ms, keeping it commented out
commenting out line Lines { lines: 1503..=1503 } in "./tmp/21/allocation_layer/LikesBetree_v.rs"
verus failed with time: 60661ms, reverting
commenting out line Lines { lines: 2044..=2044 } in "./tmp/37/betree/LinkedBetree_v.rs"
verus succeeded with time: 63912ms, keeping it commented out
commenting out line Lines { lines: 592..=592 } in "./tmp/39/betree/LinkedBranch_v/Refinement_v.rs"
verus succeeded with time: 60084ms, keeping it commented out
commenting out line Lines { lines: 1367..=1367 } in "./tmp/18/allocation_layer/AllocationBranchBetree_v.rs"
verus succeeded with time: 63741ms, keeping it commented out
commenting out line Lines { lines: 734..=734 } in "./tmp/36/betree/LinkedBetreeRefinement_v.rs"
verus succeeded with time: 60921ms, keeping it commented out
commenting out line Lines { lines: 281..=281 } in "./tmp/43/betree/PagedBetreeRefinement_v.rs"
verus succeeded with time: 62371ms, keeping it commented out
commenting out line Lines { lines: 714..=714 } in "./tmp/34/betree/FilteredBetreeRefinement_v.rs"
verus succeeded with time: 61628ms, keeping it commented out
commenting out line Lines { lines: 1504..=1504 } in "./tmp/21/allocation_layer/LikesBetree_v.rs"
verus failed with time: 61941ms, reverting
commenting out line Lines { lines: 2064..=2064 } in "./tmp/37/betree/LinkedBetree_v.rs"
verus failed with time: 59571ms, reverting
commenting out line Lines { lines: 1373..=1373 } in "./tmp/18/allocation_layer/AllocationBranchBetree_v.rs"
verus failed with time: 56709ms, reverting
commenting out line Lines { lines: 593..=593 } in "./tmp/39/betree/LinkedBranch_v/Refinement_v.rs"
verus succeeded with time: 61100ms, keeping it commented out
commenting out line Lines { lines: 726..=736 } in "./tmp/36/betree/LinkedBetreeRefinement_v.rs"
verus failed with time: 57243ms, reverting
commenting out line Lines { lines: 306..=306 } in "./tmp/43/betree/PagedBetreeRefinement_v.rs"
verus succeeded with time: 63790ms, keeping it commented out
commenting out line Lines { lines: 722..=722 } in "./tmp/34/betree/FilteredBetreeRefinement_v.rs"
verus failed with time: 58814ms, reverting
commenting out line Lines { lines: 2065..=2065 } in "./tmp/37/betree/LinkedBetree_v.rs"
verus failed with time: 57111ms, reverting
commenting out line Lines { lines: 1505..=1505 } in "./tmp/21/allocation_layer/LikesBetree_v.rs"
verus failed with time: 68096ms, reverting
commenting out line Lines { lines: 594..=594 } in "./tmp/39/betree/LinkedBranch_v/Refinement_v.rs"
verus succeeded with time: 63319ms, keeping it commented out
commenting out line Lines { lines: 1374..=1374 } in "./tmp/18/allocation_layer/AllocationBranchBetree_v.rs"
verus succeeded with time: 65041ms, keeping it commented out
commenting out line Lines { lines: 804..=804 } in "./tmp/36/betree/LinkedBetreeRefinement_v.rs"
verus failed with time: 57732ms, reverting
commenting out line Lines { lines: 307..=308 } in "./tmp/43/betree/PagedBetreeRefinement_v.rs"
verus failed with time: 57924ms, reverting
commenting out line Lines { lines: 737..=740 } in "./tmp/34/betree/FilteredBetreeRefinement_v.rs"
verus failed with time: 58080ms, reverting
commenting out line Lines { lines: 2067..=2067 } in "./tmp/37/betree/LinkedBetree_v.rs"
verus succeeded with time: 62168ms, keeping it commented out
commenting out line Lines { lines: 1506..=1506 } in "./tmp/21/allocation_layer/LikesBetree_v.rs"
verus failed with time: 60531ms, reverting
commenting out line Lines { lines: 595..=595 } in "./tmp/39/betree/LinkedBranch_v/Refinement_v.rs"
verus succeeded with time: 61868ms, keeping it commented out
commenting out line Lines { lines: 1375..=1375 } in "./tmp/18/allocation_layer/AllocationBranchBetree_v.rs"
verus succeeded with time: 64251ms, keeping it commented out
commenting out line Lines { lines: 835..=835 } in "./tmp/36/betree/LinkedBetreeRefinement_v.rs"
verus succeeded with time: 65221ms, keeping it commented out
commenting out line Lines { lines: 343..=343 } in "./tmp/43/betree/PagedBetreeRefinement_v.rs"
verus failed with time: 57426ms, reverting
commenting out line Lines { lines: 748..=748 } in "./tmp/34/betree/FilteredBetreeRefinement_v.rs"
verus succeeded with time: 60154ms, keeping it commented out
commenting out line Lines { lines: 1500..=1507 } in "./tmp/21/allocation_layer/LikesBetree_v.rs"
verus failed with time: 54594ms, reverting
commenting out line Lines { lines: 2068..=2068 } in "./tmp/37/betree/LinkedBetree_v.rs"
verus succeeded with time: 64799ms, keeping it commented out
commenting out line Lines { lines: 596..=596 } in "./tmp/39/betree/LinkedBranch_v/Refinement_v.rs"
verus succeeded with time: 60506ms, keeping it commented out
commenting out line Lines { lines: 1376..=1376 } in "./tmp/18/allocation_layer/AllocationBranchBetree_v.rs"
verus succeeded with time: 62585ms, keeping it commented out
commenting out line Lines { lines: 843..=843 } in "./tmp/36/betree/LinkedBetreeRefinement_v.rs"
verus failed with time: 57178ms, reverting
commenting out line Lines { lines: 356..=356 } in "./tmp/43/betree/PagedBetreeRefinement_v.rs"
verus failed with time: 56522ms, reverting
commenting out line Lines { lines: 749..=749 } in "./tmp/34/betree/FilteredBetreeRefinement_v.rs"
verus succeeded with time: 64978ms, keeping it commented out
commenting out line Lines { lines: 2085..=2085 } in "./tmp/37/betree/LinkedBetree_v.rs"
verus succeeded with time: 61349ms, keeping it commented out
commenting out line Lines { lines: 1511..=1511 } in "./tmp/21/allocation_layer/LikesBetree_v.rs"
verus succeeded with time: 71589ms, keeping it commented out
commenting out line Lines { lines: 598..=598 } in "./tmp/39/betree/LinkedBranch_v/Refinement_v.rs"
verus failed with time: 57148ms, reverting
commenting out line Lines { lines: 842..=845 } in "./tmp/36/betree/LinkedBetreeRefinement_v.rs"
verus failed with time: 56904ms, reverting
commenting out line Lines { lines: 1378..=1378 } in "./tmp/18/allocation_layer/AllocationBranchBetree_v.rs"
verus succeeded with time: 62654ms, keeping it commented out
commenting out line Lines { lines: 362..=362 } in "./tmp/43/betree/PagedBetreeRefinement_v.rs"
verus succeeded with time: 60342ms, keeping it commented out
commenting out line Lines { lines: 750..=750 } in "./tmp/34/betree/FilteredBetreeRefinement_v.rs"
verus failed with time: 57498ms, reverting
commenting out line Lines { lines: 2091..=2091 } in "./tmp/37/betree/LinkedBetree_v.rs"
verus succeeded with time: 62175ms, keeping it commented out
commenting out line Lines { lines: 1512..=1513 } in "./tmp/21/allocation_layer/LikesBetree_v.rs"
verus failed with time: 67775ms, reverting
commenting out line Lines { lines: 606..=606 } in "./tmp/39/betree/LinkedBranch_v/Refinement_v.rs"
verus succeeded with time: 61431ms, keeping it commented out
commenting out line Lines { lines: 1369..=1379 } in "./tmp/18/allocation_layer/AllocationBranchBetree_v.rs"
verus failed with time: 55627ms, reverting
commenting out line Lines { lines: 849..=849 } in "./tmp/36/betree/LinkedBetreeRefinement_v.rs"
verus failed with time: 58785ms, reverting
commenting out line Lines { lines: 364..=364 } in "./tmp/43/betree/PagedBetreeRefinement_v.rs"
verus failed with time: 57901ms, reverting
commenting out line Lines { lines: 743..=752 } in "./tmp/34/betree/FilteredBetreeRefinement_v.rs"
verus failed with time: 59655ms, reverting
commenting out line Lines { lines: 2093..=2093 } in "./tmp/37/betree/LinkedBetree_v.rs"
verus failed with time: 57800ms, reverting
commenting out line Lines { lines: 1514..=1514 } in "./tmp/21/allocation_layer/LikesBetree_v.rs"
verus succeeded with time: 69071ms, keeping it commented out
commenting out line Lines { lines: 607..=607 } in "./tmp/39/betree/LinkedBranch_v/Refinement_v.rs"
verus failed with time: 59389ms, reverting
commenting out line Lines { lines: 1342..=1381 } in "./tmp/18/allocation_layer/AllocationBranchBetree_v.rs"
verus failed with time: 59158ms, reverting
commenting out line Lines { lines: 854..=854 } in "./tmp/36/betree/LinkedBetreeRefinement_v.rs"
verus failed with time: 56947ms, reverting
commenting out line Lines { lines: 365..=365 } in "./tmp/43/betree/PagedBetreeRefinement_v.rs"
verus succeeded with time: 62847ms, keeping it commented out
commenting out line Lines { lines: 753..=753 } in "./tmp/34/betree/FilteredBetreeRefinement_v.rs"
verus succeeded with time: 64748ms, keeping it commented out
commenting out line Lines { lines: 2087..=2102 } in "./tmp/37/betree/LinkedBetree_v.rs"
verus failed with time: 56824ms, reverting
commenting out line Lines { lines: 608..=608 } in "./tmp/39/betree/LinkedBranch_v/Refinement_v.rs"
verus succeeded with time: 61219ms, keeping it commented out
commenting out line Lines { lines: 1516..=1516 } in "./tmp/21/allocation_layer/LikesBetree_v.rs"
verus failed with time: 64420ms, reverting
commenting out line Lines { lines: 847..=856 } in "./tmp/36/betree/LinkedBetreeRefinement_v.rs"
verus failed with time: 60075ms, reverting
commenting out line Lines { lines: 1392..=1392 } in "./tmp/18/allocation_layer/AllocationBranchBetree_v.rs"
verus succeeded with time: 62344ms, keeping it commented out
commenting out line Lines { lines: 366..=366 } in "./tmp/43/betree/PagedBetreeRefinement_v.rs"
verus succeeded with time: 64049ms, keeping it commented out
commenting out line Lines { lines: 766..=766 } in "./tmp/34/betree/FilteredBetreeRefinement_v.rs"
verus failed with time: 58660ms, reverting
commenting out line Lines { lines: 2108..=2108 } in "./tmp/37/betree/LinkedBetree_v.rs"
verus succeeded with time: 63274ms, keeping it commented out
commenting out line Lines { lines: 625..=625 } in "./tmp/39/betree/LinkedBranch_v/Refinement_v.rs"
verus succeeded with time: 61547ms, keeping it commented out
commenting out line Lines { lines: 860..=860 } in "./tmp/36/betree/LinkedBetreeRefinement_v.rs"
verus succeeded with time: 62683ms, keeping it commented out
commenting out line Lines { lines: 1509..=1517 } in "./tmp/21/allocation_layer/LikesBetree_v.rs"
verus failed with time: 65774ms, reverting
commenting out line Lines { lines: 1394..=1394 } in "./tmp/18/allocation_layer/AllocationBranchBetree_v.rs"
verus succeeded with time: 63149ms, keeping it commented out
commenting out line Lines { lines: 385..=385 } in "./tmp/43/betree/PagedBetreeRefinement_v.rs"
verus succeeded with time: 62104ms, keeping it commented out
commenting out line Lines { lines: 784..=784 } in "./tmp/34/betree/FilteredBetreeRefinement_v.rs"
verus succeeded with time: 59229ms, keeping it commented out
commenting out line Lines { lines: 2110..=2110 } in "./tmp/37/betree/LinkedBetree_v.rs"
verus failed with time: 58017ms, reverting
commenting out line Lines { lines: 626..=626 } in "./tmp/39/betree/LinkedBranch_v/Refinement_v.rs"
verus succeeded with time: 62009ms, keeping it commented out
commenting out line Lines { lines: 859..=862 } in "./tmp/36/betree/LinkedBetreeRefinement_v.rs"
verus failed with time: 59936ms, reverting
commenting out line Lines { lines: 1395..=1395 } in "./tmp/18/allocation_layer/AllocationBranchBetree_v.rs"
verus failed with time: 59027ms, reverting
commenting out line Lines { lines: 1524..=1527 } in "./tmp/21/allocation_layer/LikesBetree_v.rs"
verus failed with time: 63348ms, reverting
commenting out line Lines { lines: 388..=388 } in "./tmp/43/betree/PagedBetreeRefinement_v.rs"
verus failed with time: 57536ms, reverting
commenting out line Lines { lines: 786..=786 } in "./tmp/34/betree/FilteredBetreeRefinement_v.rs"
verus failed with time: 58080ms, reverting
commenting out line Lines { lines: 2104..=2119 } in "./tmp/37/betree/LinkedBetree_v.rs"
verus failed with time: 58094ms, reverting
commenting out line Lines { lines: 1385..=1398 } in "./tmp/18/allocation_layer/AllocationBranchBetree_v.rs"
verus failed with time: 59487ms, reverting
commenting out line Lines { lines: 627..=627 } in "./tmp/39/betree/LinkedBranch_v/Refinement_v.rs"
verus succeeded with time: 64648ms, keeping it commented out
commenting out line Lines { lines: 866..=866 } in "./tmp/36/betree/LinkedBetreeRefinement_v.rs"
verus succeeded with time: 65557ms, keeping it commented out
commenting out line Lines { lines: 1589..=1589 } in "./tmp/21/allocation_layer/LikesBetree_v.rs"
verus succeeded with time: 68748ms, keeping it commented out
commenting out line Lines { lines: 389..=389 } in "./tmp/43/betree/PagedBetreeRefinement_v.rs"
verus succeeded with time: 62683ms, keeping it commented out
commenting out line Lines { lines: 785..=788 } in "./tmp/34/betree/FilteredBetreeRefinement_v.rs"
verus failed with time: 59054ms, reverting
commenting out line Lines { lines: 2139..=2139 } in "./tmp/37/betree/LinkedBetree_v.rs"
verus succeeded with time: 61848ms, keeping it commented out
commenting out line Lines { lines: 1399..=1399 } in "./tmp/18/allocation_layer/AllocationBranchBetree_v.rs"
verus succeeded with time: 61601ms, keeping it commented out
commenting out line Lines { lines: 628..=628 } in "./tmp/39/betree/LinkedBranch_v/Refinement_v.rs"
verus succeeded with time: 61374ms, keeping it commented out
commenting out line Lines { lines: 868..=868 } in "./tmp/36/betree/LinkedBetreeRefinement_v.rs"
verus succeeded with time: 62217ms, keeping it commented out
commenting out line Lines { lines: 404..=404 } in "./tmp/43/betree/PagedBetreeRefinement_v.rs"
verus failed with time: 58383ms, reverting
commenting out line Lines { lines: 796..=796 } in "./tmp/34/betree/FilteredBetreeRefinement_v.rs"
verus succeeded with time: 62519ms, keeping it commented out
commenting out line Lines { lines: 1604..=1604 } in "./tmp/21/allocation_layer/LikesBetree_v.rs"
verus succeeded with time: 67150ms, keeping it commented out
commenting out line Lines { lines: 2140..=2140 } in "./tmp/37/betree/LinkedBetree_v.rs"
verus succeeded with time: 65886ms, keeping it commented out
commenting out line Lines { lines: 873..=873 } in "./tmp/36/betree/LinkedBetreeRefinement_v.rs"
verus failed with time: 57498ms, reverting
commenting out line Lines { lines: 1405..=1405 } in "./tmp/18/allocation_layer/AllocationBranchBetree_v.rs"
verus succeeded with time: 63456ms, keeping it commented out
commenting out line Lines { lines: 629..=629 } in "./tmp/39/betree/LinkedBranch_v/Refinement_v.rs"
verus succeeded with time: 62146ms, keeping it commented out
commenting out line Lines { lines: 415..=415 } in "./tmp/43/betree/PagedBetreeRefinement_v.rs"
verus failed with time: 56862ms, reverting
commenting out line Lines { lines: 777..=808 } in "./tmp/34/betree/FilteredBetreeRefinement_v.rs"
verus failed with time: 57366ms, reverting
commenting out line Lines { lines: 1605..=1606 } in "./tmp/21/allocation_layer/LikesBetree_v.rs"
verus succeeded with time: 67388ms, keeping it commented out
commenting out line Lines { lines: 2150..=2150 } in "./tmp/37/betree/LinkedBetree_v.rs"
verus succeeded with time: 63446ms, keeping it commented out
commenting out line Lines { lines: 874..=874 } in "./tmp/36/betree/LinkedBetreeRefinement_v.rs"
verus failed with time: 57795ms, reverting
commenting out line Lines { lines: 1401..=1407 } in "./tmp/18/allocation_layer/AllocationBranchBetree_v.rs"
verus failed with time: 59341ms, reverting
commenting out line Lines { lines: 637..=637 } in "./tmp/39/betree/LinkedBranch_v/Refinement_v.rs"
verus succeeded with time: 61412ms, keeping it commented out
commenting out line Lines { lines: 426..=426 } in "./tmp/43/betree/PagedBetreeRefinement_v.rs"
verus failed with time: 59704ms, reverting
commenting out line Lines { lines: 810..=810 } in "./tmp/34/betree/FilteredBetreeRefinement_v.rs"
verus succeeded with time: 63398ms, keeping it commented out
commenting out line Lines { lines: 1616..=1616 } in "./tmp/21/allocation_layer/LikesBetree_v.rs"
verus failed with time: 65490ms, reverting
commenting out line Lines { lines: 2151..=2151 } in "./tmp/37/betree/LinkedBetree_v.rs"
verus succeeded with time: 64387ms, keeping it commented out
commenting out line Lines { lines: 1412..=1412 } in "./tmp/18/allocation_layer/AllocationBranchBetree_v.rs"
verus failed with time: 58396ms, reverting
commenting out line Lines { lines: 881..=881 } in "./tmp/36/betree/LinkedBetreeRefinement_v.rs"
verus succeeded with time: 62528ms, keeping it commented out
commenting out line Lines { lines: 446..=446 } in "./tmp/43/betree/PagedBetreeRefinement_v.rs"
verus failed with time: 59676ms, reverting
commenting out line Lines { lines: 638..=638 } in "./tmp/39/betree/LinkedBranch_v/Refinement_v.rs"
verus succeeded with time: 61089ms, keeping it commented out
commenting out line Lines { lines: 820..=820 } in "./tmp/34/betree/FilteredBetreeRefinement_v.rs"
verus failed with time: 59419ms, reverting
commenting out line Lines { lines: 1617..=1617 } in "./tmp/21/allocation_layer/LikesBetree_v.rs"
verus succeeded with time: 66229ms, keeping it commented out
commenting out line Lines { lines: 2154..=2154 } in "./tmp/37/betree/LinkedBetree_v.rs"
verus failed with time: 57556ms, reverting
commenting out line Lines { lines: 870..=883 } in "./tmp/36/betree/LinkedBetreeRefinement_v.rs"
verus failed with time: 60642ms, reverting
commenting out line Lines { lines: 1414..=1414 } in "./tmp/18/allocation_layer/AllocationBranchBetree_v.rs"
verus succeeded with time: 63517ms, keeping it commented out
commenting out line Lines { lines: 448..=448 } in "./tmp/43/betree/PagedBetreeRefinement_v.rs"
verus failed with time: 58847ms, reverting
commenting out line Lines { lines: 639..=639 } in "./tmp/39/betree/LinkedBranch_v/Refinement_v.rs"
verus succeeded with time: 63016ms, keeping it commented out
commenting out line Lines { lines: 821..=821 } in "./tmp/34/betree/FilteredBetreeRefinement_v.rs"
verus succeeded with time: 64887ms, keeping it commented out
commenting out line Lines { lines: 2155..=2155 } in "./tmp/37/betree/LinkedBetree_v.rs"
verus failed with time: 57132ms, reverting
commenting out line Lines { lines: 1618..=1618 } in "./tmp/21/allocation_layer/LikesBetree_v.rs"
verus succeeded with time: 64776ms, keeping it commented out
commenting out line Lines { lines: 884..=884 } in "./tmp/36/betree/LinkedBetreeRefinement_v.rs"
verus failed with time: 57411ms, reverting
commenting out line Lines { lines: 464..=471 } in "./tmp/43/betree/PagedBetreeRefinement_v.rs"
verus failed with time: 57782ms, reverting
commenting out line Lines { lines: 1423..=1423 } in "./tmp/18/allocation_layer/AllocationBranchBetree_v.rs"
verus succeeded with time: 62458ms, keeping it commented out
commenting out line Lines { lines: 645..=645 } in "./tmp/39/betree/LinkedBranch_v/Refinement_v.rs"
verus succeeded with time: 64967ms, keeping it commented out
commenting out line Lines { lines: 831..=831 } in "./tmp/34/betree/FilteredBetreeRefinement_v.rs"
verus failed with time: 59276ms, reverting
commenting out line Lines { lines: 2153..=2156 } in "./tmp/37/betree/LinkedBetree_v.rs"
verus failed with time: 58762ms, reverting
commenting out line Lines { lines: 1615..=1619 } in "./tmp/21/allocation_layer/LikesBetree_v.rs"
verus failed with time: 63969ms, reverting
commenting out line Lines { lines: 473..=473 } in "./tmp/43/betree/PagedBetreeRefinement_v.rs"
verus failed with time: 59021ms, reverting
commenting out line Lines { lines: 961..=961 } in "./tmp/36/betree/LinkedBetreeRefinement_v.rs"
verus succeeded with time: 64430ms, keeping it commented out
commenting out line Lines { lines: 1424..=1424 } in "./tmp/18/allocation_layer/AllocationBranchBetree_v.rs"
verus succeeded with time: 62830ms, keeping it commented out
commenting out line Lines { lines: 647..=647 } in "./tmp/39/betree/LinkedBranch_v/Refinement_v.rs"
verus succeeded with time: 63956ms, keeping it commented out
commenting out line Lines { lines: 832..=832 } in "./tmp/34/betree/FilteredBetreeRefinement_v.rs"
verus succeeded with time: 62307ms, keeping it commented out
commenting out line Lines { lines: 2160..=2160 } in "./tmp/37/betree/LinkedBetree_v.rs"
verus failed with time: 57509ms, reverting
commenting out line Lines { lines: 1623..=1623 } in "./tmp/21/allocation_layer/LikesBetree_v.rs"
verus succeeded with time: 64056ms, keeping it commented out
commenting out line Lines { lines: 476..=476 } in "./tmp/43/betree/PagedBetreeRefinement_v.rs"
verus failed with time: 56909ms, reverting
commenting out line Lines { lines: 963..=963 } in "./tmp/36/betree/LinkedBetreeRefinement_v.rs"
verus succeeded with time: 63769ms, keeping it commented out
commenting out line Lines { lines: 1428..=1428 } in "./tmp/18/allocation_layer/AllocationBranchBetree_v.rs"
verus failed with time: 59159ms, reverting
commenting out line Lines { lines: 648..=648 } in "./tmp/39/betree/LinkedBranch_v/Refinement_v.rs"
verus failed with time: 58092ms, reverting
commenting out line Lines { lines: 826..=834 } in "./tmp/34/betree/FilteredBetreeRefinement_v.rs"
verus failed with time: 58975ms, reverting
commenting out line Lines { lines: 2158..=2161 } in "./tmp/37/betree/LinkedBetree_v.rs"
verus failed with time: 59097ms, reverting
commenting out line Lines { lines: 494..=501 } in "./tmp/43/betree/PagedBetreeRefinement_v.rs"
verus failed with time: 57904ms, reverting
commenting out line Lines { lines: 1624..=1624 } in "./tmp/21/allocation_layer/LikesBetree_v.rs"
verus succeeded with time: 69250ms, keeping it commented out
commenting out line Lines { lines: 968..=968 } in "./tmp/36/betree/LinkedBetreeRefinement_v.rs"
verus failed with time: 59020ms, reverting
commenting out line Lines { lines: 1429..=1429 } in "./tmp/18/allocation_layer/AllocationBranchBetree_v.rs"
verus succeeded with time: 62240ms, keeping it commented out
commenting out line Lines { lines: 649..=649 } in "./tmp/39/betree/LinkedBranch_v/Refinement_v.rs"
verus succeeded with time: 61941ms, keeping it commented out
commenting out line Lines { lines: 837..=837 } in "./tmp/34/betree/FilteredBetreeRefinement_v.rs"
verus failed with time: 61121ms, reverting
commenting out line Lines { lines: 2163..=2163 } in "./tmp/37/betree/LinkedBetree_v.rs"
verus succeeded with time: 63149ms, keeping it commented out
commenting out line Lines { lines: 503..=503 } in "./tmp/43/betree/PagedBetreeRefinement_v.rs"
verus failed with time: 56923ms, reverting
commenting out line Lines { lines: 1621..=1626 } in "./tmp/21/allocation_layer/LikesBetree_v.rs"
verus failed with time: 63185ms, reverting
commenting out line Lines { lines: 969..=969 } in "./tmp/36/betree/LinkedBetreeRefinement_v.rs"
verus succeeded with time: 63430ms, keeping it commented out
commenting out line Lines { lines: 1431..=1431 } in "./tmp/18/allocation_layer/AllocationBranchBetree_v.rs"
verus succeeded with time: 64068ms, keeping it commented out
commenting out line Lines { lines: 657..=657 } in "./tmp/39/betree/LinkedBranch_v/Refinement_v.rs"
verus succeeded with time: 60865ms, keeping it commented out
commenting out line Lines { lines: 844..=844 } in "./tmp/34/betree/FilteredBetreeRefinement_v.rs"
verus failed with time: 58957ms, reverting
commenting out line Lines { lines: 2164..=2164 } in "./tmp/37/betree/LinkedBetree_v.rs"
verus succeeded with time: 62788ms, keeping it commented out
commenting out line Lines { lines: 506..=506 } in "./tmp/43/betree/PagedBetreeRefinement_v.rs"
verus failed with time: 58164ms, reverting
commenting out line Lines { lines: 1633..=1633 } in "./tmp/21/allocation_layer/LikesBetree_v.rs"
verus failed with time: 61225ms, reverting
commenting out line Lines { lines: 1002..=1002 } in "./tmp/36/betree/LinkedBetreeRefinement_v.rs"
verus failed with time: 59270ms, reverting
commenting out line Lines { lines: 1417..=1434 } in "./tmp/18/allocation_layer/AllocationBranchBetree_v.rs"
verus failed with time: 57734ms, reverting
commenting out line Lines { lines: 650..=666 } in "./tmp/39/betree/LinkedBranch_v/Refinement_v.rs"
verus failed with time: 59954ms, reverting
commenting out line Lines { lines: 845..=845 } in "./tmp/34/betree/FilteredBetreeRefinement_v.rs"
verus failed with time: 61849ms, reverting
commenting out line Lines { lines: 2187..=2187 } in "./tmp/37/betree/LinkedBetree_v.rs"
verus failed with time: 58912ms, reverting
commenting out line Lines { lines: 515..=515 } in "./tmp/43/betree/PagedBetreeRefinement_v.rs"
verus failed with time: 57911ms, reverting
commenting out line Lines { lines: 535..=535 } in "./tmp/43/betree/PagedBetreeRefinement_v.rs"
verus failed with time: 10111ms, reverting
minimization of ./tmp/43/betree/PagedBetreeRefinement_v.rs is completed
minimization of ./tmp/44/betree/PagedBetree_v.rs is completed
commenting out line Lines { lines: 1003..=1003 } in "./tmp/36/betree/LinkedBetreeRefinement_v.rs"
verus failed with time: 58674ms, reverting
commenting out line Lines { lines: 1634..=1634 } in "./tmp/21/allocation_layer/LikesBetree_v.rs"
verus succeeded with time: 68140ms, keeping it commented out
commenting out line Lines { lines: 613..=671 } in "./tmp/39/betree/LinkedBranch_v/Refinement_v.rs"
verus failed with time: 57290ms, reverting
commenting out line Lines { lines: 1435..=1435 } in "./tmp/18/allocation_layer/AllocationBranchBetree_v.rs"
verus succeeded with time: 64091ms, keeping it commented out
commenting out line Lines { lines: 851..=851 } in "./tmp/34/betree/FilteredBetreeRefinement_v.rs"
verus failed with time: 59968ms, reverting
commenting out line Lines { lines: 2185..=2188 } in "./tmp/37/betree/LinkedBetree_v.rs"
verus failed with time: 58648ms, reverting
commenting out line Lines { lines: 90..=90 } in "./tmp/45/betree/PivotBetreeRefinement_v.rs"
verus failed with time: 62355ms, reverting
commenting out line Lines { lines: 999..=1005 } in "./tmp/36/betree/LinkedBetreeRefinement_v.rs"
verus failed with time: 59704ms, reverting
commenting out line Lines { lines: 1635..=1635 } in "./tmp/21/allocation_layer/LikesBetree_v.rs"
verus succeeded with time: 67244ms, keeping it commented out
commenting out line Lines { lines: 674..=674 } in "./tmp/39/betree/LinkedBranch_v/Refinement_v.rs"
verus succeeded with time: 62181ms, keeping it commented out
commenting out line Lines { lines: 1436..=1436 } in "./tmp/18/allocation_layer/AllocationBranchBetree_v.rs"
verus succeeded with time: 63890ms, keeping it commented out
commenting out line Lines { lines: 852..=852 } in "./tmp/34/betree/FilteredBetreeRefinement_v.rs"
verus succeeded with time: 62133ms, keeping it commented out
commenting out line Lines { lines: 2193..=2193 } in "./tmp/37/betree/LinkedBetree_v.rs"
verus succeeded with time: 65614ms, keeping it commented out
commenting out line Lines { lines: 129..=129 } in "./tmp/45/betree/PivotBetreeRefinement_v.rs"
verus succeeded with time: 59837ms, keeping it commented out
commenting out line Lines { lines: 1007..=1007 } in "./tmp/36/betree/LinkedBetreeRefinement_v.rs"
verus failed with time: 57227ms, reverting
commenting out line Lines { lines: 676..=678 } in "./tmp/39/betree/LinkedBranch_v/Refinement_v.rs"
verus failed with time: 56829ms, reverting
commenting out line Lines { lines: 1410..=1437 } in "./tmp/18/allocation_layer/AllocationBranchBetree_v.rs"
verus failed with time: 57907ms, reverting
commenting out line Lines { lines: 1645..=1648 } in "./tmp/21/allocation_layer/LikesBetree_v.rs"
verus failed with time: 61568ms, reverting
commenting out line Lines { lines: 812..=863 } in "./tmp/34/betree/FilteredBetreeRefinement_v.rs"
verus failed with time: 58372ms, reverting
commenting out line Lines { lines: 2194..=2194 } in "./tmp/37/betree/LinkedBetree_v.rs"
verus failed with time: 61868ms, reverting
commenting out line Lines { lines: 130..=130 } in "./tmp/45/betree/PivotBetreeRefinement_v.rs"
verus succeeded with time: 63389ms, keeping it commented out
commenting out line Lines { lines: 1009..=1009 } in "./tmp/36/betree/LinkedBetreeRefinement_v.rs"
verus failed with time: 59498ms, reverting
commenting out line Lines { lines: 679..=679 } in "./tmp/39/betree/LinkedBranch_v/Refinement_v.rs"
verus succeeded with time: 63630ms, keeping it commented out
commenting out line Lines { lines: 1718..=1718 } in "./tmp/21/allocation_layer/LikesBetree_v.rs"
verus failed with time: 60867ms, reverting
commenting out line Lines { lines: 1467..=1467 } in "./tmp/18/allocation_layer/AllocationBranchBetree_v.rs"
verus failed with time: 61601ms, reverting
commenting out line Lines { lines: 864..=864 } in "./tmp/34/betree/FilteredBetreeRefinement_v.rs"
verus succeeded with time: 63775ms, keeping it commented out
commenting out line Lines { lines: 2196..=2196 } in "./tmp/37/betree/LinkedBetree_v.rs"
verus succeeded with time: 62554ms, keeping it commented out
commenting out line Lines { lines: 1010..=1010 } in "./tmp/36/betree/LinkedBetreeRefinement_v.rs"
verus succeeded with time: 60574ms, keeping it commented out
commenting out line Lines { lines: 123..=132 } in "./tmp/45/betree/PivotBetreeRefinement_v.rs"
verus succeeded with time: 63018ms, keeping it commented out
commenting out line Lines { lines: 1468..=1468 } in "./tmp/18/allocation_layer/AllocationBranchBetree_v.rs"
verus succeeded with time: 61347ms, keeping it commented out
commenting out line Lines { lines: 680..=680 } in "./tmp/39/betree/LinkedBranch_v/Refinement_v.rs"
verus succeeded with time: 63026ms, keeping it commented out
commenting out line Lines { lines: 907..=907 } in "./tmp/34/betree/FilteredBetreeRefinement_v.rs"
verus failed with time: 58970ms, reverting
commenting out line Lines { lines: 1719..=1719 } in "./tmp/21/allocation_layer/LikesBetree_v.rs"
verus succeeded with time: 65768ms, keeping it commented out
commenting out line Lines { lines: 2197..=2197 } in "./tmp/37/betree/LinkedBetree_v.rs"
verus failed with time: 55549ms, reverting
commenting out line Lines { lines: 1013..=1013 } in "./tmp/36/betree/LinkedBetreeRefinement_v.rs"
verus failed with time: 56437ms, reverting
commenting out line Lines { lines: 165..=165 } in "./tmp/45/betree/PivotBetreeRefinement_v.rs"
verus failed with time: 60981ms, reverting
commenting out line Lines { lines: 695..=695 } in "./tmp/39/betree/LinkedBranch_v/Refinement_v.rs"
verus succeeded with time: 63605ms, keeping it commented out
commenting out line Lines { lines: 1470..=1470 } in "./tmp/18/allocation_layer/AllocationBranchBetree_v.rs"
verus succeeded with time: 64369ms, keeping it commented out
commenting out line Lines { lines: 910..=910 } in "./tmp/34/betree/FilteredBetreeRefinement_v.rs"
verus failed with time: 61704ms, reverting
commenting out line Lines { lines: 1723..=1723 } in "./tmp/21/allocation_layer/LikesBetree_v.rs"
verus succeeded with time: 68070ms, keeping it commented out
commenting out line Lines { lines: 2207..=2207 } in "./tmp/37/betree/LinkedBetree_v.rs"
verus failed with time: 60345ms, reverting
commenting out line Lines { lines: 1121..=1121 } in "./tmp/36/betree/LinkedBetreeRefinement_v.rs"
verus succeeded with time: 64208ms, keeping it commented out
commenting out line Lines { lines: 168..=168 } in "./tmp/45/betree/PivotBetreeRefinement_v.rs"
verus failed with time: 60623ms, reverting
commenting out line Lines { lines: 911..=911 } in "./tmp/34/betree/FilteredBetreeRefinement_v.rs"
verus failed with time: 60495ms, reverting
commenting out line Lines { lines: 696..=696 } in "./tmp/39/betree/LinkedBranch_v/Refinement_v.rs"
verus succeeded with time: 62124ms, keeping it commented out
commenting out line Lines { lines: 1471..=1471 } in "./tmp/18/allocation_layer/AllocationBranchBetree_v.rs"
verus succeeded with time: 61687ms, keeping it commented out
commenting out line Lines { lines: 1724..=1724 } in "./tmp/21/allocation_layer/LikesBetree_v.rs"
verus succeeded with time: 67493ms, keeping it commented out
commenting out line Lines { lines: 2211..=2211 } in "./tmp/37/betree/LinkedBetree_v.rs"
verus succeeded with time: 65635ms, keeping it commented out
commenting out line Lines { lines: 1158..=1158 } in "./tmp/36/betree/LinkedBetreeRefinement_v.rs"
verus failed with time: 60406ms, reverting
commenting out line Lines { lines: 169..=169 } in "./tmp/45/betree/PivotBetreeRefinement_v.rs"
verus succeeded with time: 58766ms, keeping it commented out
commenting out line Lines { lines: 1163..=1163 } in "./tmp/36/betree/LinkedBetreeRefinement_v.rs"
verus failed with time: 6630ms, reverting
minimization of ./tmp/36/betree/LinkedBetreeRefinement_v.rs is completed
minimization of ./tmp/46/betree/PivotBetree_v.rs is completed
commenting out line Lines { lines: 698..=698 } in "./tmp/39/betree/LinkedBranch_v/Refinement_v.rs"
verus failed with time: 56541ms, reverting
commenting out line Lines { lines: 1461..=1473 } in "./tmp/18/allocation_layer/AllocationBranchBetree_v.rs"
verus failed with time: 58084ms, reverting
commenting out line Lines { lines: 901..=912 } in "./tmp/34/betree/FilteredBetreeRefinement_v.rs"
verus failed with time: 58951ms, reverting
commenting out line Lines { lines: 2213..=2213 } in "./tmp/37/betree/LinkedBetree_v.rs"
verus failed with time: 57689ms, reverting
commenting out line Lines { lines: 1721..=1729 } in "./tmp/21/allocation_layer/LikesBetree_v.rs"
verus failed with time: 62265ms, reverting
commenting out line Lines { lines: 186..=186 } in "./tmp/45/betree/PivotBetreeRefinement_v.rs"
verus failed with time: 63349ms, reverting
commenting out line Lines { lines: 72..=72 } in "./tmp/47/betree/PivotBranchRefinement_v.rs"
verus succeeded with time: 65304ms, keeping it commented out
commenting out line Lines { lines: 916..=916 } in "./tmp/34/betree/FilteredBetreeRefinement_v.rs"
verus failed with time: 61827ms, reverting
commenting out line Lines { lines: 706..=706 } in "./tmp/39/betree/LinkedBranch_v/Refinement_v.rs"
verus succeeded with time: 63600ms, keeping it commented out
commenting out line Lines { lines: 2199..=2220 } in "./tmp/37/betree/LinkedBetree_v.rs"
verus failed with time: 60560ms, reverting
commenting out line Lines { lines: 1732..=1732 } in "./tmp/21/allocation_layer/LikesBetree_v.rs"
verus succeeded with time: 67803ms, keeping it commented out
commenting out line Lines { lines: 1476..=1476 } in "./tmp/18/allocation_layer/AllocationBranchBetree_v.rs"
verus failed with time: 88048ms, reverting
commenting out line Lines { lines: 187..=187 } in "./tmp/45/betree/PivotBetreeRefinement_v.rs"
verus failed with time: 57560ms, reverting
commenting out line Lines { lines: 89..=89 } in "./tmp/47/betree/PivotBranchRefinement_v.rs"
verus failed with time: 54870ms, reverting
commenting out line Lines { lines: 914..=918 } in "./tmp/34/betree/FilteredBetreeRefinement_v.rs"
verus failed with time: 62223ms, reverting
commenting out line Lines { lines: 708..=708 } in "./tmp/39/betree/LinkedBranch_v/Refinement_v.rs"
verus succeeded with time: 65262ms, keeping it commented out
commenting out line Lines { lines: 2228..=2228 } in "./tmp/37/betree/LinkedBetree_v.rs"
verus failed with time: 59209ms, reverting
commenting out line Lines { lines: 1731..=1733 } in "./tmp/21/allocation_layer/LikesBetree_v.rs"
verus succeeded with time: 68570ms, keeping it commented out
commenting out line Lines { lines: 1477..=1477 } in "./tmp/18/allocation_layer/AllocationBranchBetree_v.rs"
verus succeeded with time: 66016ms, keeping it commented out
commenting out line Lines { lines: 195..=195 } in "./tmp/45/betree/PivotBetreeRefinement_v.rs"
verus failed with time: 61214ms, reverting
commenting out line Lines { lines: 90..=90 } in "./tmp/47/betree/PivotBranchRefinement_v.rs"
verus succeeded with time: 62846ms, keeping it commented out
commenting out line Lines { lines: 920..=920 } in "./tmp/34/betree/FilteredBetreeRefinement_v.rs"
verus failed with time: 61406ms, reverting
commenting out line Lines { lines: 718..=718 } in "./tmp/39/betree/LinkedBranch_v/Refinement_v.rs"
verus succeeded with time: 62019ms, keeping it commented out
commenting out line Lines { lines: 2222..=2236 } in "./tmp/37/betree/LinkedBetree_v.rs"
verus failed with time: 57688ms, reverting
commenting out line Lines { lines: 1740..=1740 } in "./tmp/21/allocation_layer/LikesBetree_v.rs"
verus failed with time: 60578ms, reverting
commenting out line Lines { lines: 196..=196 } in "./tmp/45/betree/PivotBetreeRefinement_v.rs"
verus failed with time: 65657ms, reverting
commenting out line Lines { lines: 122..=122 } in "./tmp/47/betree/PivotBranchRefinement_v.rs"
verus failed with time: 62581ms, reverting
commenting out line Lines { lines: 938..=938 } in "./tmp/34/betree/FilteredBetreeRefinement_v.rs"
verus failed with time: 61773ms, reverting
commenting out line Lines { lines: 2255..=2255 } in "./tmp/37/betree/LinkedBetree_v.rs"
verus failed with time: 57355ms, reverting
commenting out line Lines { lines: 719..=719 } in "./tmp/39/betree/LinkedBranch_v/Refinement_v.rs"
verus failed with time: 61878ms, reverting
commenting out line Lines { lines: 1735..=1741 } in "./tmp/21/allocation_layer/LikesBetree_v.rs"
verus failed with time: 56693ms, reverting
commenting out line Lines { lines: 197..=197 } in "./tmp/45/betree/PivotBetreeRefinement_v.rs"
verus succeeded with time: 58249ms, keeping it commented out
commenting out line Lines { lines: 117..=124 } in "./tmp/47/betree/PivotBranchRefinement_v.rs"
verus failed with time: 56365ms, reverting
commenting out line Lines { lines: 955..=955 } in "./tmp/34/betree/FilteredBetreeRefinement_v.rs"
verus failed with time: 56293ms, reverting
commenting out line Lines { lines: 2256..=2256 } in "./tmp/37/betree/LinkedBetree_v.rs"
verus succeeded with time: 59327ms, keeping it commented out
commenting out line Lines { lines: 722..=722 } in "./tmp/39/betree/LinkedBranch_v/Refinement_v.rs"
verus succeeded with time: 61030ms, keeping it commented out
commenting out line Lines { lines: 1750..=1753 } in "./tmp/21/allocation_layer/LikesBetree_v.rs"
verus failed with time: 60091ms, reverting
commenting out line Lines { lines: 126..=130 } in "./tmp/47/betree/PivotBranchRefinement_v.rs"
verus failed with time: 54811ms, reverting
commenting out line Lines { lines: 198..=198 } in "./tmp/45/betree/PivotBetreeRefinement_v.rs"
verus succeeded with time: 60344ms, keeping it commented out
commenting out line Lines { lines: 953..=956 } in "./tmp/34/betree/FilteredBetreeRefinement_v.rs"
verus failed with time: 54549ms, reverting
commenting out line Lines { lines: 2257..=2257 } in "./tmp/37/betree/LinkedBetree_v.rs"
verus failed with time: 54367ms, reverting
commenting out line Lines { lines: 701..=731 } in "./tmp/39/betree/LinkedBranch_v/Refinement_v.rs"
verus failed with time: 53330ms, reverting
commenting out line Lines { lines: 1785..=1785 } in "./tmp/21/allocation_layer/LikesBetree_v.rs"
verus failed with time: 59460ms, reverting
commenting out line Lines { lines: 132..=132 } in "./tmp/47/betree/PivotBranchRefinement_v.rs"
verus succeeded with time: 57707ms, keeping it commented out
commenting out line Lines { lines: 211..=215 } in "./tmp/45/betree/PivotBetreeRefinement_v.rs"
verus failed with time: 55827ms, reverting
commenting out line Lines { lines: 993..=993 } in "./tmp/34/betree/FilteredBetreeRefinement_v.rs"
verus failed with time: 57351ms, reverting
commenting out line Lines { lines: 682..=735 } in "./tmp/39/betree/LinkedBranch_v/Refinement_v.rs"
verus failed with time: 55319ms, reverting
commenting out line Lines { lines: 2259..=2259 } in "./tmp/37/betree/LinkedBetree_v.rs"
verus succeeded with time: 60677ms, keeping it commented out
commenting out line Lines { lines: 1843..=1843 } in "./tmp/21/allocation_layer/LikesBetree_v.rs"
verus succeeded with time: 65028ms, keeping it commented out
commenting out line Lines { lines: 144..=144 } in "./tmp/47/betree/PivotBranchRefinement_v.rs"
verus failed with time: 54488ms, reverting
commenting out line Lines { lines: 221..=221 } in "./tmp/45/betree/PivotBetreeRefinement_v.rs"
verus succeeded with time: 59085ms, keeping it commented out
commenting out line Lines { lines: 994..=994 } in "./tmp/34/betree/FilteredBetreeRefinement_v.rs"
verus failed with time: 54005ms, reverting
commenting out line Lines { lines: 736..=736 } in "./tmp/39/betree/LinkedBranch_v/Refinement_v.rs"
verus succeeded with time: 58762ms, keeping it commented out
commenting out line Lines { lines: 2260..=2260 } in "./tmp/37/betree/LinkedBetree_v.rs"
verus succeeded with time: 58870ms, keeping it commented out
commenting out line Lines { lines: 1481..=1481 } in "./tmp/18/allocation_layer/AllocationBranchBetree_v.rs"
verus failed with time: 350855ms, reverting
commenting out line Lines { lines: 1850..=1850 } in "./tmp/21/allocation_layer/LikesBetree_v.rs"
verus succeeded with time: 59962ms, keeping it commented out
commenting out line Lines { lines: 147..=147 } in "./tmp/47/betree/PivotBranchRefinement_v.rs"
verus succeeded with time: 60678ms, keeping it commented out
commenting out line Lines { lines: 222..=222 } in "./tmp/45/betree/PivotBetreeRefinement_v.rs"
verus succeeded with time: 58774ms, keeping it commented out
commenting out line Lines { lines: 995..=995 } in "./tmp/34/betree/FilteredBetreeRefinement_v.rs"
verus succeeded with time: 57597ms, keeping it commented out
commenting out line Lines { lines: 2292..=2292 } in "./tmp/37/betree/LinkedBetree_v.rs"
verus succeeded with time: 58420ms, keeping it commented out
commenting out line Lines { lines: 739..=739 } in "./tmp/39/betree/LinkedBranch_v/Refinement_v.rs"
verus succeeded with time: 62248ms, keeping it commented out
commenting out line Lines { lines: 1482..=1482 } in "./tmp/18/allocation_layer/AllocationBranchBetree_v.rs"
verus succeeded with time: 60645ms, keeping it commented out
commenting out line Lines { lines: 149..=152 } in "./tmp/47/betree/PivotBranchRefinement_v.rs"
verus failed with time: 59038ms, reverting
commenting out line Lines { lines: 1852..=1852 } in "./tmp/21/allocation_layer/LikesBetree_v.rs"
verus succeeded with time: 63433ms, keeping it commented out
commenting out line Lines { lines: 255..=255 } in "./tmp/45/betree/PivotBetreeRefinement_v.rs"
verus failed with time: 62518ms, reverting
commenting out line Lines { lines: 1009..=1009 } in "./tmp/34/betree/FilteredBetreeRefinement_v.rs"
verus succeeded with time: 63453ms, keeping it commented out
commenting out line Lines { lines: 2293..=2293 } in "./tmp/37/betree/LinkedBetree_v.rs"
verus failed with time: 56810ms, reverting
commenting out line Lines { lines: 740..=740 } in "./tmp/39/betree/LinkedBranch_v/Refinement_v.rs"
verus failed with time: 58294ms, reverting
commenting out line Lines { lines: 154..=154 } in "./tmp/47/betree/PivotBranchRefinement_v.rs"
verus succeeded with time: 65757ms, keeping it commented out
commenting out line Lines { lines: 1855..=1856 } in "./tmp/21/allocation_layer/LikesBetree_v.rs"
verus succeeded with time: 66313ms, keeping it commented out
commenting out line Lines { lines: 259..=259 } in "./tmp/45/betree/PivotBetreeRefinement_v.rs"
verus succeeded with time: 63690ms, keeping it commented out
commenting out line Lines { lines: 1031..=1031 } in "./tmp/34/betree/FilteredBetreeRefinement_v.rs"
verus failed with time: 62989ms, reverting
commenting out line Lines { lines: 2291..=2294 } in "./tmp/37/betree/LinkedBetree_v.rs"
verus failed with time: 58054ms, reverting
commenting out line Lines { lines: 741..=741 } in "./tmp/39/betree/LinkedBranch_v/Refinement_v.rs"
verus succeeded with time: 63407ms, keeping it commented out
commenting out line Lines { lines: 155..=155 } in "./tmp/47/betree/PivotBranchRefinement_v.rs"
verus succeeded with time: 62180ms, keeping it commented out
commenting out line Lines { lines: 1861..=1861 } in "./tmp/21/allocation_layer/LikesBetree_v.rs"
verus succeeded with time: 62266ms, keeping it commented out
commenting out line Lines { lines: 260..=260 } in "./tmp/45/betree/PivotBetreeRefinement_v.rs"
verus succeeded with time: 60692ms, keeping it commented out
commenting out line Lines { lines: 1040..=1040 } in "./tmp/34/betree/FilteredBetreeRefinement_v.rs"
verus succeeded with time: 61133ms, keeping it commented out
commenting out line Lines { lines: 2301..=2301 } in "./tmp/37/betree/LinkedBetree_v.rs"
verus succeeded with time: 58568ms, keeping it commented out
commenting out line Lines { lines: 743..=743 } in "./tmp/39/betree/LinkedBranch_v/Refinement_v.rs"
verus succeeded with time: 59371ms, keeping it commented out
commenting out line Lines { lines: 156..=156 } in "./tmp/47/betree/PivotBranchRefinement_v.rs"
verus succeeded with time: 61180ms, keeping it commented out
commenting out line Lines { lines: 1864..=1864 } in "./tmp/21/allocation_layer/LikesBetree_v.rs"
verus failed with time: 59902ms, reverting
commenting out line Lines { lines: 261..=261 } in "./tmp/45/betree/PivotBetreeRefinement_v.rs"
verus succeeded with time: 60202ms, keeping it commented out
commenting out line Lines { lines: 2302..=2302 } in "./tmp/37/betree/LinkedBetree_v.rs"
verus failed with time: 56237ms, reverting
commenting out line Lines { lines: 1045..=1045 } in "./tmp/34/betree/FilteredBetreeRefinement_v.rs"
verus failed with time: 58227ms, reverting
commenting out line Lines { lines: 750..=750 } in "./tmp/39/betree/LinkedBranch_v/Refinement_v.rs"
verus succeeded with time: 61950ms, keeping it commented out
commenting out line Lines { lines: 158..=158 } in "./tmp/47/betree/PivotBranchRefinement_v.rs"
verus succeeded with time: 61752ms, keeping it commented out
commenting out line Lines { lines: 1046..=1046 } in "./tmp/34/betree/FilteredBetreeRefinement_v.rs"
verus failed with time: 58814ms, reverting
commenting out line Lines { lines: 2303..=2303 } in "./tmp/37/betree/LinkedBetree_v.rs"
verus succeeded with time: 60225ms, keeping it commented out
commenting out line Lines { lines: 1865..=1865 } in "./tmp/21/allocation_layer/LikesBetree_v.rs"
verus succeeded with time: 63927ms, keeping it commented out
commenting out line Lines { lines: 256..=263 } in "./tmp/45/betree/PivotBetreeRefinement_v.rs"
verus succeeded with time: 62314ms, keeping it commented out
commenting out line Lines { lines: 753..=753 } in "./tmp/39/betree/LinkedBranch_v/Refinement_v.rs"
verus succeeded with time: 62545ms, keeping it commented out
commenting out line Lines { lines: 160..=160 } in "./tmp/47/betree/PivotBranchRefinement_v.rs"
verus succeeded with time: 59921ms, keeping it commented out
commenting out line Lines { lines: 1042..=1047 } in "./tmp/34/betree/FilteredBetreeRefinement_v.rs"
verus failed with time: 60146ms, reverting
commenting out line Lines { lines: 264..=264 } in "./tmp/45/betree/PivotBetreeRefinement_v.rs"
verus succeeded with time: 59993ms, keeping it commented out
commenting out line Lines { lines: 2312..=2312 } in "./tmp/37/betree/LinkedBetree_v.rs"
verus succeeded with time: 62326ms, keeping it commented out
commenting out line Lines { lines: 1866..=1866 } in "./tmp/21/allocation_layer/LikesBetree_v.rs"
verus succeeded with time: 66217ms, keeping it commented out
commenting out line Lines { lines: 756..=756 } in "./tmp/39/betree/LinkedBranch_v/Refinement_v.rs"
verus failed with time: 54737ms, reverting
commenting out line Lines { lines: 1484..=1484 } in "./tmp/18/allocation_layer/AllocationBranchBetree_v.rs"
verus failed with time: 362119ms, reverting
commenting out line Lines { lines: 162..=162 } in "./tmp/47/betree/PivotBranchRefinement_v.rs"
verus succeeded with time: 62863ms, keeping it commented out
commenting out line Lines { lines: 1048..=1048 } in "./tmp/34/betree/FilteredBetreeRefinement_v.rs"
verus failed with time: 60892ms, reverting
commenting out line Lines { lines: 267..=267 } in "./tmp/45/betree/PivotBetreeRefinement_v.rs"
verus failed with time: 60393ms, reverting
commenting out line Lines { lines: 2315..=2315 } in "./tmp/37/betree/LinkedBetree_v.rs"
verus succeeded with time: 63820ms, keeping it commented out
commenting out line Lines { lines: 760..=761 } in "./tmp/39/betree/LinkedBranch_v/Refinement_v.rs"
verus failed with time: 59392ms, reverting
commenting out line Lines { lines: 1867..=1867 } in "./tmp/21/allocation_layer/LikesBetree_v.rs"
verus succeeded with time: 67226ms, keeping it commented out
commenting out line Lines { lines: 1066..=1066 } in "./tmp/34/betree/FilteredBetreeRefinement_v.rs"
verus failed with time: 61453ms, reverting
commenting out line Lines { lines: 178..=178 } in "./tmp/47/betree/PivotBranchRefinement_v.rs"
verus succeeded with time: 63912ms, keeping it commented out
commenting out line Lines { lines: 269..=269 } in "./tmp/45/betree/PivotBetreeRefinement_v.rs"
verus succeeded with time: 63739ms, keeping it commented out
commenting out line Lines { lines: 2316..=2316 } in "./tmp/37/betree/LinkedBetree_v.rs"
verus failed with time: 59814ms, reverting
commenting out line Lines { lines: 762..=762 } in "./tmp/39/betree/LinkedBranch_v/Refinement_v.rs"
verus failed with time: 59074ms, reverting
commenting out line Lines { lines: 1868..=1868 } in "./tmp/21/allocation_layer/LikesBetree_v.rs"
verus succeeded with time: 67273ms, keeping it commented out
commenting out line Lines { lines: 1074..=1074 } in "./tmp/34/betree/FilteredBetreeRefinement_v.rs"
verus failed with time: 56037ms, reverting
commenting out line Lines { lines: 2296..=2323 } in "./tmp/37/betree/LinkedBetree_v.rs"
verus failed with time: 57457ms, reverting
commenting out line Lines { lines: 179..=179 } in "./tmp/47/betree/PivotBranchRefinement_v.rs"
verus succeeded with time: 60043ms, keeping it commented out
commenting out line Lines { lines: 274..=274 } in "./tmp/45/betree/PivotBetreeRefinement_v.rs"
verus succeeded with time: 61069ms, keeping it commented out
commenting out line Lines { lines: 763..=763 } in "./tmp/39/betree/LinkedBranch_v/Refinement_v.rs"
verus succeeded with time: 60494ms, keeping it commented out
commenting out line Lines { lines: 1878..=1878 } in "./tmp/21/allocation_layer/LikesBetree_v.rs"
verus succeeded with time: 66635ms, keeping it commented out
commenting out line Lines { lines: 1075..=1075 } in "./tmp/34/betree/FilteredBetreeRefinement_v.rs"
verus failed with time: 55928ms, reverting
commenting out line Lines { lines: 2324..=2324 } in "./tmp/37/betree/LinkedBetree_v.rs"
verus succeeded with time: 59444ms, keeping it commented out
commenting out line Lines { lines: 182..=182 } in "./tmp/47/betree/PivotBranchRefinement_v.rs"
verus succeeded with time: 62035ms, keeping it commented out
commenting out line Lines { lines: 275..=275 } in "./tmp/45/betree/PivotBetreeRefinement_v.rs"
verus succeeded with time: 60126ms, keeping it commented out
commenting out line Lines { lines: 767..=767 } in "./tmp/39/betree/LinkedBranch_v/Refinement_v.rs"
verus succeeded with time: 59364ms, keeping it commented out
commenting out line Lines { lines: 1876..=1880 } in "./tmp/21/allocation_layer/LikesBetree_v.rs"
verus failed with time: 59306ms, reverting
commenting out line Lines { lines: 1071..=1076 } in "./tmp/34/betree/FilteredBetreeRefinement_v.rs"
verus failed with time: 53705ms, reverting
commenting out line Lines { lines: 2325..=2325 } in "./tmp/37/betree/LinkedBetree_v.rs"
verus succeeded with time: 60885ms, keeping it commented out
commenting out line Lines { lines: 276..=276 } in "./tmp/45/betree/PivotBetreeRefinement_v.rs"
verus succeeded with time: 61444ms, keeping it commented out
commenting out line Lines { lines: 183..=183 } in "./tmp/47/betree/PivotBranchRefinement_v.rs"
verus succeeded with time: 62449ms, keeping it commented out
commenting out line Lines { lines: 768..=768 } in "./tmp/39/betree/LinkedBranch_v/Refinement_v.rs"
verus succeeded with time: 58538ms, keeping it commented out
commenting out line Lines { lines: 1882..=1882 } in "./tmp/21/allocation_layer/LikesBetree_v.rs"
verus succeeded with time: 66927ms, keeping it commented out
commenting out line Lines { lines: 1077..=1077 } in "./tmp/34/betree/FilteredBetreeRefinement_v.rs"
verus failed with time: 53787ms, reverting
commenting out line Lines { lines: 2345..=2345 } in "./tmp/37/betree/LinkedBetree_v.rs"
verus succeeded with time: 60884ms, keeping it commented out
commenting out line Lines { lines: 770..=770 } in "./tmp/39/betree/LinkedBranch_v/Refinement_v.rs"
verus failed with time: 55200ms, reverting
commenting out line Lines { lines: 271..=278 } in "./tmp/45/betree/PivotBetreeRefinement_v.rs"
verus succeeded with time: 59299ms, keeping it commented out
commenting out line Lines { lines: 188..=188 } in "./tmp/47/betree/PivotBranchRefinement_v.rs"
verus succeeded with time: 61269ms, keeping it commented out
commenting out line Lines { lines: 1884..=1884 } in "./tmp/21/allocation_layer/LikesBetree_v.rs"
verus succeeded with time: 64875ms, keeping it commented out
commenting out line Lines { lines: 1123..=1123 } in "./tmp/34/betree/FilteredBetreeRefinement_v.rs"
verus succeeded with time: 61609ms, keeping it commented out
commenting out line Lines { lines: 1485..=1485 } in "./tmp/18/allocation_layer/AllocationBranchBetree_v.rs"
verus failed with time: 382787ms, reverting
commenting out line Lines { lines: 2346..=2346 } in "./tmp/37/betree/LinkedBetree_v.rs"
verus succeeded with time: 57010ms, keeping it commented out
commenting out line Lines { lines: 774..=774 } in "./tmp/39/betree/LinkedBranch_v/Refinement_v.rs"
verus succeeded with time: 60083ms, keeping it commented out
commenting out line Lines { lines: 189..=189 } in "./tmp/47/betree/PivotBranchRefinement_v.rs"
verus failed with time: 55677ms, reverting
commenting out line Lines { lines: 279..=279 } in "./tmp/45/betree/PivotBetreeRefinement_v.rs"
verus succeeded with time: 60703ms, keeping it commented out
commenting out line Lines { lines: 1885..=1885 } in "./tmp/21/allocation_layer/LikesBetree_v.rs"
verus succeeded with time: 64008ms, keeping it commented out
commenting out line Lines { lines: 1131..=1131 } in "./tmp/34/betree/FilteredBetreeRefinement_v.rs"
verus succeeded with time: 62574ms, keeping it commented out
commenting out line Lines { lines: 1503..=1503 } in "./tmp/18/allocation_layer/AllocationBranchBetree_v.rs"
verus succeeded with time: 58588ms, keeping it commented out
commenting out line Lines { lines: 2349..=2350 } in "./tmp/37/betree/LinkedBetree_v.rs"
verus failed with time: 60007ms, reverting
commenting out line Lines { lines: 780..=780 } in "./tmp/39/betree/LinkedBranch_v/Refinement_v.rs"
verus failed with time: 60495ms, reverting
commenting out line Lines { lines: 192..=192 } in "./tmp/47/betree/PivotBranchRefinement_v.rs"
verus succeeded with time: 63754ms, keeping it commented out
commenting out line Lines { lines: 307..=307 } in "./tmp/45/betree/PivotBetreeRefinement_v.rs"
verus succeeded with time: 62021ms, keeping it commented out
commenting out line Lines { lines: 1886..=1886 } in "./tmp/21/allocation_layer/LikesBetree_v.rs"
verus succeeded with time: 63480ms, keeping it commented out
commenting out line Lines { lines: 1505..=1505 } in "./tmp/18/allocation_layer/AllocationBranchBetree_v.rs"
verus succeeded with time: 60778ms, keeping it commented out
commenting out line Lines { lines: 1140..=1140 } in "./tmp/34/betree/FilteredBetreeRefinement_v.rs"
verus succeeded with time: 65798ms, keeping it commented out
commenting out line Lines { lines: 782..=782 } in "./tmp/39/betree/LinkedBranch_v/Refinement_v.rs"
verus failed with time: 57119ms, reverting
commenting out line Lines { lines: 2351..=2351 } in "./tmp/37/betree/LinkedBetree_v.rs"
verus succeeded with time: 60690ms, keeping it commented out
commenting out line Lines { lines: 193..=193 } in "./tmp/47/betree/PivotBranchRefinement_v.rs"
verus succeeded with time: 63858ms, keeping it commented out
commenting out line Lines { lines: 308..=308 } in "./tmp/45/betree/PivotBetreeRefinement_v.rs"
verus failed with time: 63734ms, reverting
commenting out line Lines { lines: 1890..=1890 } in "./tmp/21/allocation_layer/LikesBetree_v.rs"
verus failed with time: 60102ms, reverting
commenting out line Lines { lines: 1508..=1508 } in "./tmp/18/allocation_layer/AllocationBranchBetree_v.rs"
verus succeeded with time: 61396ms, keeping it commented out
commenting out line Lines { lines: 1163..=1163 } in "./tmp/34/betree/FilteredBetreeRefinement_v.rs"
verus succeeded with time: 62248ms, keeping it commented out
commenting out line Lines { lines: 791..=791 } in "./tmp/39/betree/LinkedBranch_v/Refinement_v.rs"
verus failed with time: 58608ms, reverting
commenting out line Lines { lines: 2381..=2381 } in "./tmp/37/betree/LinkedBetree_v.rs"
verus succeeded with time: 61291ms, keeping it commented out
commenting out line Lines { lines: 195..=195 } in "./tmp/47/betree/PivotBranchRefinement_v.rs"
verus failed with time: 59455ms, reverting
commenting out line Lines { lines: 317..=317 } in "./tmp/45/betree/PivotBetreeRefinement_v.rs"
verus failed with time: 63064ms, reverting
commenting out line Lines { lines: 1513..=1513 } in "./tmp/18/allocation_layer/AllocationBranchBetree_v.rs"
verus failed with time: 57781ms, reverting
commenting out line Lines { lines: 1891..=1893 } in "./tmp/21/allocation_layer/LikesBetree_v.rs"
verus succeeded with time: 66133ms, keeping it commented out
commenting out line Lines { lines: 1166..=1166 } in "./tmp/34/betree/FilteredBetreeRefinement_v.rs"
verus succeeded with time: 63298ms, keeping it commented out
commenting out line Lines { lines: 792..=792 } in "./tmp/39/betree/LinkedBranch_v/Refinement_v.rs"
verus failed with time: 59455ms, reverting
commenting out line Lines { lines: 2383..=2383 } in "./tmp/37/betree/LinkedBetree_v.rs"
verus failed with time: 58604ms, reverting
commenting out line Lines { lines: 197..=197 } in "./tmp/47/betree/PivotBranchRefinement_v.rs"
verus failed with time: 57729ms, reverting
commenting out line Lines { lines: 345..=345 } in "./tmp/45/betree/PivotBetreeRefinement_v.rs"
verus succeeded with time: 65541ms, keeping it commented out
commenting out line Lines { lines: 1518..=1518 } in "./tmp/18/allocation_layer/AllocationBranchBetree_v.rs"
verus failed with time: 58870ms, reverting
commenting out line Lines { lines: 1897..=1897 } in "./tmp/21/allocation_layer/LikesBetree_v.rs"
verus failed with time: 63932ms, reverting
commenting out line Lines { lines: 1159..=1168 } in "./tmp/34/betree/FilteredBetreeRefinement_v.rs"
verus succeeded with time: 62913ms, keeping it commented out
commenting out line Lines { lines: 2371..=2390 } in "./tmp/37/betree/LinkedBetree_v.rs"
verus failed with time: 58315ms, reverting
commenting out line Lines { lines: 793..=793 } in "./tmp/39/betree/LinkedBranch_v/Refinement_v.rs"
verus succeeded with time: 63066ms, keeping it commented out
commenting out line Lines { lines: 185..=200 } in "./tmp/47/betree/PivotBranchRefinement_v.rs"
verus failed with time: 59743ms, reverting
commenting out line Lines { lines: 346..=346 } in "./tmp/45/betree/PivotBetreeRefinement_v.rs"
verus failed with time: 62079ms, reverting
commenting out line Lines { lines: 1522..=1522 } in "./tmp/18/allocation_layer/AllocationBranchBetree_v.rs"
verus succeeded with time: 65608ms, keeping it commented out
commenting out line Lines { lines: 2421..=2421 } in "./tmp/37/betree/LinkedBetree_v.rs"
verus failed with time: 59168ms, reverting
commenting out line Lines { lines: 1895..=1899 } in "./tmp/21/allocation_layer/LikesBetree_v.rs"
verus failed with time: 64155ms, reverting
commenting out line Lines { lines: 795..=795 } in "./tmp/39/betree/LinkedBranch_v/Refinement_v.rs"
verus failed with time: 60361ms, reverting
commenting out line Lines { lines: 1169..=1169 } in "./tmp/34/betree/FilteredBetreeRefinement_v.rs"
verus succeeded with time: 64964ms, keeping it commented out
commenting out line Lines { lines: 206..=206 } in "./tmp/47/betree/PivotBranchRefinement_v.rs"
verus succeeded with time: 64668ms, keeping it commented out
commenting out line Lines { lines: 358..=358 } in "./tmp/45/betree/PivotBetreeRefinement_v.rs"
verus succeeded with time: 60157ms, keeping it commented out
commenting out line Lines { lines: 1525..=1525 } in "./tmp/18/allocation_layer/AllocationBranchBetree_v.rs"
verus succeeded with time: 62778ms, keeping it commented out
commenting out line Lines { lines: 2451..=2451 } in "./tmp/37/betree/LinkedBetree_v.rs"
verus succeeded with time: 61777ms, keeping it commented out
commenting out line Lines { lines: 1903..=1903 } in "./tmp/21/allocation_layer/LikesBetree_v.rs"
verus succeeded with time: 64532ms, keeping it commented out
commenting out line Lines { lines: 796..=796 } in "./tmp/39/betree/LinkedBranch_v/Refinement_v.rs"
verus succeeded with time: 62895ms, keeping it commented out
commenting out line Lines { lines: 1171..=1171 } in "./tmp/34/betree/FilteredBetreeRefinement_v.rs"
verus succeeded with time: 63453ms, keeping it commented out
commenting out line Lines { lines: 211..=211 } in "./tmp/47/betree/PivotBranchRefinement_v.rs"
verus succeeded with time: 61835ms, keeping it commented out
commenting out line Lines { lines: 355..=361 } in "./tmp/45/betree/PivotBetreeRefinement_v.rs"
verus succeeded with time: 61849ms, keeping it commented out
commenting out line Lines { lines: 1528..=1528 } in "./tmp/18/allocation_layer/AllocationBranchBetree_v.rs"
verus failed with time: 56836ms, reverting
commenting out line Lines { lines: 2456..=2456 } in "./tmp/37/betree/LinkedBetree_v.rs"
verus succeeded with time: 63903ms, keeping it commented out
commenting out line Lines { lines: 800..=800 } in "./tmp/39/betree/LinkedBranch_v/Refinement_v.rs"
verus failed with time: 59140ms, reverting
commenting out line Lines { lines: 1172..=1172 } in "./tmp/34/betree/FilteredBetreeRefinement_v.rs"
verus failed with time: 61570ms, reverting
commenting out line Lines { lines: 1904..=1904 } in "./tmp/21/allocation_layer/LikesBetree_v.rs"
verus succeeded with time: 66453ms, keeping it commented out
commenting out line Lines { lines: 212..=212 } in "./tmp/47/betree/PivotBranchRefinement_v.rs"
verus succeeded with time: 62660ms, keeping it commented out
commenting out line Lines { lines: 362..=362 } in "./tmp/45/betree/PivotBetreeRefinement_v.rs"
verus failed with time: 59927ms, reverting
commenting out line Lines { lines: 1530..=1530 } in "./tmp/18/allocation_layer/AllocationBranchBetree_v.rs"
verus succeeded with time: 61264ms, keeping it commented out
commenting out line Lines { lines: 2463..=2463 } in "./tmp/37/betree/LinkedBetree_v.rs"
verus failed with time: 57499ms, reverting
commenting out line Lines { lines: 802..=802 } in "./tmp/39/betree/LinkedBranch_v/Refinement_v.rs"
verus succeeded with time: 63315ms, keeping it commented out
commenting out line Lines { lines: 1173..=1173 } in "./tmp/34/betree/FilteredBetreeRefinement_v.rs"
verus succeeded with time: 62717ms, keeping it commented out
commenting out line Lines { lines: 1906..=1909 } in "./tmp/21/allocation_layer/LikesBetree_v.rs"
verus failed with time: 62770ms, reverting
commenting out line Lines { lines: 213..=213 } in "./tmp/47/betree/PivotBranchRefinement_v.rs"
verus succeeded with time: 64618ms, keeping it commented out
commenting out line Lines { lines: 386..=386 } in "./tmp/45/betree/PivotBetreeRefinement_v.rs"
verus succeeded with time: 61730ms, keeping it commented out
commenting out line Lines { lines: 1533..=1533 } in "./tmp/18/allocation_layer/AllocationBranchBetree_v.rs"
verus succeeded with time: 62223ms, keeping it commented out
commenting out line Lines { lines: 2467..=2467 } in "./tmp/37/betree/LinkedBetree_v.rs"
verus succeeded with time: 63426ms, keeping it commented out
commenting out line Lines { lines: 803..=803 } in "./tmp/39/betree/LinkedBranch_v/Refinement_v.rs"
verus succeeded with time: 61448ms, keeping it commented out
commenting out line Lines { lines: 1174..=1174 } in "./tmp/34/betree/FilteredBetreeRefinement_v.rs"
verus failed with time: 59897ms, reverting
commenting out line Lines { lines: 1911..=1913 } in "./tmp/21/allocation_layer/LikesBetree_v.rs"
verus succeeded with time: 63147ms, keeping it commented out
commenting out line Lines { lines: 214..=214 } in "./tmp/47/betree/PivotBranchRefinement_v.rs"
verus succeeded with time: 63123ms, keeping it commented out
commenting out line Lines { lines: 404..=404 } in "./tmp/45/betree/PivotBetreeRefinement_v.rs"
verus succeeded with time: 62118ms, keeping it commented out
commenting out line Lines { lines: 1538..=1538 } in "./tmp/18/allocation_layer/AllocationBranchBetree_v.rs"
verus succeeded with time: 60874ms, keeping it commented out
commenting out line Lines { lines: 2468..=2468 } in "./tmp/37/betree/LinkedBetree_v.rs"
verus failed with time: 56648ms, reverting
commenting out line Lines { lines: 804..=804 } in "./tmp/39/betree/LinkedBranch_v/Refinement_v.rs"
verus succeeded with time: 62495ms, keeping it commented out
commenting out line Lines { lines: 1177..=1177 } in "./tmp/34/betree/FilteredBetreeRefinement_v.rs"
verus succeeded with time: 62230ms, keeping it commented out
commenting out line Lines { lines: 1914..=1914 } in "./tmp/21/allocation_layer/LikesBetree_v.rs"
verus failed with time: 60764ms, reverting
commenting out line Lines { lines: 215..=215 } in "./tmp/47/betree/PivotBranchRefinement_v.rs"
verus succeeded with time: 62824ms, keeping it commented out
commenting out line Lines { lines: 421..=421 } in "./tmp/45/betree/PivotBetreeRefinement_v.rs"
verus succeeded with time: 63084ms, keeping it commented out
commenting out line Lines { lines: 2458..=2471 } in "./tmp/37/betree/LinkedBetree_v.rs"
verus failed with time: 56088ms, reverting
commenting out line Lines { lines: 1539..=1539 } in "./tmp/18/allocation_layer/AllocationBranchBetree_v.rs"
verus succeeded with time: 59892ms, keeping it commented out
commenting out line Lines { lines: 806..=806 } in "./tmp/39/betree/LinkedBranch_v/Refinement_v.rs"
verus failed with time: 57830ms, reverting
commenting out line Lines { lines: 1186..=1186 } in "./tmp/34/betree/FilteredBetreeRefinement_v.rs"
verus succeeded with time: 64417ms, keeping it commented out
commenting out line Lines { lines: 1915..=1916 } in "./tmp/21/allocation_layer/LikesBetree_v.rs"
verus succeeded with time: 64709ms, keeping it commented out
commenting out line Lines { lines: 218..=218 } in "./tmp/47/betree/PivotBranchRefinement_v.rs"
verus succeeded with time: 61970ms, keeping it commented out
commenting out line Lines { lines: 422..=422 } in "./tmp/45/betree/PivotBetreeRefinement_v.rs"
verus succeeded with time: 63270ms, keeping it commented out
commenting out line Lines { lines: 2473..=2473 } in "./tmp/37/betree/LinkedBetree_v.rs"
verus succeeded with time: 57247ms, keeping it commented out
commenting out line Lines { lines: 1542..=1542 } in "./tmp/18/allocation_layer/AllocationBranchBetree_v.rs"
verus succeeded with time: 59375ms, keeping it commented out
commenting out line Lines { lines: 810..=810 } in "./tmp/39/betree/LinkedBranch_v/Refinement_v.rs"
verus succeeded with time: 60805ms, keeping it commented out
commenting out line Lines { lines: 1187..=1187 } in "./tmp/34/betree/FilteredBetreeRefinement_v.rs"
verus succeeded with time: 63765ms, keeping it commented out
commenting out line Lines { lines: 1901..=1917 } in "./tmp/21/allocation_layer/LikesBetree_v.rs"
verus failed with time: 61479ms, reverting
commenting out line Lines { lines: 221..=221 } in "./tmp/47/betree/PivotBranchRefinement_v.rs"
verus succeeded with time: 63005ms, keeping it commented out
commenting out line Lines { lines: 409..=424 } in "./tmp/45/betree/PivotBetreeRefinement_v.rs"
verus failed with time: 58859ms, reverting
commenting out line Lines { lines: 1544..=1544 } in "./tmp/18/allocation_layer/AllocationBranchBetree_v.rs"
verus failed with time: 54059ms, reverting
commenting out line Lines { lines: 2474..=2474 } in "./tmp/37/betree/LinkedBetree_v.rs"
verus succeeded with time: 60411ms, keeping it commented out
commenting out line Lines { lines: 746..=813 } in "./tmp/39/betree/LinkedBranch_v/Refinement_v.rs"
verus failed with time: 57636ms, reverting
commenting out line Lines { lines: 1190..=1190 } in "./tmp/34/betree/FilteredBetreeRefinement_v.rs"
verus succeeded with time: 64242ms, keeping it commented out
commenting out line Lines { lines: 1921..=1921 } in "./tmp/21/allocation_layer/LikesBetree_v.rs"
verus succeeded with time: 66247ms, keeping it commented out
commenting out line Lines { lines: 425..=425 } in "./tmp/45/betree/PivotBetreeRefinement_v.rs"
verus failed with time: 57490ms, reverting
commenting out line Lines { lines: 222..=222 } in "./tmp/47/betree/PivotBranchRefinement_v.rs"
verus succeeded with time: 64809ms, keeping it commented out
commenting out line Lines { lines: 2513..=2513 } in "./tmp/37/betree/LinkedBetree_v.rs"
verus failed with time: 56584ms, reverting
commenting out line Lines { lines: 1545..=1545 } in "./tmp/18/allocation_layer/AllocationBranchBetree_v.rs"
verus succeeded with time: 63735ms, keeping it commented out
commenting out line Lines { lines: 814..=814 } in "./tmp/39/betree/LinkedBranch_v/Refinement_v.rs"
verus succeeded with time: 64419ms, keeping it commented out
commenting out line Lines { lines: 1206..=1206 } in "./tmp/34/betree/FilteredBetreeRefinement_v.rs"
verus succeeded with time: 61093ms, keeping it commented out
commenting out line Lines { lines: 1922..=1922 } in "./tmp/21/allocation_layer/LikesBetree_v.rs"
verus succeeded with time: 63098ms, keeping it commented out
commenting out line Lines { lines: 433..=433 } in "./tmp/45/betree/PivotBetreeRefinement_v.rs"
verus succeeded with time: 64193ms, keeping it commented out
commenting out line Lines { lines: 227..=227 } in "./tmp/47/betree/PivotBranchRefinement_v.rs"
verus succeeded with time: 64549ms, keeping it commented out
commenting out line Lines { lines: 1535..=1547 } in "./tmp/18/allocation_layer/AllocationBranchBetree_v.rs"
verus failed with time: 54014ms, reverting
commenting out line Lines { lines: 2514..=2514 } in "./tmp/37/betree/LinkedBetree_v.rs"
verus succeeded with time: 61627ms, keeping it commented out
commenting out line Lines { lines: 857..=857 } in "./tmp/39/betree/LinkedBranch_v/Refinement_v.rs"
verus failed with time: 58967ms, reverting
commenting out line Lines { lines: 1222..=1222 } in "./tmp/34/betree/FilteredBetreeRefinement_v.rs"
verus succeeded with time: 63724ms, keeping it commented out
commenting out line Lines { lines: 434..=434 } in "./tmp/45/betree/PivotBetreeRefinement_v.rs"
verus failed with time: 59028ms, reverting
commenting out line Lines { lines: 1923..=1923 } in "./tmp/21/allocation_layer/LikesBetree_v.rs"
verus succeeded with time: 63352ms, keeping it commented out
commenting out line Lines { lines: 228..=228 } in "./tmp/47/betree/PivotBranchRefinement_v.rs"
verus succeeded with time: 65681ms, keeping it commented out
commenting out line Lines { lines: 1549..=1549 } in "./tmp/18/allocation_layer/AllocationBranchBetree_v.rs"
verus succeeded with time: 62261ms, keeping it commented out
commenting out line Lines { lines: 2531..=2531 } in "./tmp/37/betree/LinkedBetree_v.rs"
verus failed with time: 58901ms, reverting
commenting out line Lines { lines: 863..=863 } in "./tmp/39/betree/LinkedBranch_v/Refinement_v.rs"
verus succeeded with time: 61592ms, keeping it commented out
commenting out line Lines { lines: 1235..=1235 } in "./tmp/34/betree/FilteredBetreeRefinement_v.rs"
verus succeeded with time: 60457ms, keeping it commented out
commenting out line Lines { lines: 435..=435 } in "./tmp/45/betree/PivotBetreeRefinement_v.rs"
verus succeeded with time: 61501ms, keeping it commented out
commenting out line Lines { lines: 1926..=1926 } in "./tmp/21/allocation_layer/LikesBetree_v.rs"
verus succeeded with time: 64811ms, keeping it commented out
commenting out line Lines { lines: 1550..=1550 } in "./tmp/18/allocation_layer/AllocationBranchBetree_v.rs"
verus succeeded with time: 62240ms, keeping it commented out
commenting out line Lines { lines: 230..=230 } in "./tmp/47/betree/PivotBranchRefinement_v.rs"
verus succeeded with time: 63814ms, keeping it commented out
commenting out line Lines { lines: 2533..=2533 } in "./tmp/37/betree/LinkedBetree_v.rs"
verus succeeded with time: 63421ms, keeping it commented out
commenting out line Lines { lines: 872..=872 } in "./tmp/39/betree/LinkedBranch_v/Refinement_v.rs"
verus succeeded with time: 62865ms, keeping it commented out
commenting out line Lines { lines: 449..=449 } in "./tmp/45/betree/PivotBetreeRefinement_v.rs"
verus failed with time: 56805ms, reverting
commenting out line Lines { lines: 1244..=1244 } in "./tmp/34/betree/FilteredBetreeRefinement_v.rs"
verus succeeded with time: 61821ms, keeping it commented out
commenting out line Lines { lines: 1266..=1266 } in "./tmp/34/betree/FilteredBetreeRefinement_v.rs"
verus failed with time: 8272ms, reverting
minimization of ./tmp/34/betree/FilteredBetreeRefinement_v.rs is completed
minimization of ./tmp/48/betree/PivotBranch_v.rs is completed
commenting out line Lines { lines: 1927..=1927 } in "./tmp/21/allocation_layer/LikesBetree_v.rs"
verus succeeded with time: 64666ms, keeping it commented out
commenting out line Lines { lines: 2534..=2534 } in "./tmp/37/betree/LinkedBetree_v.rs"
verus failed with time: 56649ms, reverting
commenting out line Lines { lines: 1567..=1567 } in "./tmp/18/allocation_layer/AllocationBranchBetree_v.rs"
verus succeeded with time: 60448ms, keeping it commented out
commenting out line Lines { lines: 231..=231 } in "./tmp/47/betree/PivotBranchRefinement_v.rs"
verus succeeded with time: 61881ms, keeping it commented out
commenting out line Lines { lines: 873..=873 } in "./tmp/39/betree/LinkedBranch_v/Refinement_v.rs"
verus failed with time: 57121ms, reverting
commenting out line Lines { lines: 462..=462 } in "./tmp/45/betree/PivotBetreeRefinement_v.rs"
verus failed with time: 58661ms, reverting
commenting out line Lines { lines: 101..=101 } in "./tmp/49/betree/PivotTable_v.rs"
verus failed with time: 60204ms, reverting
commenting out line Lines { lines: 2536..=2536 } in "./tmp/37/betree/LinkedBetree_v.rs"
verus failed with time: 57742ms, reverting
commenting out line Lines { lines: 1933..=1933 } in "./tmp/21/allocation_layer/LikesBetree_v.rs"
verus succeeded with time: 64562ms, keeping it commented out
commenting out line Lines { lines: 1563..=1568 } in "./tmp/18/allocation_layer/AllocationBranchBetree_v.rs"
verus succeeded with time: 63447ms, keeping it commented out
commenting out line Lines { lines: 232..=232 } in "./tmp/47/betree/PivotBranchRefinement_v.rs"
verus succeeded with time: 65206ms, keeping it commented out
commenting out line Lines { lines: 874..=874 } in "./tmp/39/betree/LinkedBranch_v/Refinement_v.rs"
verus failed with time: 60205ms, reverting
commenting out line Lines { lines: 468..=468 } in "./tmp/45/betree/PivotBetreeRefinement_v.rs"
verus failed with time: 59531ms, reverting
commenting out line Lines { lines: 103..=103 } in "./tmp/49/betree/PivotTable_v.rs"
verus failed with time: 58712ms, reverting
commenting out line Lines { lines: 2537..=2537 } in "./tmp/37/betree/LinkedBetree_v.rs"
verus succeeded with time: 62752ms, keeping it commented out
commenting out line Lines { lines: 1936..=1936 } in "./tmp/21/allocation_layer/LikesBetree_v.rs"
verus succeeded with time: 66092ms, keeping it commented out
commenting out line Lines { lines: 1589..=1589 } in "./tmp/18/allocation_layer/AllocationBranchBetree_v.rs"
verus succeeded with time: 63211ms, keeping it commented out
commenting out line Lines { lines: 225..=234 } in "./tmp/47/betree/PivotBranchRefinement_v.rs"
verus succeeded with time: 64816ms, keeping it commented out
commenting out line Lines { lines: 876..=882 } in "./tmp/39/betree/LinkedBranch_v/Refinement_v.rs"
verus failed with time: 60127ms, reverting
commenting out line Lines { lines: 485..=485 } in "./tmp/45/betree/PivotBetreeRefinement_v.rs"
verus failed with time: 56269ms, reverting
commenting out line Lines { lines: 97..=105 } in "./tmp/49/betree/PivotTable_v.rs"
verus failed with time: 56636ms, reverting
minimization of ./tmp/49/betree/PivotTable_v.rs is completed
minimization of ./tmp/50/betree/SplitRequest_v.rs is completed
commenting out line Lines { lines: 2526..=2539 } in "./tmp/37/betree/LinkedBetree_v.rs"
verus failed with time: 56906ms, reverting
commenting out line Lines { lines: 1920..=1940 } in "./tmp/21/allocation_layer/LikesBetree_v.rs"
verus failed with time: 60692ms, reverting
commenting out line Lines { lines: 1596..=1596 } in "./tmp/18/allocation_layer/AllocationBranchBetree_v.rs"
verus failed with time: 57389ms, reverting
commenting out line Lines { lines: 219..=237 } in "./tmp/47/betree/PivotBranchRefinement_v.rs"
verus failed with time: 59061ms, reverting
commenting out line Lines { lines: 864..=885 } in "./tmp/39/betree/LinkedBranch_v/Refinement_v.rs"
verus failed with time: 63093ms, reverting
commenting out line Lines { lines: 519..=522 } in "./tmp/45/betree/PivotBetreeRefinement_v.rs"
verus failed with time: 62522ms, reverting
commenting out line Lines { lines: 29..=29 } in "./tmp/51/betree/Utils_v.rs"
verus succeeded with time: 67223ms, keeping it commented out
commenting out line Lines { lines: 2571..=2571 } in "./tmp/37/betree/LinkedBetree_v.rs"
verus succeeded with time: 62748ms, keeping it commented out
commenting out line Lines { lines: 1593..=1598 } in "./tmp/18/allocation_layer/AllocationBranchBetree_v.rs"
verus failed with time: 56950ms, reverting
commenting out line Lines { lines: 1945..=1948 } in "./tmp/21/allocation_layer/LikesBetree_v.rs"
verus succeeded with time: 67263ms, keeping it commented out
commenting out line Lines { lines: 238..=238 } in "./tmp/47/betree/PivotBranchRefinement_v.rs"
verus succeeded with time: 62628ms, keeping it commented out
commenting out line Lines { lines: 886..=886 } in "./tmp/39/betree/LinkedBranch_v/Refinement_v.rs"
verus failed with time: 61613ms, reverting
commenting out line Lines { lines: 526..=526 } in "./tmp/45/betree/PivotBetreeRefinement_v.rs"
verus failed with time: 57268ms, reverting
commenting out line Lines { lines: 50..=50 } in "./tmp/51/betree/Utils_v.rs"
verus succeeded with time: 65238ms, keeping it commented out
commenting out line Lines { lines: 2582..=2582 } in "./tmp/37/betree/LinkedBetree_v.rs"
verus succeeded with time: 61340ms, keeping it commented out
commenting out line Lines { lines: 1600..=1600 } in "./tmp/18/allocation_layer/AllocationBranchBetree_v.rs"
verus succeeded with time: 62077ms, keeping it commented out
commenting out line Lines { lines: 1950..=1951 } in "./tmp/21/allocation_layer/LikesBetree_v.rs"
verus failed with time: 62761ms, reverting
commenting out line Lines { lines: 240..=240 } in "./tmp/47/betree/PivotBranchRefinement_v.rs"
verus succeeded with time: 60185ms, keeping it commented out
commenting out line Lines { lines: 888..=888 } in "./tmp/39/betree/LinkedBranch_v/Refinement_v.rs"
verus succeeded with time: 60564ms, keeping it commented out
commenting out line Lines { lines: 524..=528 } in "./tmp/45/betree/PivotBetreeRefinement_v.rs"
verus failed with time: 59970ms, reverting
commenting out line Lines { lines: 52..=52 } in "./tmp/51/betree/Utils_v.rs"
verus succeeded with time: 63333ms, keeping it commented out
commenting out line Lines { lines: 2588..=2588 } in "./tmp/37/betree/LinkedBetree_v.rs"
verus succeeded with time: 63045ms, keeping it commented out
commenting out line Lines { lines: 1603..=1603 } in "./tmp/18/allocation_layer/AllocationBranchBetree_v.rs"
verus succeeded with time: 61686ms, keeping it commented out
commenting out line Lines { lines: 243..=243 } in "./tmp/47/betree/PivotBranchRefinement_v.rs"
verus succeeded with time: 60894ms, keeping it commented out
commenting out line Lines { lines: 1954..=1954 } in "./tmp/21/allocation_layer/LikesBetree_v.rs"
verus succeeded with time: 66036ms, keeping it commented out
commenting out line Lines { lines: 898..=898 } in "./tmp/39/betree/LinkedBranch_v/Refinement_v.rs"
verus succeeded with time: 64297ms, keeping it commented out
commenting out line Lines { lines: 532..=532 } in "./tmp/45/betree/PivotBetreeRefinement_v.rs"
verus failed with time: 57388ms, reverting
commenting out line Lines { lines: 53..=53 } in "./tmp/51/betree/Utils_v.rs"
verus failed with time: 59082ms, reverting
commenting out line Lines { lines: 2589..=2596 } in "./tmp/37/betree/LinkedBetree_v.rs"
verus failed with time: 57630ms, reverting
commenting out line Lines { lines: 1604..=1604 } in "./tmp/18/allocation_layer/AllocationBranchBetree_v.rs"
verus succeeded with time: 63548ms, keeping it commented out
commenting out line Lines { lines: 244..=244 } in "./tmp/47/betree/PivotBranchRefinement_v.rs"
verus succeeded with time: 62456ms, keeping it commented out
commenting out line Lines { lines: 1955..=1955 } in "./tmp/21/allocation_layer/LikesBetree_v.rs"
verus failed with time: 62113ms, reverting
commenting out line Lines { lines: 899..=899 } in "./tmp/39/betree/LinkedBranch_v/Refinement_v.rs"
verus failed with time: 58926ms, reverting
commenting out line Lines { lines: 530..=533 } in "./tmp/45/betree/PivotBetreeRefinement_v.rs"
verus failed with time: 57566ms, reverting
commenting out line Lines { lines: 54..=54 } in "./tmp/51/betree/Utils_v.rs"
verus succeeded with time: 63337ms, keeping it commented out
commenting out line Lines { lines: 2597..=2597 } in "./tmp/37/betree/LinkedBetree_v.rs"
verus succeeded with time: 63480ms, keeping it commented out
commenting out line Lines { lines: 1606..=1606 } in "./tmp/18/allocation_layer/AllocationBranchBetree_v.rs"
verus succeeded with time: 62637ms, keeping it commented out
minimization of ./tmp/18/allocation_layer/AllocationBranchBetree_v.rs is completed
minimization of ./tmp/52/disk.rs is completed
commenting out line Lines { lines: 247..=247 } in "./tmp/47/betree/PivotBranchRefinement_v.rs"
verus succeeded with time: 63228ms, keeping it commented out
commenting out line Lines { lines: 901..=901 } in "./tmp/39/betree/LinkedBranch_v/Refinement_v.rs"
verus failed with time: 59221ms, reverting
commenting out line Lines { lines: 576..=576 } in "./tmp/45/betree/PivotBetreeRefinement_v.rs"
verus failed with time: 59650ms, reverting
commenting out line Lines { lines: 1958..=1960 } in "./tmp/21/allocation_layer/LikesBetree_v.rs"
verus succeeded with time: 65571ms, keeping it commented out
commenting out line Lines { lines: 2606..=2606 } in "./tmp/37/betree/LinkedBetree_v.rs"
verus succeeded with time: 58819ms, keeping it commented out
commenting out line Lines { lines: 55..=55 } in "./tmp/51/betree/Utils_v.rs"
verus succeeded with time: 63801ms, keeping it commented out
commenting out line Lines { lines: 108..=108 } in "./tmp/53/disk/GenericDisk_v.rs"
verus failed with time: 59007ms, reverting
commenting out line Lines { lines: 903..=909 } in "./tmp/39/betree/LinkedBranch_v/Refinement_v.rs"
verus failed with time: 60007ms, reverting
commenting out line Lines { lines: 248..=248 } in "./tmp/47/betree/PivotBranchRefinement_v.rs"
verus succeeded with time: 64284ms, keeping it commented out
commenting out line Lines { lines: 624..=624 } in "./tmp/45/betree/PivotBetreeRefinement_v.rs"
verus failed with time: 60460ms, reverting
commenting out line Lines { lines: 1964..=1966 } in "./tmp/21/allocation_layer/LikesBetree_v.rs"
verus succeeded with time: 65249ms, keeping it commented out
commenting out line Lines { lines: 2607..=2607 } in "./tmp/37/betree/LinkedBetree_v.rs"
verus failed with time: 55918ms, reverting
commenting out line Lines { lines: 106..=109 } in "./tmp/53/disk/GenericDisk_v.rs"
verus failed with time: 57610ms, reverting
commenting out line Lines { lines: 57..=57 } in "./tmp/51/betree/Utils_v.rs"
verus succeeded with time: 60402ms, keeping it commented out
commenting out line Lines { lines: 241..=251 } in "./tmp/47/betree/PivotBranchRefinement_v.rs"
verus failed with time: 57470ms, reverting
commenting out line Lines { lines: 889..=912 } in "./tmp/39/betree/LinkedBranch_v/Refinement_v.rs"
verus failed with time: 59737ms, reverting
commenting out line Lines { lines: 625..=625 } in "./tmp/45/betree/PivotBetreeRefinement_v.rs"
verus failed with time: 65826ms, reverting
commenting out line Lines { lines: 1970..=1971 } in "./tmp/21/allocation_layer/LikesBetree_v.rs"
verus failed with time: 64712ms, reverting
commenting out line Lines { lines: 2608..=2608 } in "./tmp/37/betree/LinkedBetree_v.rs"
verus succeeded with time: 66100ms, keeping it commented out
commenting out line Lines { lines: 120..=120 } in "./tmp/53/disk/GenericDisk_v.rs"
verus succeeded with time: 63529ms, keeping it commented out
commenting out line Lines { lines: 82..=82 } in "./tmp/51/betree/Utils_v.rs"
verus succeeded with time: 63219ms, keeping it commented out
commenting out line Lines { lines: 913..=913 } in "./tmp/39/betree/LinkedBranch_v/Refinement_v.rs"
verus failed with time: 56760ms, reverting
commenting out line Lines { lines: 252..=252 } in "./tmp/47/betree/PivotBranchRefinement_v.rs"
verus succeeded with time: 63411ms, keeping it commented out
commenting out line Lines { lines: 626..=626 } in "./tmp/45/betree/PivotBetreeRefinement_v.rs"
verus succeeded with time: 61406ms, keeping it commented out
commenting out line Lines { lines: 1942..=1974 } in "./tmp/21/allocation_layer/LikesBetree_v.rs"
verus failed with time: 59553ms, reverting
commenting out line Lines { lines: 2611..=2611 } in "./tmp/37/betree/LinkedBetree_v.rs"
verus succeeded with time: 61585ms, keeping it commented out
commenting out line Lines { lines: 116..=122 } in "./tmp/53/disk/GenericDisk_v.rs"
verus failed with time: 58166ms, reverting
commenting out line Lines { lines: 83..=83 } in "./tmp/51/betree/Utils_v.rs"
verus succeeded with time: 64029ms, keeping it commented out
commenting out line Lines { lines: 923..=923 } in "./tmp/39/betree/LinkedBranch_v/Refinement_v.rs"
verus succeeded with time: 63925ms, keeping it commented out
commenting out line Lines { lines: 204..=255 } in "./tmp/47/betree/PivotBranchRefinement_v.rs"
verus failed with time: 59887ms, reverting
commenting out line Lines { lines: 645..=645 } in "./tmp/45/betree/PivotBetreeRefinement_v.rs"
verus succeeded with time: 62475ms, keeping it commented out
commenting out line Lines { lines: 1976..=1977 } in "./tmp/21/allocation_layer/LikesBetree_v.rs"
verus succeeded with time: 64650ms, keeping it commented out
minimization of ./tmp/21/allocation_layer/LikesBetree_v.rs is completed
minimization of ./tmp/54/journal.rs is completed
commenting out line Lines { lines: 130..=130 } in "./tmp/53/disk/GenericDisk_v.rs"
verus failed with time: 55219ms, reverting
commenting out line Lines { lines: 2613..=2613 } in "./tmp/37/betree/LinkedBetree_v.rs"
verus succeeded with time: 58149ms, keeping it commented out
commenting out line Lines { lines: 102..=102 } in "./tmp/51/betree/Utils_v.rs"
verus succeeded with time: 59463ms, keeping it commented out
commenting out line Lines { lines: 257..=257 } in "./tmp/47/betree/PivotBranchRefinement_v.rs"
verus failed with time: 56787ms, reverting
commenting out line Lines { lines: 925..=925 } in "./tmp/39/betree/LinkedBranch_v/Refinement_v.rs"
verus succeeded with time: 62581ms, keeping it commented out
commenting out line Lines { lines: 663..=663 } in "./tmp/45/betree/PivotBetreeRefinement_v.rs"
verus succeeded with time: 63560ms, keeping it commented out
commenting out line Lines { lines: 77..=77 } in "./tmp/55/journal/LinkedJournalRefinement_v.rs"
verus failed with time: 60648ms, reverting
commenting out line Lines { lines: 2602..=2620 } in "./tmp/37/betree/LinkedBetree_v.rs"
verus failed with time: 53627ms, reverting
minimization of ./tmp/37/betree/LinkedBetree_v.rs is completed
commenting out line Lines { lines: 140..=140 } in "./tmp/53/disk/GenericDisk_v.rs"
verus failed with time: 58136ms, reverting
commenting out line Lines { lines: 103..=103 } in "./tmp/51/betree/Utils_v.rs"
verus succeeded with time: 63228ms, keeping it commented out
commenting out line Lines { lines: 258..=258 } in "./tmp/47/betree/PivotBranchRefinement_v.rs"
verus succeeded with time: 63329ms, keeping it commented out
commenting out line Lines { lines: 928..=928 } in "./tmp/39/betree/LinkedBranch_v/Refinement_v.rs"
verus succeeded with time: 65759ms, keeping it commented out
commenting out line Lines { lines: 79..=79 } in "./tmp/55/journal/LinkedJournalRefinement_v.rs"
verus failed with time: 57585ms, reverting
commenting out line Lines { lines: 666..=666 } in "./tmp/45/betree/PivotBetreeRefinement_v.rs"
verus succeeded with time: 66348ms, keeping it commented out
commenting out line Lines { lines: 200..=200 } in "./tmp/56/journal/LinkedJournal_v.rs"
verus failed with time: 59871ms, reverting
commenting out line Lines { lines: 141..=141 } in "./tmp/53/disk/GenericDisk_v.rs"
verus failed with time: 59173ms, reverting
commenting out line Lines { lines: 116..=116 } in "./tmp/51/betree/Utils_v.rs"
verus succeeded with time: 62577ms, keeping it commented out
commenting out line Lines { lines: 932..=932 } in "./tmp/39/betree/LinkedBranch_v/Refinement_v.rs"
verus failed with time: 57791ms, reverting
commenting out line Lines { lines: 270..=270 } in "./tmp/47/betree/PivotBranchRefinement_v.rs"
verus succeeded with time: 64587ms, keeping it commented out
commenting out line Lines { lines: 81..=81 } in "./tmp/55/journal/LinkedJournalRefinement_v.rs"
verus succeeded with time: 61567ms, keeping it commented out
commenting out line Lines { lines: 671..=673 } in "./tmp/45/betree/PivotBetreeRefinement_v.rs"
verus failed with time: 59120ms, reverting
commenting out line Lines { lines: 201..=201 } in "./tmp/56/journal/LinkedJournal_v.rs"
verus succeeded with time: 62269ms, keeping it commented out
commenting out line Lines { lines: 142..=142 } in "./tmp/53/disk/GenericDisk_v.rs"
verus succeeded with time: 64754ms, keeping it commented out
commenting out line Lines { lines: 118..=118 } in "./tmp/51/betree/Utils_v.rs"
verus succeeded with time: 59758ms, keeping it commented out
commenting out line Lines { lines: 935..=935 } in "./tmp/39/betree/LinkedBranch_v/Refinement_v.rs"
verus failed with time: 57739ms, reverting
commenting out line Lines { lines: 271..=271 } in "./tmp/47/betree/PivotBranchRefinement_v.rs"
verus succeeded with time: 62419ms, keeping it commented out
commenting out line Lines { lines: 118..=118 } in "./tmp/55/journal/LinkedJournalRefinement_v.rs"
verus failed with time: 58513ms, reverting
commenting out line Lines { lines: 716..=716 } in "./tmp/45/betree/PivotBetreeRefinement_v.rs"
verus failed with time: 55047ms, reverting
commenting out line Lines { lines: 198..=202 } in "./tmp/56/journal/LinkedJournal_v.rs"
verus failed with time: 60432ms, reverting
commenting out line Lines { lines: 143..=143 } in "./tmp/53/disk/GenericDisk_v.rs"
verus succeeded with time: 65321ms, keeping it commented out
commenting out line Lines { lines: 120..=120 } in "./tmp/51/betree/Utils_v.rs"
verus succeeded with time: 63609ms, keeping it commented out
commenting out line Lines { lines: 938..=938 } in "./tmp/39/betree/LinkedBranch_v/Refinement_v.rs"
verus succeeded with time: 66543ms, keeping it commented out
commenting out line Lines { lines: 273..=274 } in "./tmp/47/betree/PivotBranchRefinement_v.rs"
verus succeeded with time: 62431ms, keeping it commented out
commenting out line Lines { lines: 726..=726 } in "./tmp/45/betree/PivotBetreeRefinement_v.rs"
verus failed with time: 58921ms, reverting
commenting out line Lines { lines: 129..=129 } in "./tmp/55/journal/LinkedJournalRefinement_v.rs"
verus succeeded with time: 62866ms, keeping it commented out
commenting out line Lines { lines: 197..=203 } in "./tmp/56/journal/LinkedJournal_v.rs"
verus failed with time: 55892ms, reverting
commenting out line Lines { lines: 154..=154 } in "./tmp/53/disk/GenericDisk_v.rs"
verus succeeded with time: 61720ms, keeping it commented out
commenting out line Lines { lines: 122..=122 } in "./tmp/51/betree/Utils_v.rs"
verus succeeded with time: 64556ms, keeping it commented out
commenting out line Lines { lines: 275..=276 } in "./tmp/47/betree/PivotBranchRefinement_v.rs"
verus succeeded with time: 62728ms, keeping it commented out
commenting out line Lines { lines: 136..=136 } in "./tmp/55/journal/LinkedJournalRefinement_v.rs"
verus failed with time: 58722ms, reverting
commenting out line Lines { lines: 737..=737 } in "./tmp/45/betree/PivotBetreeRefinement_v.rs"
verus failed with time: 61288ms, reverting
commenting out line Lines { lines: 945..=945 } in "./tmp/39/betree/LinkedBranch_v/Refinement_v.rs"
verus succeeded with time: 65098ms, keeping it commented out
commenting out line Lines { lines: 332..=337 } in "./tmp/56/journal/LinkedJournal_v.rs"
verus failed with time: 54672ms, reverting
commenting out line Lines { lines: 155..=155 } in "./tmp/53/disk/GenericDisk_v.rs"
verus failed with time: 61122ms, reverting
commenting out line Lines { lines: 123..=123 } in "./tmp/51/betree/Utils_v.rs"
verus succeeded with time: 66497ms, keeping it commented out
commenting out line Lines { lines: 948..=948 } in "./tmp/39/betree/LinkedBranch_v/Refinement_v.rs"
verus failed with time: 62278ms, reverting
commenting out line Lines { lines: 279..=279 } in "./tmp/47/betree/PivotBranchRefinement_v.rs"
verus succeeded with time: 62723ms, keeping it commented out
commenting out line Lines { lines: 757..=757 } in "./tmp/45/betree/PivotBetreeRefinement_v.rs"
verus succeeded with time: 65260ms, keeping it commented out
commenting out line Lines { lines: 137..=137 } in "./tmp/55/journal/LinkedJournalRefinement_v.rs"
verus succeeded with time: 65407ms, keeping it commented out
commenting out line Lines { lines: 425..=425 } in "./tmp/56/journal/LinkedJournal_v.rs"
verus failed with time: 61054ms, reverting
commenting out line Lines { lines: 156..=156 } in "./tmp/53/disk/GenericDisk_v.rs"
verus failed with time: 58536ms, reverting
commenting out line Lines { lines: 919..=952 } in "./tmp/39/betree/LinkedBranch_v/Refinement_v.rs"
verus failed with time: 60920ms, reverting
commenting out line Lines { lines: 125..=125 } in "./tmp/51/betree/Utils_v.rs"
verus succeeded with time: 66422ms, keeping it commented out
commenting out line Lines { lines: 280..=280 } in "./tmp/47/betree/PivotBranchRefinement_v.rs"
verus failed with time: 61513ms, reverting
commenting out line Lines { lines: 758..=758 } in "./tmp/45/betree/PivotBetreeRefinement_v.rs"
verus failed with time: 61025ms, reverting
commenting out line Lines { lines: 138..=138 } in "./tmp/55/journal/LinkedJournalRefinement_v.rs"
verus succeeded with time: 64866ms, keeping it commented out
commenting out line Lines { lines: 423..=427 } in "./tmp/56/journal/LinkedJournal_v.rs"
verus failed with time: 61737ms, reverting
commenting out line Lines { lines: 163..=163 } in "./tmp/53/disk/GenericDisk_v.rs"
verus succeeded with time: 67033ms, keeping it commented out
commenting out line Lines { lines: 278..=281 } in "./tmp/47/betree/PivotBranchRefinement_v.rs"
verus failed with time: 59194ms, reverting
commenting out line Lines { lines: 760..=760 } in "./tmp/45/betree/PivotBetreeRefinement_v.rs"
verus failed with time: 59145ms, reverting
commenting out line Lines { lines: 953..=953 } in "./tmp/39/betree/LinkedBranch_v/Refinement_v.rs"
verus succeeded with time: 62851ms, keeping it commented out
commenting out line Lines { lines: 127..=127 } in "./tmp/51/betree/Utils_v.rs"
verus succeeded with time: 64681ms, keeping it commented out
commenting out line Lines { lines: 141..=141 } in "./tmp/55/journal/LinkedJournalRefinement_v.rs"
verus failed with time: 60884ms, reverting
commenting out line Lines { lines: 552..=552 } in "./tmp/56/journal/LinkedJournal_v.rs"
verus failed with time: 59809ms, reverting
commenting out line Lines { lines: 164..=164 } in "./tmp/53/disk/GenericDisk_v.rs"
verus succeeded with time: 64661ms, keeping it commented out
commenting out line Lines { lines: 284..=284 } in "./tmp/47/betree/PivotBranchRefinement_v.rs"
verus failed with time: 60482ms, reverting
commenting out line Lines { lines: 774..=774 } in "./tmp/45/betree/PivotBetreeRefinement_v.rs"
verus failed with time: 59099ms, reverting
commenting out line Lines { lines: 980..=980 } in "./tmp/39/betree/LinkedBranch_v/Refinement_v.rs"
verus failed with time: 60778ms, reverting
commenting out line Lines { lines: 784..=784 } in "./tmp/56/journal/LinkedJournal_v.rs"
verus failed with time: 61069ms, reverting
minimization of ./tmp/56/journal/LinkedJournal_v.rs is completed
commenting out line Lines { lines: 114..=128 } in "./tmp/51/betree/Utils_v.rs"
verus succeeded with time: 65239ms, keeping it commented out
commenting out line Lines { lines: 142..=142 } in "./tmp/55/journal/LinkedJournalRefinement_v.rs"
verus succeeded with time: 64812ms, keeping it commented out
commenting out line Lines { lines: 170..=170 } in "./tmp/53/disk/GenericDisk_v.rs"
verus failed with time: 59587ms, reverting
commenting out line Lines { lines: 775..=775 } in "./tmp/45/betree/PivotBetreeRefinement_v.rs"
verus failed with time: 57225ms, reverting
commenting out line Lines { lines: 285..=285 } in "./tmp/47/betree/PivotBranchRefinement_v.rs"
verus failed with time: 61483ms, reverting
commenting out line Lines { lines: 981..=981 } in "./tmp/39/betree/LinkedBranch_v/Refinement_v.rs"
verus succeeded with time: 64656ms, keeping it commented out
commenting out line Lines { lines: 95..=105 } in "./tmp/57/journal/PagedJournalRefinement_v.rs"
verus failed with time: 60981ms, reverting
commenting out line Lines { lines: 129..=129 } in "./tmp/51/betree/Utils_v.rs"
verus succeeded with time: 65954ms, keeping it commented out
commenting out line Lines { lines: 143..=143 } in "./tmp/55/journal/LinkedJournalRefinement_v.rs"
verus succeeded with time: 67620ms, keeping it commented out
commenting out line Lines { lines: 171..=171 } in "./tmp/53/disk/GenericDisk_v.rs"
verus succeeded with time: 61527ms, keeping it commented out
commenting out line Lines { lines: 796..=796 } in "./tmp/45/betree/PivotBetreeRefinement_v.rs"
verus failed with time: 58238ms, reverting
commenting out line Lines { lines: 283..=286 } in "./tmp/47/betree/PivotBranchRefinement_v.rs"
verus failed with time: 58406ms, reverting
commenting out line Lines { lines: 138..=142 } in "./tmp/57/journal/PagedJournalRefinement_v.rs"
verus failed with time: 59642ms, reverting
commenting out line Lines { lines: 982..=982 } in "./tmp/39/betree/LinkedBranch_v/Refinement_v.rs"
verus succeeded with time: 63404ms, keeping it commented out
commenting out line Lines { lines: 139..=139 } in "./tmp/51/betree/Utils_v.rs"
verus succeeded with time: 64564ms, keeping it commented out
minimization of ./tmp/51/betree/Utils_v.rs is completed
commenting out line Lines { lines: 145..=145 } in "./tmp/55/journal/LinkedJournalRefinement_v.rs"
verus succeeded with time: 62714ms, keeping it commented out
commenting out line Lines { lines: 173..=173 } in "./tmp/53/disk/GenericDisk_v.rs"
verus succeeded with time: 65677ms, keeping it commented out
commenting out line Lines { lines: 817..=817 } in "./tmp/45/betree/PivotBetreeRefinement_v.rs"
verus failed with time: 56414ms, reverting
commenting out line Lines { lines: 320..=320 } in "./tmp/47/betree/PivotBranchRefinement_v.rs"
verus succeeded with time: 63936ms, keeping it commented out
commenting out line Lines { lines: 983..=983 } in "./tmp/39/betree/LinkedBranch_v/Refinement_v.rs"
verus failed with time: 57921ms, reverting
commenting out line Lines { lines: 167..=167 } in "./tmp/57/journal/PagedJournalRefinement_v.rs"
verus succeeded with time: 61487ms, keeping it commented out
commenting out line Lines { lines: 155..=162 } in "./tmp/58/journal/PagedJournal_v.rs"
verus failed with time: 56682ms, reverting
commenting out line Lines { lines: 146..=146 } in "./tmp/55/journal/LinkedJournalRefinement_v.rs"
verus succeeded with time: 64324ms, keeping it commented out
commenting out line Lines { lines: 829..=829 } in "./tmp/45/betree/PivotBetreeRefinement_v.rs"
verus failed with time: 57791ms, reverting
commenting out line Lines { lines: 175..=175 } in "./tmp/53/disk/GenericDisk_v.rs"
verus succeeded with time: 65427ms, keeping it commented out
commenting out line Lines { lines: 849..=849 } in "./tmp/45/betree/PivotBetreeRefinement_v.rs"
verus failed with time: 9651ms, reverting
minimization of ./tmp/45/betree/PivotBetreeRefinement_v.rs is completed
minimization of ./tmp/59/spec.rs is completed
minimization of ./tmp/60/spec/AsyncDisk_t.rs is completed
minimization of ./tmp/61/spec/ImplDisk_t.rs is completed
commenting out line Lines { lines: 327..=327 } in "./tmp/47/betree/PivotBranchRefinement_v.rs"
verus succeeded with time: 65943ms, keeping it commented out
commenting out line Lines { lines: 984..=984 } in "./tmp/39/betree/LinkedBranch_v/Refinement_v.rs"
verus succeeded with time: 62743ms, keeping it commented out
commenting out line Lines { lines: 164..=169 } in "./tmp/57/journal/PagedJournalRefinement_v.rs"
verus succeeded with time: 64004ms, keeping it commented out
commenting out line Lines { lines: 191..=191 } in "./tmp/58/journal/PagedJournal_v.rs"
verus succeeded with time: 59675ms, keeping it commented out
commenting out line Lines { lines: 150..=150 } in "./tmp/55/journal/LinkedJournalRefinement_v.rs"
verus succeeded with time: 64731ms, keeping it commented out
commenting out line Lines { lines: 176..=176 } in "./tmp/53/disk/GenericDisk_v.rs"
verus failed with time: 56340ms, reverting
commenting out line Lines { lines: 195..=195 } in "./tmp/62/spec/FloatingSeq_t.rs"
verus failed with time: 58442ms, reverting
commenting out line Lines { lines: 331..=331 } in "./tmp/47/betree/PivotBranchRefinement_v.rs"
verus succeeded with time: 64308ms, keeping it commented out
commenting out line Lines { lines: 985..=985 } in "./tmp/39/betree/LinkedBranch_v/Refinement_v.rs"
verus succeeded with time: 63850ms, keeping it commented out
commenting out line Lines { lines: 190..=190 } in "./tmp/57/journal/PagedJournalRefinement_v.rs"
verus failed with time: 60463ms, reverting
commenting out line Lines { lines: 194..=194 } in "./tmp/58/journal/PagedJournal_v.rs"
verus succeeded with time: 61740ms, keeping it commented out
minimization of ./tmp/58/journal/PagedJournal_v.rs is completed
commenting out line Lines { lines: 133..=151 } in "./tmp/55/journal/LinkedJournalRefinement_v.rs"
verus failed with time: 59011ms, reverting
commenting out line Lines { lines: 158..=179 } in "./tmp/53/disk/GenericDisk_v.rs"
verus failed with time: 59153ms, reverting
commenting out line Lines { lines: 193..=196 } in "./tmp/62/spec/FloatingSeq_t.rs"
verus failed with time: 53941ms, reverting
commenting out line Lines { lines: 995..=995 } in "./tmp/39/betree/LinkedBranch_v/Refinement_v.rs"
verus failed with time: 60541ms, reverting
commenting out line Lines { lines: 260..=260 } in "./tmp/57/journal/PagedJournalRefinement_v.rs"
verus failed with time: 61386ms, reverting
commenting out line Lines { lines: 128..=128 } in "./tmp/63/spec/KeyType_t.rs"
verus failed with time: 60854ms, reverting
commenting out line Lines { lines: 336..=336 } in "./tmp/47/betree/PivotBranchRefinement_v.rs"
verus succeeded with time: 66975ms, keeping it commented out
commenting out line Lines { lines: 153..=153 } in "./tmp/55/journal/LinkedJournalRefinement_v.rs"
verus succeeded with time: 68221ms, keeping it commented out
commenting out line Lines { lines: 180..=180 } in "./tmp/53/disk/GenericDisk_v.rs"
verus succeeded with time: 63461ms, keeping it commented out
commenting out line Lines { lines: 197..=197 } in "./tmp/62/spec/FloatingSeq_t.rs"
verus succeeded with time: 65155ms, keeping it commented out
commenting out line Lines { lines: 997..=997 } in "./tmp/39/betree/LinkedBranch_v/Refinement_v.rs"
verus failed with time: 54026ms, reverting
commenting out line Lines { lines: 262..=262 } in "./tmp/57/journal/PagedJournalRefinement_v.rs"
verus failed with time: 58367ms, reverting
commenting out line Lines { lines: 126..=130 } in "./tmp/63/spec/KeyType_t.rs"
verus failed with time: 58078ms, reverting
commenting out line Lines { lines: 338..=338 } in "./tmp/47/betree/PivotBranchRefinement_v.rs"
verus succeeded with time: 60094ms, keeping it commented out
commenting out line Lines { lines: 154..=154 } in "./tmp/55/journal/LinkedJournalRefinement_v.rs"
verus succeeded with time: 67154ms, keeping it commented out
commenting out line Lines { lines: 220..=220 } in "./tmp/62/spec/FloatingSeq_t.rs"
verus failed with time: 62181ms, reverting
commenting out line Lines { lines: 195..=195 } in "./tmp/53/disk/GenericDisk_v.rs"
verus succeeded with time: 67582ms, keeping it commented out
commenting out line Lines { lines: 424..=424 } in "./tmp/57/journal/PagedJournalRefinement_v.rs"
verus failed with time: 58300ms, reverting
commenting out line Lines { lines: 139..=139 } in "./tmp/63/spec/KeyType_t.rs"
verus failed with time: 56980ms, reverting
commenting out line Lines { lines: 999..=999 } in "./tmp/39/betree/LinkedBranch_v/Refinement_v.rs"
verus succeeded with time: 64416ms, keeping it commented out
commenting out line Lines { lines: 341..=341 } in "./tmp/47/betree/PivotBranchRefinement_v.rs"
verus failed with time: 58150ms, reverting
commenting out line Lines { lines: 155..=155 } in "./tmp/55/journal/LinkedJournalRefinement_v.rs"
verus succeeded with time: 66456ms, keeping it commented out
commenting out line Lines { lines: 215..=222 } in "./tmp/62/spec/FloatingSeq_t.rs"
verus failed with time: 59262ms, reverting
minimization of ./tmp/62/spec/FloatingSeq_t.rs is completed
commenting out line Lines { lines: 196..=196 } in "./tmp/53/disk/GenericDisk_v.rs"
verus failed with time: 61445ms, reverting
commenting out line Lines { lines: 443..=443 } in "./tmp/57/journal/PagedJournalRefinement_v.rs"
verus failed with time: 57739ms, reverting
commenting out line Lines { lines: 1001..=1001 } in "./tmp/39/betree/LinkedBranch_v/Refinement_v.rs"
verus succeeded with time: 62105ms, keeping it commented out
commenting out line Lines { lines: 141..=141 } in "./tmp/63/spec/KeyType_t.rs"
verus succeeded with time: 64791ms, keeping it commented out
commenting out line Lines { lines: 344..=344 } in "./tmp/47/betree/PivotBranchRefinement_v.rs"
verus succeeded with time: 64096ms, keeping it commented out
commenting out line Lines { lines: 159..=159 } in "./tmp/55/journal/LinkedJournalRefinement_v.rs"
verus succeeded with time: 63112ms, keeping it commented out
commenting out line Lines { lines: 174..=174 } in "./tmp/64/spec/MapSpec_t.rs"
verus succeeded with time: 62881ms, keeping it commented out
minimization of ./tmp/64/spec/MapSpec_t.rs is completed
minimization of ./tmp/65/spec/Messages_t.rs is completed
commenting out line Lines { lines: 197..=197 } in "./tmp/53/disk/GenericDisk_v.rs"
verus succeeded with time: 64226ms, keeping it commented out
commenting out line Lines { lines: 472..=472 } in "./tmp/57/journal/PagedJournalRefinement_v.rs"
verus failed with time: 56137ms, reverting
commenting out line Lines { lines: 137..=143 } in "./tmp/63/spec/KeyType_t.rs"
verus failed with time: 57511ms, reverting
commenting out line Lines { lines: 1004..=1004 } in "./tmp/39/betree/LinkedBranch_v/Refinement_v.rs"
verus succeeded with time: 63290ms, keeping it commented out
commenting out line Lines { lines: 347..=347 } in "./tmp/47/betree/PivotBranchRefinement_v.rs"
verus succeeded with time: 63342ms, keeping it commented out
commenting out line Lines { lines: 79..=83 } in "./tmp/66/spec/TotalKMMap_t.rs"
verus failed with time: 55748ms, reverting
minimization of ./tmp/66/spec/TotalKMMap_t.rs is completed
minimization of ./tmp/67/exec.rs is completed
commenting out line Lines { lines: 161..=161 } in "./tmp/55/journal/LinkedJournalRefinement_v.rs"
verus succeeded with time: 64784ms, keeping it commented out
commenting out line Lines { lines: 488..=488 } in "./tmp/57/journal/PagedJournalRefinement_v.rs"
verus failed with time: 57382ms, reverting
commenting out line Lines { lines: 198..=198 } in "./tmp/53/disk/GenericDisk_v.rs"
verus succeeded with time: 63247ms, keeping it commented out
commenting out line Lines { lines: 991..=1006 } in "./tmp/39/betree/LinkedBranch_v/Refinement_v.rs"
verus failed with time: 57861ms, reverting
commenting out line Lines { lines: 206..=206 } in "./tmp/63/spec/KeyType_t.rs"
verus succeeded with time: 63924ms, keeping it commented out
commenting out line Lines { lines: 348..=348 } in "./tmp/47/betree/PivotBranchRefinement_v.rs"
verus succeeded with time: 63296ms, keeping it commented out
commenting out line Lines { lines: 514..=514 } in "./tmp/57/journal/PagedJournalRefinement_v.rs"
verus failed with time: 57525ms, reverting
commenting out line Lines { lines: 162..=162 } in "./tmp/55/journal/LinkedJournalRefinement_v.rs"
verus succeeded with time: 60751ms, keeping it commented out
commenting out line Lines { lines: 73..=73 } in "./tmp/68/exec/MiniAllocator_v.rs"
verus succeeded with time: 67035ms, keeping it commented out
commenting out line Lines { lines: 201..=201 } in "./tmp/53/disk/GenericDisk_v.rs"
verus succeeded with time: 63248ms, keeping it commented out
commenting out line Lines { lines: 987..=1007 } in "./tmp/39/betree/LinkedBranch_v/Refinement_v.rs"
verus failed with time: 58323ms, reverting
commenting out line Lines { lines: 207..=207 } in "./tmp/63/spec/KeyType_t.rs"
verus succeeded with time: 64049ms, keeping it commented out
commenting out line Lines { lines: 350..=350 } in "./tmp/47/betree/PivotBranchRefinement_v.rs"
verus succeeded with time: 64314ms, keeping it commented out
commenting out line Lines { lines: 518..=518 } in "./tmp/57/journal/PagedJournalRefinement_v.rs"
verus failed with time: 53568ms, reverting
commenting out line Lines { lines: 86..=86 } in "./tmp/68/exec/MiniAllocator_v.rs"
verus failed with time: 57732ms, reverting
commenting out line Lines { lines: 163..=163 } in "./tmp/55/journal/LinkedJournalRefinement_v.rs"
verus succeeded with time: 59613ms, keeping it commented out
commenting out line Lines { lines: 202..=202 } in "./tmp/53/disk/GenericDisk_v.rs"
verus succeeded with time: 62628ms, keeping it commented out
commenting out line Lines { lines: 1023..=1023 } in "./tmp/39/betree/LinkedBranch_v/Refinement_v.rs"
verus succeeded with time: 65983ms, keeping it commented out
commenting out line Lines { lines: 211..=211 } in "./tmp/63/spec/KeyType_t.rs"
verus succeeded with time: 65710ms, keeping it commented out
commenting out line Lines { lines: 353..=353 } in "./tmp/47/betree/PivotBranchRefinement_v.rs"
verus succeeded with time: 66031ms, keeping it commented out
commenting out line Lines { lines: 528..=528 } in "./tmp/57/journal/PagedJournalRefinement_v.rs"
verus failed with time: 54524ms, reverting
commenting out line Lines { lines: 95..=95 } in "./tmp/68/exec/MiniAllocator_v.rs"
verus failed with time: 54557ms, reverting
commenting out line Lines { lines: 530..=530 } in "./tmp/57/journal/PagedJournalRefinement_v.rs"
verus failed with time: 8154ms, reverting
minimization of ./tmp/57/journal/PagedJournalRefinement_v.rs is completed
commenting out line Lines { lines: 164..=164 } in "./tmp/55/journal/LinkedJournalRefinement_v.rs"
verus succeeded with time: 60376ms, keeping it commented out
commenting out line Lines { lines: 205..=205 } in "./tmp/53/disk/GenericDisk_v.rs"
verus succeeded with time: 61395ms, keeping it commented out
commenting out line Lines { lines: 1042..=1042 } in "./tmp/39/betree/LinkedBranch_v/Refinement_v.rs"
verus failed with time: 57613ms, reverting
commenting out line Lines { lines: 213..=213 } in "./tmp/63/spec/KeyType_t.rs"
verus succeeded with time: 59115ms, keeping it commented out
commenting out line Lines { lines: 354..=354 } in "./tmp/47/betree/PivotBranchRefinement_v.rs"
verus succeeded with time: 59400ms, keeping it commented out
commenting out line Lines { lines: 176..=176 } in "./tmp/68/exec/MiniAllocator_v.rs"
verus failed with time: 50555ms, reverting
commenting out line Lines { lines: 120..=165 } in "./tmp/55/journal/LinkedJournalRefinement_v.rs"
verus failed with time: 52107ms, reverting
commenting out line Lines { lines: 207..=207 } in "./tmp/53/disk/GenericDisk_v.rs"
verus succeeded with time: 58006ms, keeping it commented out
commenting out line Lines { lines: 1043..=1043 } in "./tmp/39/betree/LinkedBranch_v/Refinement_v.rs"
verus succeeded with time: 57393ms, keeping it commented out
commenting out line Lines { lines: 214..=214 } in "./tmp/63/spec/KeyType_t.rs"
verus succeeded with time: 55108ms, keeping it commented out
commenting out line Lines { lines: 356..=356 } in "./tmp/47/betree/PivotBranchRefinement_v.rs"
verus succeeded with time: 56627ms, keeping it commented out
commenting out line Lines { lines: 179..=179 } in "./tmp/68/exec/MiniAllocator_v.rs"
verus succeeded with time: 53498ms, keeping it commented out
commenting out line Lines { lines: 166..=166 } in "./tmp/55/journal/LinkedJournalRefinement_v.rs"
verus succeeded with time: 55699ms, keeping it commented out
commenting out line Lines { lines: 208..=208 } in "./tmp/53/disk/GenericDisk_v.rs"
verus failed with time: 51839ms, reverting
commenting out line Lines { lines: 1045..=1045 } in "./tmp/39/betree/LinkedBranch_v/Refinement_v.rs"
verus failed with time: 49290ms, reverting
commenting out line Lines { lines: 219..=219 } in "./tmp/63/spec/KeyType_t.rs"
verus succeeded with time: 58171ms, keeping it commented out
commenting out line Lines { lines: 195..=195 } in "./tmp/68/exec/MiniAllocator_v.rs"
verus failed with time: 50458ms, reverting
minimization of ./tmp/68/exec/MiniAllocator_v.rs is completed
commenting out line Lines { lines: 357..=357 } in "./tmp/47/betree/PivotBranchRefinement_v.rs"
verus succeeded with time: 56701ms, keeping it commented out
commenting out line Lines { lines: 167..=167 } in "./tmp/55/journal/LinkedJournalRefinement_v.rs"
verus succeeded with time: 59048ms, keeping it commented out
commenting out line Lines { lines: 209..=209 } in "./tmp/53/disk/GenericDisk_v.rs"
verus succeeded with time: 54080ms, keeping it commented out
commenting out line Lines { lines: 1046..=1046 } in "./tmp/39/betree/LinkedBranch_v/Refinement_v.rs"
verus succeeded with time: 55633ms, keeping it commented out
commenting out line Lines { lines: 220..=220 } in "./tmp/63/spec/KeyType_t.rs"
verus succeeded with time: 52116ms, keeping it commented out
commenting out line Lines { lines: 358..=358 } in "./tmp/47/betree/PivotBranchRefinement_v.rs"
verus succeeded with time: 50493ms, keeping it commented out
commenting out line Lines { lines: 119..=168 } in "./tmp/55/journal/LinkedJournalRefinement_v.rs"
verus failed with time: 47984ms, reverting
commenting out line Lines { lines: 1066..=1066 } in "./tmp/39/betree/LinkedBranch_v/Refinement_v.rs"
verus failed with time: 48190ms, reverting
commenting out line Lines { lines: 210..=210 } in "./tmp/53/disk/GenericDisk_v.rs"
verus succeeded with time: 50233ms, keeping it commented out
commenting out line Lines { lines: 267..=270 } in "./tmp/63/spec/KeyType_t.rs"
verus succeeded with time: 52568ms, keeping it commented out
commenting out line Lines { lines: 359..=359 } in "./tmp/47/betree/PivotBranchRefinement_v.rs"
verus succeeded with time: 51368ms, keeping it commented out
commenting out line Lines { lines: 185..=185 } in "./tmp/55/journal/LinkedJournalRefinement_v.rs"
verus succeeded with time: 49782ms, keeping it commented out
commenting out line Lines { lines: 212..=212 } in "./tmp/53/disk/GenericDisk_v.rs"
verus failed with time: 48688ms, reverting
commenting out line Lines { lines: 1090..=1090 } in "./tmp/39/betree/LinkedBranch_v/Refinement_v.rs"
verus succeeded with time: 52006ms, keeping it commented out
commenting out line Lines { lines: 287..=290 } in "./tmp/63/spec/KeyType_t.rs"
verus succeeded with time: 52280ms, keeping it commented out
commenting out line Lines { lines: 325..=360 } in "./tmp/47/betree/PivotBranchRefinement_v.rs"
verus failed with time: 49027ms, reverting
commenting out line Lines { lines: 187..=187 } in "./tmp/55/journal/LinkedJournalRefinement_v.rs"
verus failed with time: 48610ms, reverting
commenting out line Lines { lines: 213..=213 } in "./tmp/53/disk/GenericDisk_v.rs"
verus succeeded with time: 50315ms, keeping it commented out
commenting out line Lines { lines: 1096..=1096 } in "./tmp/39/betree/LinkedBranch_v/Refinement_v.rs"
verus succeeded with time: 52317ms, keeping it commented out
commenting out line Lines { lines: 321..=321 } in "./tmp/63/spec/KeyType_t.rs"
verus failed with time: 47664ms, reverting
commenting out line Lines { lines: 362..=362 } in "./tmp/47/betree/PivotBranchRefinement_v.rs"
verus succeeded with time: 51238ms, keeping it commented out
commenting out line Lines { lines: 197..=197 } in "./tmp/55/journal/LinkedJournalRefinement_v.rs"
verus succeeded with time: 52775ms, keeping it commented out
commenting out line Lines { lines: 191..=215 } in "./tmp/53/disk/GenericDisk_v.rs"
verus failed with time: 46089ms, reverting
commenting out line Lines { lines: 1097..=1097 } in "./tmp/39/betree/LinkedBranch_v/Refinement_v.rs"
verus succeeded with time: 51085ms, keeping it commented out
commenting out line Lines { lines: 316..=323 } in "./tmp/63/spec/KeyType_t.rs"
verus failed with time: 47428ms, reverting
commenting out line Lines { lines: 382..=382 } in "./tmp/47/betree/PivotBranchRefinement_v.rs"
verus succeeded with time: 50407ms, keeping it commented out
commenting out line Lines { lines: 198..=198 } in "./tmp/55/journal/LinkedJournalRefinement_v.rs"
verus succeeded with time: 51916ms, keeping it commented out
commenting out line Lines { lines: 216..=216 } in "./tmp/53/disk/GenericDisk_v.rs"
verus succeeded with time: 50845ms, keeping it commented out
minimization of ./tmp/53/disk/GenericDisk_v.rs is completed
commenting out line Lines { lines: 1136..=1136 } in "./tmp/39/betree/LinkedBranch_v/Refinement_v.rs"
verus failed with time: 48361ms, reverting
commenting out line Lines { lines: 351..=351 } in "./tmp/63/spec/KeyType_t.rs"
verus failed with time: 48060ms, reverting
commenting out line Lines { lines: 393..=393 } in "./tmp/47/betree/PivotBranchRefinement_v.rs"
verus succeeded with time: 51265ms, keeping it commented out
commenting out line Lines { lines: 188..=199 } in "./tmp/55/journal/LinkedJournalRefinement_v.rs"
verus failed with time: 45985ms, reverting
commenting out line Lines { lines: 1146..=1146 } in "./tmp/39/betree/LinkedBranch_v/Refinement_v.rs"
verus succeeded with time: 50470ms, keeping it commented out
commenting out line Lines { lines: 352..=352 } in "./tmp/63/spec/KeyType_t.rs"
verus succeeded with time: 47974ms, keeping it commented out
commenting out line Lines { lines: 394..=394 } in "./tmp/47/betree/PivotBranchRefinement_v.rs"
verus failed with time: 45351ms, reverting
commenting out line Lines { lines: 220..=220 } in "./tmp/55/journal/LinkedJournalRefinement_v.rs"
verus failed with time: 43960ms, reverting
commenting out line Lines { lines: 1143..=1147 } in "./tmp/39/betree/LinkedBranch_v/Refinement_v.rs"
verus failed with time: 44696ms, reverting
commenting out line Lines { lines: 359..=359 } in "./tmp/63/spec/KeyType_t.rs"
verus failed with time: 44615ms, reverting
commenting out line Lines { lines: 397..=397 } in "./tmp/47/betree/PivotBranchRefinement_v.rs"
verus succeeded with time: 50852ms, keeping it commented out
commenting out line Lines { lines: 227..=227 } in "./tmp/55/journal/LinkedJournalRefinement_v.rs"
verus succeeded with time: 48429ms, keeping it commented out
commenting out line Lines { lines: 1174..=1174 } in "./tmp/39/betree/LinkedBranch_v/Refinement_v.rs"
verus succeeded with time: 49728ms, keeping it commented out
commenting out line Lines { lines: 357..=360 } in "./tmp/63/spec/KeyType_t.rs"
verus failed with time: 44347ms, reverting
commenting out line Lines { lines: 398..=398 } in "./tmp/47/betree/PivotBranchRefinement_v.rs"
verus succeeded with time: 49703ms, keeping it commented out
commenting out line Lines { lines: 229..=229 } in "./tmp/55/journal/LinkedJournalRefinement_v.rs"
verus succeeded with time: 50484ms, keeping it commented out
commenting out line Lines { lines: 1177..=1177 } in "./tmp/39/betree/LinkedBranch_v/Refinement_v.rs"
verus failed with time: 44043ms, reverting
commenting out line Lines { lines: 364..=364 } in "./tmp/63/spec/KeyType_t.rs"
verus succeeded with time: 49007ms, keeping it commented out
commenting out line Lines { lines: 401..=401 } in "./tmp/47/betree/PivotBranchRefinement_v.rs"
verus succeeded with time: 48965ms, keeping it commented out
commenting out line Lines { lines: 230..=230 } in "./tmp/55/journal/LinkedJournalRefinement_v.rs"
verus succeeded with time: 50039ms, keeping it commented out
commenting out line Lines { lines: 1178..=1178 } in "./tmp/39/betree/LinkedBranch_v/Refinement_v.rs"
verus failed with time: 46336ms, reverting
commenting out line Lines { lines: 365..=365 } in "./tmp/63/spec/KeyType_t.rs"
verus succeeded with time: 49333ms, keeping it commented out
commenting out line Lines { lines: 249..=249 } in "./tmp/55/journal/LinkedJournalRefinement_v.rs"
verus failed with time: 43708ms, reverting
commenting out line Lines { lines: 403..=403 } in "./tmp/47/betree/PivotBranchRefinement_v.rs"
verus succeeded with time: 51346ms, keeping it commented out
commenting out line Lines { lines: 1179..=1179 } in "./tmp/39/betree/LinkedBranch_v/Refinement_v.rs"
verus succeeded with time: 49515ms, keeping it commented out
commenting out line Lines { lines: 367..=367 } in "./tmp/63/spec/KeyType_t.rs"
verus succeeded with time: 49008ms, keeping it commented out
commenting out line Lines { lines: 250..=250 } in "./tmp/55/journal/LinkedJournalRefinement_v.rs"
verus failed with time: 45263ms, reverting
commenting out line Lines { lines: 404..=404 } in "./tmp/47/betree/PivotBranchRefinement_v.rs"
verus succeeded with time: 48192ms, keeping it commented out
commenting out line Lines { lines: 1185..=1185 } in "./tmp/39/betree/LinkedBranch_v/Refinement_v.rs"
verus failed with time: 45594ms, reverting
commenting out line Lines { lines: 368..=368 } in "./tmp/63/spec/KeyType_t.rs"
verus succeeded with time: 49234ms, keeping it commented out
commenting out line Lines { lines: 267..=267 } in "./tmp/55/journal/LinkedJournalRefinement_v.rs"
verus succeeded with time: 49498ms, keeping it commented out
commenting out line Lines { lines: 408..=408 } in "./tmp/47/betree/PivotBranchRefinement_v.rs"
verus succeeded with time: 49526ms, keeping it commented out
commenting out line Lines { lines: 1186..=1186 } in "./tmp/39/betree/LinkedBranch_v/Refinement_v.rs"
verus succeeded with time: 48418ms, keeping it commented out
commenting out line Lines { lines: 370..=370 } in "./tmp/63/spec/KeyType_t.rs"
verus succeeded with time: 48664ms, keeping it commented out
commenting out line Lines { lines: 270..=270 } in "./tmp/55/journal/LinkedJournalRefinement_v.rs"
verus failed with time: 43816ms, reverting
commenting out line Lines { lines: 412..=412 } in "./tmp/47/betree/PivotBranchRefinement_v.rs"
verus succeeded with time: 48548ms, keeping it commented out
commenting out line Lines { lines: 1187..=1187 } in "./tmp/39/betree/LinkedBranch_v/Refinement_v.rs"
verus succeeded with time: 48627ms, keeping it commented out
commenting out line Lines { lines: 372..=372 } in "./tmp/63/spec/KeyType_t.rs"
verus failed with time: 44374ms, reverting
commenting out line Lines { lines: 305..=305 } in "./tmp/55/journal/LinkedJournalRefinement_v.rs"
verus succeeded with time: 49634ms, keeping it commented out
commenting out line Lines { lines: 414..=414 } in "./tmp/47/betree/PivotBranchRefinement_v.rs"
verus succeeded with time: 47888ms, keeping it commented out
commenting out line Lines { lines: 1188..=1188 } in "./tmp/39/betree/LinkedBranch_v/Refinement_v.rs"
verus succeeded with time: 49613ms, keeping it commented out
commenting out line Lines { lines: 373..=373 } in "./tmp/63/spec/KeyType_t.rs"
verus failed with time: 44873ms, reverting
commenting out line Lines { lines: 346..=346 } in "./tmp/55/journal/LinkedJournalRefinement_v.rs"
verus failed with time: 44583ms, reverting
commenting out line Lines { lines: 415..=415 } in "./tmp/47/betree/PivotBranchRefinement_v.rs"
verus succeeded with time: 49500ms, keeping it commented out
commenting out line Lines { lines: 1189..=1189 } in "./tmp/39/betree/LinkedBranch_v/Refinement_v.rs"
verus succeeded with time: 50522ms, keeping it commented out
commenting out line Lines { lines: 374..=374 } in "./tmp/63/spec/KeyType_t.rs"
verus succeeded with time: 50629ms, keeping it commented out
minimization of ./tmp/63/spec/KeyType_t.rs is completed
commenting out line Lines { lines: 384..=384 } in "./tmp/55/journal/LinkedJournalRefinement_v.rs"
verus succeeded with time: 48620ms, keeping it commented out
commenting out line Lines { lines: 417..=417 } in "./tmp/47/betree/PivotBranchRefinement_v.rs"
verus succeeded with time: 47161ms, keeping it commented out
commenting out line Lines { lines: 1190..=1190 } in "./tmp/39/betree/LinkedBranch_v/Refinement_v.rs"
verus succeeded with time: 46023ms, keeping it commented out
commenting out line Lines { lines: 403..=403 } in "./tmp/55/journal/LinkedJournalRefinement_v.rs"
verus succeeded with time: 46173ms, keeping it commented out
commenting out line Lines { lines: 418..=418 } in "./tmp/47/betree/PivotBranchRefinement_v.rs"
verus succeeded with time: 46378ms, keeping it commented out
commenting out line Lines { lines: 1191..=1191 } in "./tmp/39/betree/LinkedBranch_v/Refinement_v.rs"
verus succeeded with time: 46551ms, keeping it commented out
commenting out line Lines { lines: 405..=405 } in "./tmp/55/journal/LinkedJournalRefinement_v.rs"
verus succeeded with time: 46193ms, keeping it commented out
commenting out line Lines { lines: 420..=420 } in "./tmp/47/betree/PivotBranchRefinement_v.rs"
verus succeeded with time: 45244ms, keeping it commented out
commenting out line Lines { lines: 1192..=1192 } in "./tmp/39/betree/LinkedBranch_v/Refinement_v.rs"
verus succeeded with time: 46408ms, keeping it commented out
commenting out line Lines { lines: 444..=444 } in "./tmp/55/journal/LinkedJournalRefinement_v.rs"
verus failed with time: 41362ms, reverting
commenting out line Lines { lines: 421..=421 } in "./tmp/47/betree/PivotBranchRefinement_v.rs"
verus succeeded with time: 47202ms, keeping it commented out
commenting out line Lines { lines: 1195..=1195 } in "./tmp/39/betree/LinkedBranch_v/Refinement_v.rs"
verus succeeded with time: 47878ms, keeping it commented out
commenting out line Lines { lines: 454..=454 } in "./tmp/55/journal/LinkedJournalRefinement_v.rs"
verus failed with time: 42638ms, reverting
commenting out line Lines { lines: 428..=428 } in "./tmp/47/betree/PivotBranchRefinement_v.rs"
verus succeeded with time: 47041ms, keeping it commented out
commenting out line Lines { lines: 1223..=1223 } in "./tmp/39/betree/LinkedBranch_v/Refinement_v.rs"
verus succeeded with time: 45693ms, keeping it commented out
commenting out line Lines { lines: 467..=467 } in "./tmp/55/journal/LinkedJournalRefinement_v.rs"
verus succeeded with time: 46105ms, keeping it commented out
commenting out line Lines { lines: 426..=430 } in "./tmp/47/betree/PivotBranchRefinement_v.rs"
verus succeeded with time: 47265ms, keeping it commented out
commenting out line Lines { lines: 1229..=1229 } in "./tmp/39/betree/LinkedBranch_v/Refinement_v.rs"
verus failed with time: 41381ms, reverting
commenting out line Lines { lines: 480..=480 } in "./tmp/55/journal/LinkedJournalRefinement_v.rs"
verus failed with time: 42586ms, reverting
commenting out line Lines { lines: 431..=431 } in "./tmp/47/betree/PivotBranchRefinement_v.rs"
verus succeeded with time: 47725ms, keeping it commented out
commenting out line Lines { lines: 1230..=1230 } in "./tmp/39/betree/LinkedBranch_v/Refinement_v.rs"
verus succeeded with time: 46441ms, keeping it commented out
commenting out line Lines { lines: 560..=561 } in "./tmp/55/journal/LinkedJournalRefinement_v.rs"
verus failed with time: 41213ms, reverting
commenting out line Lines { lines: 433..=433 } in "./tmp/47/betree/PivotBranchRefinement_v.rs"
verus succeeded with time: 47036ms, keeping it commented out
commenting out line Lines { lines: 1234..=1234 } in "./tmp/39/betree/LinkedBranch_v/Refinement_v.rs"
verus succeeded with time: 47898ms, keeping it commented out
commenting out line Lines { lines: 610..=621 } in "./tmp/55/journal/LinkedJournalRefinement_v.rs"
verus failed with time: 41920ms, reverting
commenting out line Lines { lines: 434..=434 } in "./tmp/47/betree/PivotBranchRefinement_v.rs"
verus succeeded with time: 45755ms, keeping it commented out
commenting out line Lines { lines: 1238..=1238 } in "./tmp/39/betree/LinkedBranch_v/Refinement_v.rs"
verus failed with time: 43051ms, reverting
commenting out line Lines { lines: 625..=630 } in "./tmp/55/journal/LinkedJournalRefinement_v.rs"
verus failed with time: 42920ms, reverting
commenting out line Lines { lines: 1240..=1240 } in "./tmp/39/betree/LinkedBranch_v/Refinement_v.rs"
verus failed with time: 43622ms, reverting
commenting out line Lines { lines: 436..=436 } in "./tmp/47/betree/PivotBranchRefinement_v.rs"
verus succeeded with time: 45315ms, keeping it commented out
commenting out line Lines { lines: 638..=638 } in "./tmp/55/journal/LinkedJournalRefinement_v.rs"
verus failed with time: 43237ms, reverting
commenting out line Lines { lines: 1237..=1242 } in "./tmp/39/betree/LinkedBranch_v/Refinement_v.rs"
verus failed with time: 41755ms, reverting
commenting out line Lines { lines: 437..=437 } in "./tmp/47/betree/PivotBranchRefinement_v.rs"
verus succeeded with time: 46790ms, keeping it commented out
commenting out line Lines { lines: 692..=692 } in "./tmp/55/journal/LinkedJournalRefinement_v.rs"
verus succeeded with time: 46801ms, keeping it commented out
commenting out line Lines { lines: 1245..=1245 } in "./tmp/39/betree/LinkedBranch_v/Refinement_v.rs"
verus failed with time: 41782ms, reverting
commenting out line Lines { lines: 726..=726 } in "./tmp/55/journal/LinkedJournalRefinement_v.rs"
verus failed with time: 43153ms, reverting
commenting out line Lines { lines: 387..=439 } in "./tmp/47/betree/PivotBranchRefinement_v.rs"
verus failed with time: 43721ms, reverting
commenting out line Lines { lines: 1247..=1247 } in "./tmp/39/betree/LinkedBranch_v/Refinement_v.rs"
verus failed with time: 40994ms, reverting
commenting out line Lines { lines: 771..=771 } in "./tmp/55/journal/LinkedJournalRefinement_v.rs"
verus failed with time: 43109ms, reverting
commenting out line Lines { lines: 441..=441 } in "./tmp/47/betree/PivotBranchRefinement_v.rs"
verus succeeded with time: 47482ms, keeping it commented out
commenting out line Lines { lines: 1244..=1249 } in "./tmp/39/betree/LinkedBranch_v/Refinement_v.rs"
verus failed with time: 41970ms, reverting
commenting out line Lines { lines: 798..=798 } in "./tmp/55/journal/LinkedJournalRefinement_v.rs"
verus failed with time: 43420ms, reverting
commenting out line Lines { lines: 487..=487 } in "./tmp/47/betree/PivotBranchRefinement_v.rs"
verus failed with time: 44704ms, reverting
commenting out line Lines { lines: 1250..=1250 } in "./tmp/39/betree/LinkedBranch_v/Refinement_v.rs"
verus succeeded with time: 46238ms, keeping it commented out
commenting out line Lines { lines: 804..=804 } in "./tmp/55/journal/LinkedJournalRefinement_v.rs"
verus failed with time: 43713ms, reverting
commenting out line Lines { lines: 488..=488 } in "./tmp/47/betree/PivotBranchRefinement_v.rs"
verus succeeded with time: 47092ms, keeping it commented out
commenting out line Lines { lines: 1253..=1253 } in "./tmp/39/betree/LinkedBranch_v/Refinement_v.rs"
verus succeeded with time: 47233ms, keeping it commented out
commenting out line Lines { lines: 807..=807 } in "./tmp/55/journal/LinkedJournalRefinement_v.rs"
verus failed with time: 41926ms, reverting
commenting out line Lines { lines: 520..=520 } in "./tmp/47/betree/PivotBranchRefinement_v.rs"
verus succeeded with time: 46570ms, keeping it commented out
commenting out line Lines { lines: 814..=814 } in "./tmp/55/journal/LinkedJournalRefinement_v.rs"
verus failed with time: 41879ms, reverting
commenting out line Lines { lines: 1281..=1281 } in "./tmp/39/betree/LinkedBranch_v/Refinement_v.rs"
verus succeeded with time: 47558ms, keeping it commented out
commenting out line Lines { lines: 521..=521 } in "./tmp/47/betree/PivotBranchRefinement_v.rs"
verus succeeded with time: 45604ms, keeping it commented out
commenting out line Lines { lines: 817..=817 } in "./tmp/55/journal/LinkedJournalRefinement_v.rs"
verus failed with time: 43205ms, reverting
commenting out line Lines { lines: 1283..=1283 } in "./tmp/39/betree/LinkedBranch_v/Refinement_v.rs"
verus succeeded with time: 46167ms, keeping it commented out
commenting out line Lines { lines: 819..=819 } in "./tmp/55/journal/LinkedJournalRefinement_v.rs"
verus failed with time: 6556ms, reverting
minimization of ./tmp/55/journal/LinkedJournalRefinement_v.rs is completed
commenting out line Lines { lines: 526..=526 } in "./tmp/47/betree/PivotBranchRefinement_v.rs"
verus failed with time: 41593ms, reverting
commenting out line Lines { lines: 1284..=1284 } in "./tmp/39/betree/LinkedBranch_v/Refinement_v.rs"
verus failed with time: 40423ms, reverting
commenting out line Lines { lines: 527..=527 } in "./tmp/47/betree/PivotBranchRefinement_v.rs"
verus failed with time: 41410ms, reverting
commenting out line Lines { lines: 1285..=1285 } in "./tmp/39/betree/LinkedBranch_v/Refinement_v.rs"
verus failed with time: 39773ms, reverting
commenting out line Lines { lines: 530..=530 } in "./tmp/47/betree/PivotBranchRefinement_v.rs"
verus succeeded with time: 43075ms, keeping it commented out
commenting out line Lines { lines: 1289..=1289 } in "./tmp/39/betree/LinkedBranch_v/Refinement_v.rs"
verus succeeded with time: 43506ms, keeping it commented out
commenting out line Lines { lines: 532..=532 } in "./tmp/47/betree/PivotBranchRefinement_v.rs"
verus succeeded with time: 43978ms, keeping it commented out
commenting out line Lines { lines: 1290..=1290 } in "./tmp/39/betree/LinkedBranch_v/Refinement_v.rs"
verus succeeded with time: 43517ms, keeping it commented out
commenting out line Lines { lines: 533..=533 } in "./tmp/47/betree/PivotBranchRefinement_v.rs"
verus succeeded with time: 43245ms, keeping it commented out
commenting out line Lines { lines: 1291..=1291 } in "./tmp/39/betree/LinkedBranch_v/Refinement_v.rs"
verus succeeded with time: 43669ms, keeping it commented out
commenting out line Lines { lines: 534..=534 } in "./tmp/47/betree/PivotBranchRefinement_v.rs"
verus succeeded with time: 43363ms, keeping it commented out
commenting out line Lines { lines: 1292..=1292 } in "./tmp/39/betree/LinkedBranch_v/Refinement_v.rs"
verus succeeded with time: 43394ms, keeping it commented out
commenting out line Lines { lines: 535..=535 } in "./tmp/47/betree/PivotBranchRefinement_v.rs"
verus succeeded with time: 43061ms, keeping it commented out
commenting out line Lines { lines: 1296..=1296 } in "./tmp/39/betree/LinkedBranch_v/Refinement_v.rs"
verus succeeded with time: 43552ms, keeping it commented out
commenting out line Lines { lines: 541..=541 } in "./tmp/47/betree/PivotBranchRefinement_v.rs"
verus succeeded with time: 43145ms, keeping it commented out
commenting out line Lines { lines: 1297..=1297 } in "./tmp/39/betree/LinkedBranch_v/Refinement_v.rs"
verus succeeded with time: 43104ms, keeping it commented out
commenting out line Lines { lines: 544..=544 } in "./tmp/47/betree/PivotBranchRefinement_v.rs"
verus succeeded with time: 43156ms, keeping it commented out
commenting out line Lines { lines: 1298..=1298 } in "./tmp/39/betree/LinkedBranch_v/Refinement_v.rs"
verus succeeded with time: 43382ms, keeping it commented out
commenting out line Lines { lines: 545..=545 } in "./tmp/47/betree/PivotBranchRefinement_v.rs"
verus failed with time: 39908ms, reverting
commenting out line Lines { lines: 1304..=1304 } in "./tmp/39/betree/LinkedBranch_v/Refinement_v.rs"
verus succeeded with time: 44194ms, keeping it commented out
commenting out line Lines { lines: 546..=546 } in "./tmp/47/betree/PivotBranchRefinement_v.rs"
verus failed with time: 40604ms, reverting
commenting out line Lines { lines: 1306..=1306 } in "./tmp/39/betree/LinkedBranch_v/Refinement_v.rs"
verus succeeded with time: 42873ms, keeping it commented out
commenting out line Lines { lines: 548..=548 } in "./tmp/47/betree/PivotBranchRefinement_v.rs"
verus failed with time: 40854ms, reverting
commenting out line Lines { lines: 1308..=1308 } in "./tmp/39/betree/LinkedBranch_v/Refinement_v.rs"
verus failed with time: 41494ms, reverting
commenting out line Lines { lines: 550..=550 } in "./tmp/47/betree/PivotBranchRefinement_v.rs"
verus succeeded with time: 44409ms, keeping it commented out
commenting out line Lines { lines: 1309..=1309 } in "./tmp/39/betree/LinkedBranch_v/Refinement_v.rs"
verus succeeded with time: 43996ms, keeping it commented out
commenting out line Lines { lines: 552..=552 } in "./tmp/47/betree/PivotBranchRefinement_v.rs"
verus succeeded with time: 43960ms, keeping it commented out
commenting out line Lines { lines: 1311..=1311 } in "./tmp/39/betree/LinkedBranch_v/Refinement_v.rs"
verus succeeded with time: 43369ms, keeping it commented out
commenting out line Lines { lines: 538..=554 } in "./tmp/47/betree/PivotBranchRefinement_v.rs"
verus failed with time: 41714ms, reverting
commenting out line Lines { lines: 1338..=1338 } in "./tmp/39/betree/LinkedBranch_v/Refinement_v.rs"
verus succeeded with time: 43784ms, keeping it commented out
commenting out line Lines { lines: 561..=561 } in "./tmp/47/betree/PivotBranchRefinement_v.rs"
verus failed with time: 41985ms, reverting
commenting out line Lines { lines: 1345..=1345 } in "./tmp/39/betree/LinkedBranch_v/Refinement_v.rs"
verus succeeded with time: 45436ms, keeping it commented out
commenting out line Lines { lines: 563..=563 } in "./tmp/47/betree/PivotBranchRefinement_v.rs"
verus succeeded with time: 44830ms, keeping it commented out
commenting out line Lines { lines: 1346..=1346 } in "./tmp/39/betree/LinkedBranch_v/Refinement_v.rs"
verus succeeded with time: 44209ms, keeping it commented out
commenting out line Lines { lines: 564..=564 } in "./tmp/47/betree/PivotBranchRefinement_v.rs"
verus succeeded with time: 44358ms, keeping it commented out
commenting out line Lines { lines: 569..=569 } in "./tmp/47/betree/PivotBranchRefinement_v.rs"
verus failed with time: 41741ms, reverting
commenting out line Lines { lines: 1347..=1347 } in "./tmp/39/betree/LinkedBranch_v/Refinement_v.rs"
verus succeeded with time: 45353ms, keeping it commented out
commenting out line Lines { lines: 570..=570 } in "./tmp/47/betree/PivotBranchRefinement_v.rs"
verus failed with time: 41185ms, reverting
commenting out line Lines { lines: 1350..=1350 } in "./tmp/39/betree/LinkedBranch_v/Refinement_v.rs"
verus failed with time: 41481ms, reverting
commenting out line Lines { lines: 572..=572 } in "./tmp/47/betree/PivotBranchRefinement_v.rs"
verus failed with time: 41407ms, reverting
commenting out line Lines { lines: 1351..=1351 } in "./tmp/39/betree/LinkedBranch_v/Refinement_v.rs"
verus succeeded with time: 44764ms, keeping it commented out
commenting out line Lines { lines: 574..=574 } in "./tmp/47/betree/PivotBranchRefinement_v.rs"
verus succeeded with time: 43533ms, keeping it commented out
commenting out line Lines { lines: 1390..=1390 } in "./tmp/39/betree/LinkedBranch_v/Refinement_v.rs"
verus succeeded with time: 44488ms, keeping it commented out
commenting out line Lines { lines: 575..=575 } in "./tmp/47/betree/PivotBranchRefinement_v.rs"
verus succeeded with time: 43811ms, keeping it commented out
commenting out line Lines { lines: 1392..=1392 } in "./tmp/39/betree/LinkedBranch_v/Refinement_v.rs"
verus succeeded with time: 45381ms, keeping it commented out
commenting out line Lines { lines: 556..=577 } in "./tmp/47/betree/PivotBranchRefinement_v.rs"
verus failed with time: 40986ms, reverting
commenting out line Lines { lines: 1393..=1393 } in "./tmp/39/betree/LinkedBranch_v/Refinement_v.rs"
verus succeeded with time: 44568ms, keeping it commented out
commenting out line Lines { lines: 583..=583 } in "./tmp/47/betree/PivotBranchRefinement_v.rs"
verus failed with time: 40441ms, reverting
commenting out line Lines { lines: 1394..=1394 } in "./tmp/39/betree/LinkedBranch_v/Refinement_v.rs"
verus succeeded with time: 44006ms, keeping it commented out
commenting out line Lines { lines: 585..=585 } in "./tmp/47/betree/PivotBranchRefinement_v.rs"
verus succeeded with time: 43448ms, keeping it commented out
commenting out line Lines { lines: 1400..=1400 } in "./tmp/39/betree/LinkedBranch_v/Refinement_v.rs"
verus succeeded with time: 43865ms, keeping it commented out
commenting out line Lines { lines: 588..=588 } in "./tmp/47/betree/PivotBranchRefinement_v.rs"
verus succeeded with time: 43918ms, keeping it commented out
commenting out line Lines { lines: 1401..=1401 } in "./tmp/39/betree/LinkedBranch_v/Refinement_v.rs"
verus succeeded with time: 44056ms, keeping it commented out
commenting out line Lines { lines: 589..=589 } in "./tmp/47/betree/PivotBranchRefinement_v.rs"
verus failed with time: 40136ms, reverting
commenting out line Lines { lines: 1402..=1402 } in "./tmp/39/betree/LinkedBranch_v/Refinement_v.rs"
verus succeeded with time: 43584ms, keeping it commented out
commenting out line Lines { lines: 590..=590 } in "./tmp/47/betree/PivotBranchRefinement_v.rs"
verus failed with time: 41034ms, reverting
commenting out line Lines { lines: 592..=592 } in "./tmp/47/betree/PivotBranchRefinement_v.rs"
verus failed with time: 39504ms, reverting
commenting out line Lines { lines: 594..=594 } in "./tmp/47/betree/PivotBranchRefinement_v.rs"
verus succeeded with time: 42213ms, keeping it commented out
commenting out line Lines { lines: 1407..=1407 } in "./tmp/39/betree/LinkedBranch_v/Refinement_v.rs"
verus failed with time: 140062ms, reverting
commenting out line Lines { lines: 579..=598 } in "./tmp/47/betree/PivotBranchRefinement_v.rs"
verus failed with time: 39033ms, reverting
commenting out line Lines { lines: 1408..=1408 } in "./tmp/39/betree/LinkedBranch_v/Refinement_v.rs"
verus succeeded with time: 42997ms, keeping it commented out
commenting out line Lines { lines: 605..=605 } in "./tmp/47/betree/PivotBranchRefinement_v.rs"
verus succeeded with time: 42684ms, keeping it commented out
commenting out line Lines { lines: 1427..=1427 } in "./tmp/39/betree/LinkedBranch_v/Refinement_v.rs"
verus succeeded with time: 43789ms, keeping it commented out
commenting out line Lines { lines: 607..=607 } in "./tmp/47/betree/PivotBranchRefinement_v.rs"
verus failed with time: 40977ms, reverting
commenting out line Lines { lines: 1429..=1429 } in "./tmp/39/betree/LinkedBranch_v/Refinement_v.rs"
verus succeeded with time: 44042ms, keeping it commented out
commenting out line Lines { lines: 609..=609 } in "./tmp/47/betree/PivotBranchRefinement_v.rs"
verus succeeded with time: 44008ms, keeping it commented out
commenting out line Lines { lines: 1431..=1431 } in "./tmp/39/betree/LinkedBranch_v/Refinement_v.rs"
verus failed with time: 41623ms, reverting
commenting out line Lines { lines: 610..=610 } in "./tmp/47/betree/PivotBranchRefinement_v.rs"
verus succeeded with time: 45126ms, keeping it commented out
commenting out line Lines { lines: 1433..=1433 } in "./tmp/39/betree/LinkedBranch_v/Refinement_v.rs"
verus succeeded with time: 43966ms, keeping it commented out
commenting out line Lines { lines: 616..=616 } in "./tmp/47/betree/PivotBranchRefinement_v.rs"
verus failed with time: 41796ms, reverting
commenting out line Lines { lines: 1435..=1435 } in "./tmp/39/betree/LinkedBranch_v/Refinement_v.rs"
verus failed with time: 41567ms, reverting
commenting out line Lines { lines: 617..=617 } in "./tmp/47/betree/PivotBranchRefinement_v.rs"
verus failed with time: 42066ms, reverting
commenting out line Lines { lines: 1436..=1436 } in "./tmp/39/betree/LinkedBranch_v/Refinement_v.rs"
verus failed with time: 41333ms, reverting
commenting out line Lines { lines: 619..=619 } in "./tmp/47/betree/PivotBranchRefinement_v.rs"
verus failed with time: 42822ms, reverting
commenting out line Lines { lines: 1437..=1437 } in "./tmp/39/betree/LinkedBranch_v/Refinement_v.rs"
verus failed with time: 40692ms, reverting
commenting out line Lines { lines: 621..=621 } in "./tmp/47/betree/PivotBranchRefinement_v.rs"
verus succeeded with time: 44896ms, keeping it commented out
commenting out line Lines { lines: 1438..=1438 } in "./tmp/39/betree/LinkedBranch_v/Refinement_v.rs"
verus failed with time: 40199ms, reverting
commenting out line Lines { lines: 622..=622 } in "./tmp/47/betree/PivotBranchRefinement_v.rs"
verus succeeded with time: 43964ms, keeping it commented out
commenting out line Lines { lines: 1439..=1439 } in "./tmp/39/betree/LinkedBranch_v/Refinement_v.rs"
verus succeeded with time: 43289ms, keeping it commented out
commenting out line Lines { lines: 600..=624 } in "./tmp/47/betree/PivotBranchRefinement_v.rs"
verus failed with time: 40154ms, reverting
commenting out line Lines { lines: 1458..=1458 } in "./tmp/39/betree/LinkedBranch_v/Refinement_v.rs"
verus failed with time: 39584ms, reverting
commenting out line Lines { lines: 667..=667 } in "./tmp/47/betree/PivotBranchRefinement_v.rs"
verus failed with time: 40468ms, reverting
commenting out line Lines { lines: 1484..=1484 } in "./tmp/39/betree/LinkedBranch_v/Refinement_v.rs"
verus succeeded with time: 44136ms, keeping it commented out
commenting out line Lines { lines: 672..=672 } in "./tmp/47/betree/PivotBranchRefinement_v.rs"
verus succeeded with time: 42886ms, keeping it commented out
commenting out line Lines { lines: 1485..=1485 } in "./tmp/39/betree/LinkedBranch_v/Refinement_v.rs"
verus succeeded with time: 44278ms, keeping it commented out
commenting out line Lines { lines: 673..=673 } in "./tmp/47/betree/PivotBranchRefinement_v.rs"
verus succeeded with time: 43948ms, keeping it commented out
commenting out line Lines { lines: 1486..=1486 } in "./tmp/39/betree/LinkedBranch_v/Refinement_v.rs"
verus succeeded with time: 44472ms, keeping it commented out
commenting out line Lines { lines: 669..=675 } in "./tmp/47/betree/PivotBranchRefinement_v.rs"
verus failed with time: 40881ms, reverting
commenting out line Lines { lines: 1488..=1488 } in "./tmp/39/betree/LinkedBranch_v/Refinement_v.rs"
verus succeeded with time: 43390ms, keeping it commented out
commenting out line Lines { lines: 719..=719 } in "./tmp/47/betree/PivotBranchRefinement_v.rs"
verus failed with time: 41080ms, reverting
commenting out line Lines { lines: 1492..=1492 } in "./tmp/39/betree/LinkedBranch_v/Refinement_v.rs"
verus succeeded with time: 43162ms, keeping it commented out
commenting out line Lines { lines: 720..=720 } in "./tmp/47/betree/PivotBranchRefinement_v.rs"
verus succeeded with time: 44028ms, keeping it commented out
commenting out line Lines { lines: 1495..=1495 } in "./tmp/39/betree/LinkedBranch_v/Refinement_v.rs"
verus succeeded with time: 45012ms, keeping it commented out
commenting out line Lines { lines: 723..=723 } in "./tmp/47/betree/PivotBranchRefinement_v.rs"
verus succeeded with time: 44929ms, keeping it commented out
commenting out line Lines { lines: 1497..=1497 } in "./tmp/39/betree/LinkedBranch_v/Refinement_v.rs"
verus failed with time: 6237ms, reverting
commenting out line Lines { lines: 725..=725 } in "./tmp/47/betree/PivotBranchRefinement_v.rs"
verus succeeded with time: 43523ms, keeping it commented out
commenting out line Lines { lines: 1517..=1517 } in "./tmp/39/betree/LinkedBranch_v/Refinement_v.rs"
verus succeeded with time: 44613ms, keeping it commented out
commenting out line Lines { lines: 747..=747 } in "./tmp/47/betree/PivotBranchRefinement_v.rs"
verus succeeded with time: 44312ms, keeping it commented out
commenting out line Lines { lines: 1534..=1534 } in "./tmp/39/betree/LinkedBranch_v/Refinement_v.rs"
verus succeeded with time: 45005ms, keeping it commented out
commenting out line Lines { lines: 753..=753 } in "./tmp/47/betree/PivotBranchRefinement_v.rs"
verus failed with time: 41008ms, reverting
commenting out line Lines { lines: 1553..=1553 } in "./tmp/39/betree/LinkedBranch_v/Refinement_v.rs"
verus succeeded with time: 44107ms, keeping it commented out
commenting out line Lines { lines: 757..=757 } in "./tmp/47/betree/PivotBranchRefinement_v.rs"
verus succeeded with time: 43722ms, keeping it commented out
commenting out line Lines { lines: 1556..=1556 } in "./tmp/39/betree/LinkedBranch_v/Refinement_v.rs"
verus failed with time: 40409ms, reverting
commenting out line Lines { lines: 758..=759 } in "./tmp/47/betree/PivotBranchRefinement_v.rs"
verus failed with time: 41527ms, reverting
commenting out line Lines { lines: 1558..=1558 } in "./tmp/39/betree/LinkedBranch_v/Refinement_v.rs"
verus failed with time: 41275ms, reverting
commenting out line Lines { lines: 762..=762 } in "./tmp/47/betree/PivotBranchRefinement_v.rs"
verus succeeded with time: 43613ms, keeping it commented out
commenting out line Lines { lines: 1560..=1560 } in "./tmp/39/betree/LinkedBranch_v/Refinement_v.rs"
verus succeeded with time: 43901ms, keeping it commented out
commenting out line Lines { lines: 782..=782 } in "./tmp/47/betree/PivotBranchRefinement_v.rs"
verus succeeded with time: 43311ms, keeping it commented out
commenting out line Lines { lines: 1582..=1582 } in "./tmp/39/betree/LinkedBranch_v/Refinement_v.rs"
verus failed with time: 40761ms, reverting
commenting out line Lines { lines: 788..=788 } in "./tmp/47/betree/PivotBranchRefinement_v.rs"
verus succeeded with time: 44139ms, keeping it commented out
commenting out line Lines { lines: 1583..=1583 } in "./tmp/39/betree/LinkedBranch_v/Refinement_v.rs"
verus succeeded with time: 43830ms, keeping it commented out
commenting out line Lines { lines: 1578..=1585 } in "./tmp/39/betree/LinkedBranch_v/Refinement_v.rs"
verus failed with time: 41038ms, reverting
commenting out line Lines { lines: 789..=789 } in "./tmp/47/betree/PivotBranchRefinement_v.rs"
verus succeeded with time: 43771ms, keeping it commented out
commenting out line Lines { lines: 1589..=1589 } in "./tmp/39/betree/LinkedBranch_v/Refinement_v.rs"
verus failed with time: 41164ms, reverting
commenting out line Lines { lines: 793..=793 } in "./tmp/47/betree/PivotBranchRefinement_v.rs"
verus succeeded with time: 44170ms, keeping it commented out
commenting out line Lines { lines: 1591..=1591 } in "./tmp/39/betree/LinkedBranch_v/Refinement_v.rs"
verus failed with time: 41259ms, reverting
commenting out line Lines { lines: 798..=798 } in "./tmp/47/betree/PivotBranchRefinement_v.rs"
verus failed with time: 42081ms, reverting
commenting out line Lines { lines: 1595..=1595 } in "./tmp/39/betree/LinkedBranch_v/Refinement_v.rs"
verus succeeded with time: 43408ms, keeping it commented out
commenting out line Lines { lines: 799..=799 } in "./tmp/47/betree/PivotBranchRefinement_v.rs"
verus succeeded with time: 43811ms, keeping it commented out
commenting out line Lines { lines: 1596..=1596 } in "./tmp/39/betree/LinkedBranch_v/Refinement_v.rs"
verus succeeded with time: 43890ms, keeping it commented out
commenting out line Lines { lines: 800..=800 } in "./tmp/47/betree/PivotBranchRefinement_v.rs"
verus succeeded with time: 44124ms, keeping it commented out
commenting out line Lines { lines: 1592..=1597 } in "./tmp/39/betree/LinkedBranch_v/Refinement_v.rs"
verus failed with time: 41128ms, reverting
commenting out line Lines { lines: 804..=804 } in "./tmp/47/betree/PivotBranchRefinement_v.rs"
verus failed with time: 41426ms, reverting
commenting out line Lines { lines: 1587..=1598 } in "./tmp/39/betree/LinkedBranch_v/Refinement_v.rs"
verus failed with time: 41041ms, reverting
commenting out line Lines { lines: 805..=805 } in "./tmp/47/betree/PivotBranchRefinement_v.rs"
verus succeeded with time: 44293ms, keeping it commented out
commenting out line Lines { lines: 1602..=1602 } in "./tmp/39/betree/LinkedBranch_v/Refinement_v.rs"
verus failed with time: 39881ms, reverting
commenting out line Lines { lines: 806..=806 } in "./tmp/47/betree/PivotBranchRefinement_v.rs"
verus succeeded with time: 44002ms, keeping it commented out
commenting out line Lines { lines: 1604..=1604 } in "./tmp/39/betree/LinkedBranch_v/Refinement_v.rs"
verus failed with time: 39216ms, reverting
commenting out line Lines { lines: 814..=814 } in "./tmp/47/betree/PivotBranchRefinement_v.rs"
verus failed with time: 40815ms, reverting
commenting out line Lines { lines: 1608..=1608 } in "./tmp/39/betree/LinkedBranch_v/Refinement_v.rs"
verus succeeded with time: 43143ms, keeping it commented out
commenting out line Lines { lines: 811..=815 } in "./tmp/47/betree/PivotBranchRefinement_v.rs"
verus failed with time: 41302ms, reverting
commenting out line Lines { lines: 1609..=1609 } in "./tmp/39/betree/LinkedBranch_v/Refinement_v.rs"
verus succeeded with time: 43362ms, keeping it commented out
commenting out line Lines { lines: 820..=820 } in "./tmp/47/betree/PivotBranchRefinement_v.rs"
verus failed with time: 40292ms, reverting
commenting out line Lines { lines: 1605..=1610 } in "./tmp/39/betree/LinkedBranch_v/Refinement_v.rs"
verus failed with time: 40588ms, reverting
commenting out line Lines { lines: 817..=821 } in "./tmp/47/betree/PivotBranchRefinement_v.rs"
verus failed with time: 41381ms, reverting
commenting out line Lines { lines: 1600..=1611 } in "./tmp/39/betree/LinkedBranch_v/Refinement_v.rs"
verus failed with time: 40982ms, reverting
commenting out line Lines { lines: 855..=855 } in "./tmp/47/betree/PivotBranchRefinement_v.rs"
verus succeeded with time: 44385ms, keeping it commented out
commenting out line Lines { lines: 1630..=1630 } in "./tmp/39/betree/LinkedBranch_v/Refinement_v.rs"
verus succeeded with time: 44395ms, keeping it commented out
commenting out line Lines { lines: 871..=871 } in "./tmp/47/betree/PivotBranchRefinement_v.rs"
verus succeeded with time: 45022ms, keeping it commented out
commenting out line Lines { lines: 1633..=1633 } in "./tmp/39/betree/LinkedBranch_v/Refinement_v.rs"
verus succeeded with time: 42551ms, keeping it commented out
commenting out line Lines { lines: 872..=872 } in "./tmp/47/betree/PivotBranchRefinement_v.rs"
verus succeeded with time: 43524ms, keeping it commented out
commenting out line Lines { lines: 1635..=1635 } in "./tmp/39/betree/LinkedBranch_v/Refinement_v.rs"
verus failed with time: 40060ms, reverting
commenting out line Lines { lines: 873..=873 } in "./tmp/47/betree/PivotBranchRefinement_v.rs"
verus succeeded with time: 43532ms, keeping it commented out
commenting out line Lines { lines: 1626..=1638 } in "./tmp/39/betree/LinkedBranch_v/Refinement_v.rs"
verus failed with time: 40103ms, reverting
commenting out line Lines { lines: 874..=874 } in "./tmp/47/betree/PivotBranchRefinement_v.rs"
verus succeeded with time: 43349ms, keeping it commented out
commenting out line Lines { lines: 1658..=1658 } in "./tmp/39/betree/LinkedBranch_v/Refinement_v.rs"
verus failed with time: 39730ms, reverting
commenting out line Lines { lines: 875..=875 } in "./tmp/47/betree/PivotBranchRefinement_v.rs"
verus failed with time: 40722ms, reverting
commenting out line Lines { lines: 1650..=1662 } in "./tmp/39/betree/LinkedBranch_v/Refinement_v.rs"
verus failed with time: 39595ms, reverting
commenting out line Lines { lines: 880..=880 } in "./tmp/47/betree/PivotBranchRefinement_v.rs"
verus succeeded with time: 44066ms, keeping it commented out
commenting out line Lines { lines: 1679..=1679 } in "./tmp/39/betree/LinkedBranch_v/Refinement_v.rs"
verus failed with time: 39710ms, reverting
commenting out line Lines { lines: 882..=882 } in "./tmp/47/betree/PivotBranchRefinement_v.rs"
verus succeeded with time: 43890ms, keeping it commented out
commenting out line Lines { lines: 1699..=1699 } in "./tmp/39/betree/LinkedBranch_v/Refinement_v.rs"
verus succeeded with time: 44195ms, keeping it commented out
commenting out line Lines { lines: 895..=895 } in "./tmp/47/betree/PivotBranchRefinement_v.rs"
verus succeeded with time: 43423ms, keeping it commented out
commenting out line Lines { lines: 1700..=1700 } in "./tmp/39/betree/LinkedBranch_v/Refinement_v.rs"
verus succeeded with time: 43130ms, keeping it commented out
commenting out line Lines { lines: 896..=896 } in "./tmp/47/betree/PivotBranchRefinement_v.rs"
verus succeeded with time: 43006ms, keeping it commented out
commenting out line Lines { lines: 1702..=1702 } in "./tmp/39/betree/LinkedBranch_v/Refinement_v.rs"
verus failed with time: 40110ms, reverting
commenting out line Lines { lines: 922..=922 } in "./tmp/47/betree/PivotBranchRefinement_v.rs"
verus succeeded with time: 44222ms, keeping it commented out
commenting out line Lines { lines: 1703..=1703 } in "./tmp/39/betree/LinkedBranch_v/Refinement_v.rs"
verus failed with time: 41148ms, reverting
commenting out line Lines { lines: 918..=923 } in "./tmp/47/betree/PivotBranchRefinement_v.rs"
verus failed with time: 40228ms, reverting
commenting out line Lines { lines: 1704..=1704 } in "./tmp/39/betree/LinkedBranch_v/Refinement_v.rs"
verus succeeded with time: 43451ms, keeping it commented out
commenting out line Lines { lines: 948..=948 } in "./tmp/47/betree/PivotBranchRefinement_v.rs"
verus failed with time: 40716ms, reverting
commenting out line Lines { lines: 1707..=1717 } in "./tmp/39/betree/LinkedBranch_v/Refinement_v.rs"
verus failed with time: 40741ms, reverting
commenting out line Lines { lines: 952..=952 } in "./tmp/47/betree/PivotBranchRefinement_v.rs"
verus succeeded with time: 45144ms, keeping it commented out
commenting out line Lines { lines: 1718..=1718 } in "./tmp/39/betree/LinkedBranch_v/Refinement_v.rs"
verus failed with time: 41542ms, reverting
commenting out line Lines { lines: 956..=956 } in "./tmp/47/betree/PivotBranchRefinement_v.rs"
verus failed with time: 41726ms, reverting
commenting out line Lines { lines: 1719..=1720 } in "./tmp/39/betree/LinkedBranch_v/Refinement_v.rs"
verus failed with time: 41262ms, reverting
commenting out line Lines { lines: 958..=958 } in "./tmp/47/betree/PivotBranchRefinement_v.rs"
verus failed with time: 41507ms, reverting
commenting out line Lines { lines: 1721..=1722 } in "./tmp/39/betree/LinkedBranch_v/Refinement_v.rs"
verus succeeded with time: 45085ms, keeping it commented out
commenting out line Lines { lines: 955..=960 } in "./tmp/47/betree/PivotBranchRefinement_v.rs"
verus failed with time: 40211ms, reverting
commenting out line Lines { lines: 1743..=1743 } in "./tmp/39/betree/LinkedBranch_v/Refinement_v.rs"
verus succeeded with time: 44621ms, keeping it commented out
commenting out line Lines { lines: 963..=963 } in "./tmp/47/betree/PivotBranchRefinement_v.rs"
verus failed with time: 40480ms, reverting
commenting out line Lines { lines: 1746..=1746 } in "./tmp/39/betree/LinkedBranch_v/Refinement_v.rs"
verus succeeded with time: 44168ms, keeping it commented out
commenting out line Lines { lines: 965..=965 } in "./tmp/47/betree/PivotBranchRefinement_v.rs"
verus failed with time: 40666ms, reverting
commenting out line Lines { lines: 1749..=1749 } in "./tmp/39/betree/LinkedBranch_v/Refinement_v.rs"
verus failed with time: 40175ms, reverting
commenting out line Lines { lines: 962..=967 } in "./tmp/47/betree/PivotBranchRefinement_v.rs"
verus failed with time: 41768ms, reverting
commenting out line Lines { lines: 1751..=1751 } in "./tmp/39/betree/LinkedBranch_v/Refinement_v.rs"
verus succeeded with time: 44776ms, keeping it commented out
commenting out line Lines { lines: 968..=968 } in "./tmp/47/betree/PivotBranchRefinement_v.rs"
verus succeeded with time: 43257ms, keeping it commented out
commenting out line Lines { lines: 1752..=1752 } in "./tmp/39/betree/LinkedBranch_v/Refinement_v.rs"
verus succeeded with time: 43316ms, keeping it commented out
commenting out line Lines { lines: 994..=994 } in "./tmp/47/betree/PivotBranchRefinement_v.rs"
verus succeeded with time: 43667ms, keeping it commented out
commenting out line Lines { lines: 1754..=1754 } in "./tmp/39/betree/LinkedBranch_v/Refinement_v.rs"
verus succeeded with time: 43818ms, keeping it commented out
commenting out line Lines { lines: 1001..=1001 } in "./tmp/47/betree/PivotBranchRefinement_v.rs"
verus succeeded with time: 43233ms, keeping it commented out
commenting out line Lines { lines: 1753..=1755 } in "./tmp/39/betree/LinkedBranch_v/Refinement_v.rs"
verus succeeded with time: 43590ms, keeping it commented out
commenting out line Lines { lines: 1002..=1002 } in "./tmp/47/betree/PivotBranchRefinement_v.rs"
verus succeeded with time: 44037ms, keeping it commented out
commenting out line Lines { lines: 1748..=1757 } in "./tmp/39/betree/LinkedBranch_v/Refinement_v.rs"
verus failed with time: 40068ms, reverting
commenting out line Lines { lines: 1003..=1003 } in "./tmp/47/betree/PivotBranchRefinement_v.rs"
verus succeeded with time: 43955ms, keeping it commented out
commenting out line Lines { lines: 1761..=1761 } in "./tmp/39/betree/LinkedBranch_v/Refinement_v.rs"
verus failed with time: 39519ms, reverting
commenting out line Lines { lines: 1005..=1005 } in "./tmp/47/betree/PivotBranchRefinement_v.rs"
verus failed with time: 40566ms, reverting
commenting out line Lines { lines: 1763..=1763 } in "./tmp/39/betree/LinkedBranch_v/Refinement_v.rs"
verus succeeded with time: 45143ms, keeping it commented out
commenting out line Lines { lines: 1006..=1006 } in "./tmp/47/betree/PivotBranchRefinement_v.rs"
verus succeeded with time: 44377ms, keeping it commented out
commenting out line Lines { lines: 1764..=1764 } in "./tmp/39/betree/LinkedBranch_v/Refinement_v.rs"
verus succeeded with time: 44421ms, keeping it commented out
commenting out line Lines { lines: 1030..=1030 } in "./tmp/47/betree/PivotBranchRefinement_v.rs"
verus succeeded with time: 44074ms, keeping it commented out
commenting out line Lines { lines: 1759..=1767 } in "./tmp/39/betree/LinkedBranch_v/Refinement_v.rs"
verus succeeded with time: 44154ms, keeping it commented out
commenting out line Lines { lines: 1031..=1031 } in "./tmp/47/betree/PivotBranchRefinement_v.rs"
verus succeeded with time: 43736ms, keeping it commented out
commenting out line Lines { lines: 1771..=1771 } in "./tmp/39/betree/LinkedBranch_v/Refinement_v.rs"
verus succeeded with time: 44533ms, keeping it commented out
commenting out line Lines { lines: 1036..=1036 } in "./tmp/47/betree/PivotBranchRefinement_v.rs"
verus failed with time: 41884ms, reverting
commenting out line Lines { lines: 1772..=1772 } in "./tmp/39/betree/LinkedBranch_v/Refinement_v.rs"
verus succeeded with time: 43920ms, keeping it commented out
commenting out line Lines { lines: 1037..=1037 } in "./tmp/47/betree/PivotBranchRefinement_v.rs"
verus succeeded with time: 44276ms, keeping it commented out
commenting out line Lines { lines: 1773..=1773 } in "./tmp/39/betree/LinkedBranch_v/Refinement_v.rs"
verus failed with time: 41115ms, reverting
commenting out line Lines { lines: 1038..=1038 } in "./tmp/47/betree/PivotBranchRefinement_v.rs"
verus succeeded with time: 43802ms, keeping it commented out
commenting out line Lines { lines: 1774..=1774 } in "./tmp/39/betree/LinkedBranch_v/Refinement_v.rs"
verus failed with time: 39866ms, reverting
commenting out line Lines { lines: 1039..=1039 } in "./tmp/47/betree/PivotBranchRefinement_v.rs"
verus succeeded with time: 43719ms, keeping it commented out
commenting out line Lines { lines: 1776..=1776 } in "./tmp/39/betree/LinkedBranch_v/Refinement_v.rs"
verus succeeded with time: 44109ms, keeping it commented out
commenting out line Lines { lines: 1040..=1040 } in "./tmp/47/betree/PivotBranchRefinement_v.rs"
verus succeeded with time: 44169ms, keeping it commented out
commenting out line Lines { lines: 1777..=1777 } in "./tmp/39/betree/LinkedBranch_v/Refinement_v.rs"
verus succeeded with time: 44805ms, keeping it commented out
commenting out line Lines { lines: 1043..=1044 } in "./tmp/47/betree/PivotBranchRefinement_v.rs"
verus succeeded with time: 43363ms, keeping it commented out
commenting out line Lines { lines: 1769..=1779 } in "./tmp/39/betree/LinkedBranch_v/Refinement_v.rs"
verus failed with time: 40301ms, reverting
commenting out line Lines { lines: 1045..=1046 } in "./tmp/47/betree/PivotBranchRefinement_v.rs"
verus succeeded with time: 43173ms, keeping it commented out
commenting out line Lines { lines: 1783..=1783 } in "./tmp/39/betree/LinkedBranch_v/Refinement_v.rs"
verus succeeded with time: 44365ms, keeping it commented out
commenting out line Lines { lines: 1049..=1049 } in "./tmp/47/betree/PivotBranchRefinement_v.rs"
verus succeeded with time: 42988ms, keeping it commented out
commenting out line Lines { lines: 1784..=1784 } in "./tmp/39/betree/LinkedBranch_v/Refinement_v.rs"
verus failed with time: 39981ms, reverting
commenting out line Lines { lines: 1050..=1051 } in "./tmp/47/betree/PivotBranchRefinement_v.rs"
verus succeeded with time: 43665ms, keeping it commented out
commenting out line Lines { lines: 1785..=1785 } in "./tmp/39/betree/LinkedBranch_v/Refinement_v.rs"
verus failed with time: 40285ms, reverting
commenting out line Lines { lines: 1053..=1053 } in "./tmp/47/betree/PivotBranchRefinement_v.rs"
verus failed with time: 40262ms, reverting
commenting out line Lines { lines: 1787..=1787 } in "./tmp/39/betree/LinkedBranch_v/Refinement_v.rs"
verus succeeded with time: 44712ms, keeping it commented out
commenting out line Lines { lines: 1079..=1079 } in "./tmp/47/betree/PivotBranchRefinement_v.rs"
verus succeeded with time: 43439ms, keeping it commented out
commenting out line Lines { lines: 1788..=1788 } in "./tmp/39/betree/LinkedBranch_v/Refinement_v.rs"
verus succeeded with time: 43998ms, keeping it commented out
commenting out line Lines { lines: 1080..=1080 } in "./tmp/47/betree/PivotBranchRefinement_v.rs"
verus failed with time: 40808ms, reverting
commenting out line Lines { lines: 1781..=1790 } in "./tmp/39/betree/LinkedBranch_v/Refinement_v.rs"
verus failed with time: 41081ms, reverting
commenting out line Lines { lines: 1081..=1081 } in "./tmp/47/betree/PivotBranchRefinement_v.rs"
verus failed with time: 40800ms, reverting
commenting out line Lines { lines: 1805..=1805 } in "./tmp/39/betree/LinkedBranch_v/Refinement_v.rs"
verus succeeded with time: 43921ms, keeping it commented out
commenting out line Lines { lines: 1085..=1085 } in "./tmp/47/betree/PivotBranchRefinement_v.rs"
verus succeeded with time: 43423ms, keeping it commented out
commenting out line Lines { lines: 1806..=1806 } in "./tmp/39/betree/LinkedBranch_v/Refinement_v.rs"
verus succeeded with time: 43697ms, keeping it commented out
commenting out line Lines { lines: 1086..=1086 } in "./tmp/47/betree/PivotBranchRefinement_v.rs"
verus failed with time: 40848ms, reverting
commenting out line Lines { lines: 1810..=1810 } in "./tmp/39/betree/LinkedBranch_v/Refinement_v.rs"
verus failed with time: 40689ms, reverting
commenting out line Lines { lines: 1087..=1087 } in "./tmp/47/betree/PivotBranchRefinement_v.rs"
verus failed with time: 40251ms, reverting
commenting out line Lines { lines: 1808..=1812 } in "./tmp/39/betree/LinkedBranch_v/Refinement_v.rs"
verus failed with time: 40309ms, reverting
commenting out line Lines { lines: 1088..=1088 } in "./tmp/47/betree/PivotBranchRefinement_v.rs"
verus succeeded with time: 43823ms, keeping it commented out
commenting out line Lines { lines: 1813..=1813 } in "./tmp/39/betree/LinkedBranch_v/Refinement_v.rs"
verus failed with time: 40281ms, reverting
commenting out line Lines { lines: 1092..=1092 } in "./tmp/47/betree/PivotBranchRefinement_v.rs"
verus succeeded with time: 43593ms, keeping it commented out
commenting out line Lines { lines: 1815..=1815 } in "./tmp/39/betree/LinkedBranch_v/Refinement_v.rs"
verus succeeded with time: 43808ms, keeping it commented out
commenting out line Lines { lines: 1093..=1093 } in "./tmp/47/betree/PivotBranchRefinement_v.rs"
verus succeeded with time: 43208ms, keeping it commented out
commenting out line Lines { lines: 1831..=1831 } in "./tmp/39/betree/LinkedBranch_v/Refinement_v.rs"
verus failed with time: 39933ms, reverting
commenting out line Lines { lines: 1094..=1094 } in "./tmp/47/betree/PivotBranchRefinement_v.rs"
verus succeeded with time: 43997ms, keeping it commented out
commenting out line Lines { lines: 1834..=1834 } in "./tmp/39/betree/LinkedBranch_v/Refinement_v.rs"
verus succeeded with time: 44532ms, keeping it commented out
commenting out line Lines { lines: 1098..=1098 } in "./tmp/47/betree/PivotBranchRefinement_v.rs"
verus succeeded with time: 44138ms, keeping it commented out
commenting out line Lines { lines: 1836..=1836 } in "./tmp/39/betree/LinkedBranch_v/Refinement_v.rs"
verus succeeded with time: 45222ms, keeping it commented out
commenting out line Lines { lines: 1100..=1100 } in "./tmp/47/betree/PivotBranchRefinement_v.rs"
verus succeeded with time: 43902ms, keeping it commented out
commenting out line Lines { lines: 1854..=1854 } in "./tmp/39/betree/LinkedBranch_v/Refinement_v.rs"
verus failed with time: 40568ms, reverting
commenting out line Lines { lines: 1102..=1102 } in "./tmp/47/betree/PivotBranchRefinement_v.rs"
verus failed with time: 40589ms, reverting
commenting out line Lines { lines: 1856..=1856 } in "./tmp/39/betree/LinkedBranch_v/Refinement_v.rs"
verus succeeded with time: 45067ms, keeping it commented out
commenting out line Lines { lines: 1103..=1103 } in "./tmp/47/betree/PivotBranchRefinement_v.rs"
verus succeeded with time: 43189ms, keeping it commented out
commenting out line Lines { lines: 1857..=1857 } in "./tmp/39/betree/LinkedBranch_v/Refinement_v.rs"
verus succeeded with time: 44228ms, keeping it commented out
commenting out line Lines { lines: 1105..=1105 } in "./tmp/47/betree/PivotBranchRefinement_v.rs"
verus succeeded with time: 43414ms, keeping it commented out
commenting out line Lines { lines: 1861..=1861 } in "./tmp/39/betree/LinkedBranch_v/Refinement_v.rs"
verus succeeded with time: 44453ms, keeping it commented out
commenting out line Lines { lines: 1140..=1140 } in "./tmp/47/betree/PivotBranchRefinement_v.rs"
verus succeeded with time: 43197ms, keeping it commented out
commenting out line Lines { lines: 1862..=1862 } in "./tmp/39/betree/LinkedBranch_v/Refinement_v.rs"
verus failed with time: 39978ms, reverting
commenting out line Lines { lines: 1143..=1143 } in "./tmp/47/betree/PivotBranchRefinement_v.rs"
verus succeeded with time: 43115ms, keeping it commented out
commenting out line Lines { lines: 1853..=1864 } in "./tmp/39/betree/LinkedBranch_v/Refinement_v.rs"
verus failed with time: 39756ms, reverting
commenting out line Lines { lines: 1144..=1144 } in "./tmp/47/betree/PivotBranchRefinement_v.rs"
verus succeeded with time: 43808ms, keeping it commented out
commenting out line Lines { lines: 1866..=1866 } in "./tmp/39/betree/LinkedBranch_v/Refinement_v.rs"
verus succeeded with time: 45129ms, keeping it commented out
minimization of ./tmp/39/betree/LinkedBranch_v/Refinement_v.rs is completed
commenting out line Lines { lines: 1145..=1145 } in "./tmp/47/betree/PivotBranchRefinement_v.rs"
verus succeeded with time: 41492ms, keeping it commented out
commenting out line Lines { lines: 1146..=1146 } in "./tmp/47/betree/PivotBranchRefinement_v.rs"
verus succeeded with time: 41434ms, keeping it commented out
commenting out line Lines { lines: 1152..=1152 } in "./tmp/47/betree/PivotBranchRefinement_v.rs"
verus succeeded with time: 41638ms, keeping it commented out
commenting out line Lines { lines: 1153..=1153 } in "./tmp/47/betree/PivotBranchRefinement_v.rs"
verus succeeded with time: 41815ms, keeping it commented out
commenting out line Lines { lines: 1154..=1154 } in "./tmp/47/betree/PivotBranchRefinement_v.rs"
verus succeeded with time: 41661ms, keeping it commented out
commenting out line Lines { lines: 1156..=1156 } in "./tmp/47/betree/PivotBranchRefinement_v.rs"
verus failed with time: 38439ms, reverting
commenting out line Lines { lines: 1157..=1157 } in "./tmp/47/betree/PivotBranchRefinement_v.rs"
verus succeeded with time: 41700ms, keeping it commented out
commenting out line Lines { lines: 1161..=1161 } in "./tmp/47/betree/PivotBranchRefinement_v.rs"
verus succeeded with time: 40985ms, keeping it commented out
commenting out line Lines { lines: 1166..=1166 } in "./tmp/47/betree/PivotBranchRefinement_v.rs"
verus succeeded with time: 41394ms, keeping it commented out
commenting out line Lines { lines: 1163..=1168 } in "./tmp/47/betree/PivotBranchRefinement_v.rs"
verus succeeded with time: 41023ms, keeping it commented out
commenting out line Lines { lines: 1173..=1173 } in "./tmp/47/betree/PivotBranchRefinement_v.rs"
verus succeeded with time: 41445ms, keeping it commented out
commenting out line Lines { lines: 1176..=1176 } in "./tmp/47/betree/PivotBranchRefinement_v.rs"
verus failed with time: 37917ms, reverting
commenting out line Lines { lines: 1170..=1179 } in "./tmp/47/betree/PivotBranchRefinement_v.rs"
verus failed with time: 38632ms, reverting
commenting out line Lines { lines: 1188..=1188 } in "./tmp/47/betree/PivotBranchRefinement_v.rs"
verus failed with time: 38896ms, reverting
commenting out line Lines { lines: 1189..=1189 } in "./tmp/47/betree/PivotBranchRefinement_v.rs"
verus succeeded with time: 41662ms, keeping it commented out
commenting out line Lines { lines: 1186..=1191 } in "./tmp/47/betree/PivotBranchRefinement_v.rs"
verus failed with time: 37978ms, reverting
commenting out line Lines { lines: 1192..=1192 } in "./tmp/47/betree/PivotBranchRefinement_v.rs"
verus succeeded with time: 40975ms, keeping it commented out
commenting out line Lines { lines: 1181..=1194 } in "./tmp/47/betree/PivotBranchRefinement_v.rs"
verus failed with time: 39028ms, reverting
commenting out line Lines { lines: 1196..=1196 } in "./tmp/47/betree/PivotBranchRefinement_v.rs"
verus succeeded with time: 40929ms, keeping it commented out
commenting out line Lines { lines: 1235..=1235 } in "./tmp/47/betree/PivotBranchRefinement_v.rs"
verus succeeded with time: 41636ms, keeping it commented out
commenting out line Lines { lines: 1236..=1236 } in "./tmp/47/betree/PivotBranchRefinement_v.rs"
verus succeeded with time: 41179ms, keeping it commented out
commenting out line Lines { lines: 1237..=1237 } in "./tmp/47/betree/PivotBranchRefinement_v.rs"
verus succeeded with time: 41640ms, keeping it commented out
commenting out line Lines { lines: 1240..=1240 } in "./tmp/47/betree/PivotBranchRefinement_v.rs"
verus succeeded with time: 41260ms, keeping it commented out
commenting out line Lines { lines: 1241..=1241 } in "./tmp/47/betree/PivotBranchRefinement_v.rs"
verus succeeded with time: 41408ms, keeping it commented out
commenting out line Lines { lines: 1242..=1242 } in "./tmp/47/betree/PivotBranchRefinement_v.rs"
verus succeeded with time: 41729ms, keeping it commented out
commenting out line Lines { lines: 1243..=1243 } in "./tmp/47/betree/PivotBranchRefinement_v.rs"
verus succeeded with time: 41168ms, keeping it commented out
commenting out line Lines { lines: 1247..=1247 } in "./tmp/47/betree/PivotBranchRefinement_v.rs"
verus succeeded with time: 41062ms, keeping it commented out
commenting out line Lines { lines: 1248..=1248 } in "./tmp/47/betree/PivotBranchRefinement_v.rs"
verus succeeded with time: 41568ms, keeping it commented out
commenting out line Lines { lines: 1249..=1249 } in "./tmp/47/betree/PivotBranchRefinement_v.rs"
verus succeeded with time: 41355ms, keeping it commented out
commenting out line Lines { lines: 1252..=1252 } in "./tmp/47/betree/PivotBranchRefinement_v.rs"
verus succeeded with time: 41212ms, keeping it commented out
commenting out line Lines { lines: 1255..=1255 } in "./tmp/47/betree/PivotBranchRefinement_v.rs"
verus succeeded with time: 41308ms, keeping it commented out
commenting out line Lines { lines: 1261..=1261 } in "./tmp/47/betree/PivotBranchRefinement_v.rs"
verus succeeded with time: 40873ms, keeping it commented out
commenting out line Lines { lines: 1262..=1262 } in "./tmp/47/betree/PivotBranchRefinement_v.rs"
verus succeeded with time: 41476ms, keeping it commented out
commenting out line Lines { lines: 1275..=1275 } in "./tmp/47/betree/PivotBranchRefinement_v.rs"
verus succeeded with time: 40987ms, keeping it commented out
commenting out line Lines { lines: 1278..=1278 } in "./tmp/47/betree/PivotBranchRefinement_v.rs"
verus succeeded with time: 41358ms, keeping it commented out
commenting out line Lines { lines: 1280..=1280 } in "./tmp/47/betree/PivotBranchRefinement_v.rs"
verus failed with time: 38500ms, reverting
commenting out line Lines { lines: 1281..=1281 } in "./tmp/47/betree/PivotBranchRefinement_v.rs"
verus succeeded with time: 41427ms, keeping it commented out
commenting out line Lines { lines: 1284..=1284 } in "./tmp/47/betree/PivotBranchRefinement_v.rs"
verus succeeded with time: 41725ms, keeping it commented out
commenting out line Lines { lines: 1287..=1287 } in "./tmp/47/betree/PivotBranchRefinement_v.rs"
verus succeeded with time: 41818ms, keeping it commented out
commenting out line Lines { lines: 1289..=1289 } in "./tmp/47/betree/PivotBranchRefinement_v.rs"
verus succeeded with time: 41127ms, keeping it commented out
commenting out line Lines { lines: 1290..=1290 } in "./tmp/47/betree/PivotBranchRefinement_v.rs"
verus succeeded with time: 41355ms, keeping it commented out
commenting out line Lines { lines: 1295..=1295 } in "./tmp/47/betree/PivotBranchRefinement_v.rs"
verus failed with time: 38580ms, reverting
commenting out line Lines { lines: 1294..=1296 } in "./tmp/47/betree/PivotBranchRefinement_v.rs"
verus failed with time: 38636ms, reverting
commenting out line Lines { lines: 1297..=1297 } in "./tmp/47/betree/PivotBranchRefinement_v.rs"
verus succeeded with time: 41677ms, keeping it commented out
commenting out line Lines { lines: 1299..=1299 } in "./tmp/47/betree/PivotBranchRefinement_v.rs"
verus failed with time: 38822ms, reverting
commenting out line Lines { lines: 1298..=1300 } in "./tmp/47/betree/PivotBranchRefinement_v.rs"
verus failed with time: 38764ms, reverting
commenting out line Lines { lines: 1301..=1301 } in "./tmp/47/betree/PivotBranchRefinement_v.rs"
verus succeeded with time: 41921ms, keeping it commented out
commenting out line Lines { lines: 1260..=1303 } in "./tmp/47/betree/PivotBranchRefinement_v.rs"
verus failed with time: 38679ms, reverting
commenting out line Lines { lines: 1308..=1308 } in "./tmp/47/betree/PivotBranchRefinement_v.rs"
verus succeeded with time: 41222ms, keeping it commented out
commenting out line Lines { lines: 1309..=1309 } in "./tmp/47/betree/PivotBranchRefinement_v.rs"
verus succeeded with time: 41573ms, keeping it commented out
commenting out line Lines { lines: 1311..=1311 } in "./tmp/47/betree/PivotBranchRefinement_v.rs"
verus succeeded with time: 41264ms, keeping it commented out
commenting out line Lines { lines: 1313..=1313 } in "./tmp/47/betree/PivotBranchRefinement_v.rs"
verus failed with time: 38694ms, reverting
commenting out line Lines { lines: 1319..=1319 } in "./tmp/47/betree/PivotBranchRefinement_v.rs"
verus succeeded with time: 41576ms, keeping it commented out
commenting out line Lines { lines: 1321..=1321 } in "./tmp/47/betree/PivotBranchRefinement_v.rs"
verus failed with time: 39140ms, reverting
commenting out line Lines { lines: 1324..=1324 } in "./tmp/47/betree/PivotBranchRefinement_v.rs"
verus succeeded with time: 40895ms, keeping it commented out
commenting out line Lines { lines: 1326..=1326 } in "./tmp/47/betree/PivotBranchRefinement_v.rs"
verus succeeded with time: 41822ms, keeping it commented out
commenting out line Lines { lines: 1328..=1328 } in "./tmp/47/betree/PivotBranchRefinement_v.rs"
verus succeeded with time: 41361ms, keeping it commented out
commenting out line Lines { lines: 1330..=1330 } in "./tmp/47/betree/PivotBranchRefinement_v.rs"
verus succeeded with time: 41327ms, keeping it commented out
commenting out line Lines { lines: 1332..=1332 } in "./tmp/47/betree/PivotBranchRefinement_v.rs"
verus succeeded with time: 40796ms, keeping it commented out
commenting out line Lines { lines: 1334..=1334 } in "./tmp/47/betree/PivotBranchRefinement_v.rs"
verus succeeded with time: 41173ms, keeping it commented out
commenting out line Lines { lines: 1307..=1336 } in "./tmp/47/betree/PivotBranchRefinement_v.rs"
verus succeeded with time: 41518ms, keeping it commented out
commenting out line Lines { lines: 1345..=1345 } in "./tmp/47/betree/PivotBranchRefinement_v.rs"
verus succeeded with time: 41313ms, keeping it commented out
commenting out line Lines { lines: 1348..=1348 } in "./tmp/47/betree/PivotBranchRefinement_v.rs"
verus succeeded with time: 41609ms, keeping it commented out
commenting out line Lines { lines: 1351..=1351 } in "./tmp/47/betree/PivotBranchRefinement_v.rs"
verus succeeded with time: 41067ms, keeping it commented out
commenting out line Lines { lines: 1354..=1354 } in "./tmp/47/betree/PivotBranchRefinement_v.rs"
verus succeeded with time: 41020ms, keeping it commented out
commenting out line Lines { lines: 1356..=1356 } in "./tmp/47/betree/PivotBranchRefinement_v.rs"
verus succeeded with time: 41184ms, keeping it commented out
commenting out line Lines { lines: 1340..=1358 } in "./tmp/47/betree/PivotBranchRefinement_v.rs"
verus succeeded with time: 41190ms, keeping it commented out
commenting out line Lines { lines: 1361..=1361 } in "./tmp/47/betree/PivotBranchRefinement_v.rs"
verus succeeded with time: 41306ms, keeping it commented out
commenting out line Lines { lines: 1363..=1363 } in "./tmp/47/betree/PivotBranchRefinement_v.rs"
verus succeeded with time: 41508ms, keeping it commented out
commenting out line Lines { lines: 1365..=1365 } in "./tmp/47/betree/PivotBranchRefinement_v.rs"
verus succeeded with time: 41587ms, keeping it commented out
commenting out line Lines { lines: 1366..=1366 } in "./tmp/47/betree/PivotBranchRefinement_v.rs"
verus succeeded with time: 41101ms, keeping it commented out
commenting out line Lines { lines: 1368..=1368 } in "./tmp/47/betree/PivotBranchRefinement_v.rs"
verus failed with time: 38209ms, reverting
commenting out line Lines { lines: 1367..=1369 } in "./tmp/47/betree/PivotBranchRefinement_v.rs"
verus failed with time: 38551ms, reverting
commenting out line Lines { lines: 1371..=1371 } in "./tmp/47/betree/PivotBranchRefinement_v.rs"
verus failed with time: 38515ms, reverting
commenting out line Lines { lines: 1370..=1372 } in "./tmp/47/betree/PivotBranchRefinement_v.rs"
verus failed with time: 38647ms, reverting
commenting out line Lines { lines: 1374..=1374 } in "./tmp/47/betree/PivotBranchRefinement_v.rs"
verus succeeded with time: 40770ms, keeping it commented out
commenting out line Lines { lines: 1375..=1375 } in "./tmp/47/betree/PivotBranchRefinement_v.rs"
verus succeeded with time: 41523ms, keeping it commented out
commenting out line Lines { lines: 1378..=1378 } in "./tmp/47/betree/PivotBranchRefinement_v.rs"
verus failed with time: 38312ms, reverting
commenting out line Lines { lines: 1376..=1379 } in "./tmp/47/betree/PivotBranchRefinement_v.rs"
verus failed with time: 38861ms, reverting
commenting out line Lines { lines: 1382..=1382 } in "./tmp/47/betree/PivotBranchRefinement_v.rs"
verus failed with time: 38836ms, reverting
commenting out line Lines { lines: 1383..=1383 } in "./tmp/47/betree/PivotBranchRefinement_v.rs"
verus failed with time: 38396ms, reverting
commenting out line Lines { lines: 1380..=1384 } in "./tmp/47/betree/PivotBranchRefinement_v.rs"
verus failed with time: 38442ms, reverting
commenting out line Lines { lines: 1387..=1387 } in "./tmp/47/betree/PivotBranchRefinement_v.rs"
verus succeeded with time: 41430ms, keeping it commented out
commenting out line Lines { lines: 1388..=1388 } in "./tmp/47/betree/PivotBranchRefinement_v.rs"
verus succeeded with time: 41598ms, keeping it commented out
commenting out line Lines { lines: 1391..=1391 } in "./tmp/47/betree/PivotBranchRefinement_v.rs"
verus succeeded with time: 41827ms, keeping it commented out
commenting out line Lines { lines: 1392..=1392 } in "./tmp/47/betree/PivotBranchRefinement_v.rs"
verus succeeded with time: 41062ms, keeping it commented out
commenting out line Lines { lines: 1397..=1397 } in "./tmp/47/betree/PivotBranchRefinement_v.rs"
verus succeeded with time: 41954ms, keeping it commented out
commenting out line Lines { lines: 1398..=1398 } in "./tmp/47/betree/PivotBranchRefinement_v.rs"
verus failed with time: 39035ms, reverting
commenting out line Lines { lines: 1399..=1399 } in "./tmp/47/betree/PivotBranchRefinement_v.rs"
verus succeeded with time: 41570ms, keeping it commented out
commenting out line Lines { lines: 1395..=1400 } in "./tmp/47/betree/PivotBranchRefinement_v.rs"
verus failed with time: 38533ms, reverting
commenting out line Lines { lines: 1401..=1401 } in "./tmp/47/betree/PivotBranchRefinement_v.rs"
verus succeeded with time: 41426ms, keeping it commented out
commenting out line Lines { lines: 1407..=1407 } in "./tmp/47/betree/PivotBranchRefinement_v.rs"
verus succeeded with time: 41063ms, keeping it commented out
commenting out line Lines { lines: 1408..=1408 } in "./tmp/47/betree/PivotBranchRefinement_v.rs"
verus failed with time: 38485ms, reverting
commenting out line Lines { lines: 1409..=1409 } in "./tmp/47/betree/PivotBranchRefinement_v.rs"
verus succeeded with time: 41675ms, keeping it commented out
commenting out line Lines { lines: 1405..=1410 } in "./tmp/47/betree/PivotBranchRefinement_v.rs"
verus failed with time: 38549ms, reverting
commenting out line Lines { lines: 1411..=1411 } in "./tmp/47/betree/PivotBranchRefinement_v.rs"
verus succeeded with time: 40929ms, keeping it commented out
commenting out line Lines { lines: 1415..=1415 } in "./tmp/47/betree/PivotBranchRefinement_v.rs"
verus succeeded with time: 41780ms, keeping it commented out
commenting out line Lines { lines: 1417..=1417 } in "./tmp/47/betree/PivotBranchRefinement_v.rs"
verus succeeded with time: 41505ms, keeping it commented out
commenting out line Lines { lines: 1431..=1431 } in "./tmp/47/betree/PivotBranchRefinement_v.rs"
verus succeeded with time: 41455ms, keeping it commented out
commenting out line Lines { lines: 1437..=1437 } in "./tmp/47/betree/PivotBranchRefinement_v.rs"
verus succeeded with time: 40977ms, keeping it commented out
commenting out line Lines { lines: 1440..=1440 } in "./tmp/47/betree/PivotBranchRefinement_v.rs"
verus succeeded with time: 41417ms, keeping it commented out
commenting out line Lines { lines: 1441..=1441 } in "./tmp/47/betree/PivotBranchRefinement_v.rs"
verus succeeded with time: 40985ms, keeping it commented out
commenting out line Lines { lines: 1442..=1442 } in "./tmp/47/betree/PivotBranchRefinement_v.rs"
verus succeeded with time: 41083ms, keeping it commented out
commenting out line Lines { lines: 1443..=1443 } in "./tmp/47/betree/PivotBranchRefinement_v.rs"
verus succeeded with time: 41318ms, keeping it commented out
commenting out line Lines { lines: 1444..=1444 } in "./tmp/47/betree/PivotBranchRefinement_v.rs"
verus succeeded with time: 41436ms, keeping it commented out
commenting out line Lines { lines: 1445..=1445 } in "./tmp/47/betree/PivotBranchRefinement_v.rs"
verus failed with time: 38542ms, reverting
commenting out line Lines { lines: 1450..=1450 } in "./tmp/47/betree/PivotBranchRefinement_v.rs"
verus succeeded with time: 41783ms, keeping it commented out
commenting out line Lines { lines: 1451..=1451 } in "./tmp/47/betree/PivotBranchRefinement_v.rs"
verus succeeded with time: 40915ms, keeping it commented out
commenting out line Lines { lines: 1453..=1453 } in "./tmp/47/betree/PivotBranchRefinement_v.rs"
verus succeeded with time: 41547ms, keeping it commented out
commenting out line Lines { lines: 1459..=1459 } in "./tmp/47/betree/PivotBranchRefinement_v.rs"
verus failed with time: 38208ms, reverting
commenting out line Lines { lines: 1461..=1461 } in "./tmp/47/betree/PivotBranchRefinement_v.rs"
verus failed with time: 38365ms, reverting
commenting out line Lines { lines: 1463..=1463 } in "./tmp/47/betree/PivotBranchRefinement_v.rs"
verus succeeded with time: 41125ms, keeping it commented out
commenting out line Lines { lines: 1464..=1464 } in "./tmp/47/betree/PivotBranchRefinement_v.rs"
verus succeeded with time: 41728ms, keeping it commented out
commenting out line Lines { lines: 1465..=1465 } in "./tmp/47/betree/PivotBranchRefinement_v.rs"
verus succeeded with time: 41212ms, keeping it commented out
commenting out line Lines { lines: 1467..=1467 } in "./tmp/47/betree/PivotBranchRefinement_v.rs"
verus succeeded with time: 41511ms, keeping it commented out
commenting out line Lines { lines: 1471..=1471 } in "./tmp/47/betree/PivotBranchRefinement_v.rs"
verus failed with time: 38080ms, reverting
commenting out line Lines { lines: 1473..=1477 } in "./tmp/47/betree/PivotBranchRefinement_v.rs"
verus failed with time: 38674ms, reverting
commenting out line Lines { lines: 1479..=1479 } in "./tmp/47/betree/PivotBranchRefinement_v.rs"
verus failed with time: 38287ms, reverting
commenting out line Lines { lines: 1481..=1481 } in "./tmp/47/betree/PivotBranchRefinement_v.rs"
verus succeeded with time: 41214ms, keeping it commented out
commenting out line Lines { lines: 1455..=1483 } in "./tmp/47/betree/PivotBranchRefinement_v.rs"
verus failed with time: 38809ms, reverting
commenting out line Lines { lines: 1486..=1486 } in "./tmp/47/betree/PivotBranchRefinement_v.rs"
verus succeeded with time: 41607ms, keeping it commented out
commenting out line Lines { lines: 1489..=1489 } in "./tmp/47/betree/PivotBranchRefinement_v.rs"
verus succeeded with time: 41063ms, keeping it commented out
commenting out line Lines { lines: 1495..=1495 } in "./tmp/47/betree/PivotBranchRefinement_v.rs"
verus succeeded with time: 40782ms, keeping it commented out
commenting out line Lines { lines: 1496..=1496 } in "./tmp/47/betree/PivotBranchRefinement_v.rs"
verus succeeded with time: 41586ms, keeping it commented out
commenting out line Lines { lines: 1498..=1498 } in "./tmp/47/betree/PivotBranchRefinement_v.rs"
verus succeeded with time: 41042ms, keeping it commented out
commenting out line Lines { lines: 1501..=1501 } in "./tmp/47/betree/PivotBranchRefinement_v.rs"
verus succeeded with time: 41516ms, keeping it commented out
commenting out line Lines { lines: 1503..=1503 } in "./tmp/47/betree/PivotBranchRefinement_v.rs"
verus succeeded with time: 41387ms, keeping it commented out
commenting out line Lines { lines: 1492..=1504 } in "./tmp/47/betree/PivotBranchRefinement_v.rs"
verus succeeded with time: 41428ms, keeping it commented out
commenting out line Lines { lines: 1506..=1506 } in "./tmp/47/betree/PivotBranchRefinement_v.rs"
verus succeeded with time: 40922ms, keeping it commented out
commenting out line Lines { lines: 1533..=1533 } in "./tmp/47/betree/PivotBranchRefinement_v.rs"
verus succeeded with time: 41223ms, keeping it commented out
commenting out line Lines { lines: 1534..=1534 } in "./tmp/47/betree/PivotBranchRefinement_v.rs"
verus succeeded with time: 41063ms, keeping it commented out
commenting out line Lines { lines: 1535..=1535 } in "./tmp/47/betree/PivotBranchRefinement_v.rs"
verus succeeded with time: 41016ms, keeping it commented out
commenting out line Lines { lines: 1541..=1541 } in "./tmp/47/betree/PivotBranchRefinement_v.rs"
verus succeeded with time: 40961ms, keeping it commented out
commenting out line Lines { lines: 1542..=1542 } in "./tmp/47/betree/PivotBranchRefinement_v.rs"
verus succeeded with time: 41945ms, keeping it commented out
commenting out line Lines { lines: 1543..=1543 } in "./tmp/47/betree/PivotBranchRefinement_v.rs"
verus succeeded with time: 41213ms, keeping it commented out
commenting out line Lines { lines: 1545..=1545 } in "./tmp/47/betree/PivotBranchRefinement_v.rs"
verus failed with time: 38451ms, reverting
commenting out line Lines { lines: 1546..=1546 } in "./tmp/47/betree/PivotBranchRefinement_v.rs"
verus failed with time: 38372ms, reverting
commenting out line Lines { lines: 1547..=1547 } in "./tmp/47/betree/PivotBranchRefinement_v.rs"
verus succeeded with time: 41370ms, keeping it commented out
commenting out line Lines { lines: 1549..=1549 } in "./tmp/47/betree/PivotBranchRefinement_v.rs"
verus failed with time: 38274ms, reverting
commenting out line Lines { lines: 1550..=1550 } in "./tmp/47/betree/PivotBranchRefinement_v.rs"
verus succeeded with time: 41003ms, keeping it commented out
commenting out line Lines { lines: 1566..=1566 } in "./tmp/47/betree/PivotBranchRefinement_v.rs"
verus succeeded with time: 41326ms, keeping it commented out
commenting out line Lines { lines: 1568..=1568 } in "./tmp/47/betree/PivotBranchRefinement_v.rs"
verus succeeded with time: 41548ms, keeping it commented out
commenting out line Lines { lines: 1594..=1594 } in "./tmp/47/betree/PivotBranchRefinement_v.rs"
verus succeeded with time: 41263ms, keeping it commented out
commenting out line Lines { lines: 1595..=1595 } in "./tmp/47/betree/PivotBranchRefinement_v.rs"
verus succeeded with time: 41706ms, keeping it commented out
commenting out line Lines { lines: 1596..=1596 } in "./tmp/47/betree/PivotBranchRefinement_v.rs"
verus succeeded with time: 41165ms, keeping it commented out
commenting out line Lines { lines: 1601..=1601 } in "./tmp/47/betree/PivotBranchRefinement_v.rs"
verus succeeded with time: 41458ms, keeping it commented out
commenting out line Lines { lines: 1602..=1602 } in "./tmp/47/betree/PivotBranchRefinement_v.rs"
verus succeeded with time: 41111ms, keeping it commented out
commenting out line Lines { lines: 1603..=1603 } in "./tmp/47/betree/PivotBranchRefinement_v.rs"
verus succeeded with time: 41049ms, keeping it commented out
commenting out line Lines { lines: 1604..=1604 } in "./tmp/47/betree/PivotBranchRefinement_v.rs"
verus succeeded with time: 41488ms, keeping it commented out
commenting out line Lines { lines: 1605..=1605 } in "./tmp/47/betree/PivotBranchRefinement_v.rs"
verus failed with time: 38207ms, reverting
commenting out line Lines { lines: 1607..=1607 } in "./tmp/47/betree/PivotBranchRefinement_v.rs"
verus succeeded with time: 41523ms, keeping it commented out
commenting out line Lines { lines: 1608..=1608 } in "./tmp/47/betree/PivotBranchRefinement_v.rs"
verus succeeded with time: 41121ms, keeping it commented out
commenting out line Lines { lines: 1614..=1614 } in "./tmp/47/betree/PivotBranchRefinement_v.rs"
verus succeeded with time: 41511ms, keeping it commented out
commenting out line Lines { lines: 1615..=1615 } in "./tmp/47/betree/PivotBranchRefinement_v.rs"
verus succeeded with time: 41390ms, keeping it commented out
commenting out line Lines { lines: 1617..=1617 } in "./tmp/47/betree/PivotBranchRefinement_v.rs"
verus succeeded with time: 41655ms, keeping it commented out
commenting out line Lines { lines: 1620..=1620 } in "./tmp/47/betree/PivotBranchRefinement_v.rs"
verus succeeded with time: 40918ms, keeping it commented out
commenting out line Lines { lines: 1621..=1621 } in "./tmp/47/betree/PivotBranchRefinement_v.rs"
verus succeeded with time: 40904ms, keeping it commented out
commenting out line Lines { lines: 1623..=1623 } in "./tmp/47/betree/PivotBranchRefinement_v.rs"
verus succeeded with time: 41357ms, keeping it commented out
commenting out line Lines { lines: 1625..=1625 } in "./tmp/47/betree/PivotBranchRefinement_v.rs"
verus failed with time: 38116ms, reverting
commenting out line Lines { lines: 1626..=1626 } in "./tmp/47/betree/PivotBranchRefinement_v.rs"
verus succeeded with time: 41360ms, keeping it commented out
commenting out line Lines { lines: 1633..=1633 } in "./tmp/47/betree/PivotBranchRefinement_v.rs"
verus failed with time: 38508ms, reverting
commenting out line Lines { lines: 1641..=1641 } in "./tmp/47/betree/PivotBranchRefinement_v.rs"
verus succeeded with time: 41394ms, keeping it commented out
commenting out line Lines { lines: 1643..=1643 } in "./tmp/47/betree/PivotBranchRefinement_v.rs"
verus failed with time: 38694ms, reverting
commenting out line Lines { lines: 1644..=1644 } in "./tmp/47/betree/PivotBranchRefinement_v.rs"
verus succeeded with time: 40932ms, keeping it commented out
commenting out line Lines { lines: 1646..=1646 } in "./tmp/47/betree/PivotBranchRefinement_v.rs"
verus succeeded with time: 41705ms, keeping it commented out
commenting out line Lines { lines: 1647..=1647 } in "./tmp/47/betree/PivotBranchRefinement_v.rs"
verus succeeded with time: 41296ms, keeping it commented out
commenting out line Lines { lines: 1649..=1649 } in "./tmp/47/betree/PivotBranchRefinement_v.rs"
verus succeeded with time: 41039ms, keeping it commented out
commenting out line Lines { lines: 1632..=1651 } in "./tmp/47/betree/PivotBranchRefinement_v.rs"
verus failed with time: 37905ms, reverting
commenting out line Lines { lines: 1662..=1662 } in "./tmp/47/betree/PivotBranchRefinement_v.rs"
verus succeeded with time: 41815ms, keeping it commented out
commenting out line Lines { lines: 1664..=1664 } in "./tmp/47/betree/PivotBranchRefinement_v.rs"
verus failed with time: 38924ms, reverting
commenting out line Lines { lines: 1665..=1665 } in "./tmp/47/betree/PivotBranchRefinement_v.rs"
verus succeeded with time: 41352ms, keeping it commented out
commenting out line Lines { lines: 1667..=1667 } in "./tmp/47/betree/PivotBranchRefinement_v.rs"
verus succeeded with time: 41265ms, keeping it commented out
commenting out line Lines { lines: 1669..=1669 } in "./tmp/47/betree/PivotBranchRefinement_v.rs"
verus failed with time: 39100ms, reverting
commenting out line Lines { lines: 1668..=1670 } in "./tmp/47/betree/PivotBranchRefinement_v.rs"
verus failed with time: 38396ms, reverting
commenting out line Lines { lines: 1672..=1672 } in "./tmp/47/betree/PivotBranchRefinement_v.rs"
verus succeeded with time: 41269ms, keeping it commented out
commenting out line Lines { lines: 1676..=1676 } in "./tmp/47/betree/PivotBranchRefinement_v.rs"
verus failed with time: 38317ms, reverting
commenting out line Lines { lines: 1675..=1677 } in "./tmp/47/betree/PivotBranchRefinement_v.rs"
verus failed with time: 39004ms, reverting
commenting out line Lines { lines: 1679..=1679 } in "./tmp/47/betree/PivotBranchRefinement_v.rs"
verus succeeded with time: 41875ms, keeping it commented out
commenting out line Lines { lines: 1683..=1683 } in "./tmp/47/betree/PivotBranchRefinement_v.rs"
verus failed with time: 38338ms, reverting
commenting out line Lines { lines: 1681..=1684 } in "./tmp/47/betree/PivotBranchRefinement_v.rs"
verus failed with time: 38381ms, reverting
commenting out line Lines { lines: 1688..=1688 } in "./tmp/47/betree/PivotBranchRefinement_v.rs"
verus failed with time: 38268ms, reverting
commenting out line Lines { lines: 1686..=1689 } in "./tmp/47/betree/PivotBranchRefinement_v.rs"
verus failed with time: 38483ms, reverting
commenting out line Lines { lines: 1700..=1700 } in "./tmp/47/betree/PivotBranchRefinement_v.rs"
verus succeeded with time: 41327ms, keeping it commented out
commenting out line Lines { lines: 1707..=1707 } in "./tmp/47/betree/PivotBranchRefinement_v.rs"
verus succeeded with time: 41118ms, keeping it commented out
commenting out line Lines { lines: 1708..=1708 } in "./tmp/47/betree/PivotBranchRefinement_v.rs"
verus succeeded with time: 41742ms, keeping it commented out
commenting out line Lines { lines: 1711..=1711 } in "./tmp/47/betree/PivotBranchRefinement_v.rs"
verus succeeded with time: 41095ms, keeping it commented out
commenting out line Lines { lines: 1713..=1713 } in "./tmp/47/betree/PivotBranchRefinement_v.rs"
verus succeeded with time: 41548ms, keeping it commented out
commenting out line Lines { lines: 1714..=1714 } in "./tmp/47/betree/PivotBranchRefinement_v.rs"
verus succeeded with time: 41338ms, keeping it commented out
commenting out line Lines { lines: 1715..=1715 } in "./tmp/47/betree/PivotBranchRefinement_v.rs"
verus succeeded with time: 41564ms, keeping it commented out
commenting out line Lines { lines: 1717..=1717 } in "./tmp/47/betree/PivotBranchRefinement_v.rs"
verus succeeded with time: 41128ms, keeping it commented out
commenting out line Lines { lines: 1718..=1718 } in "./tmp/47/betree/PivotBranchRefinement_v.rs"
verus failed with time: 38088ms, reverting
commenting out line Lines { lines: 1726..=1726 } in "./tmp/47/betree/PivotBranchRefinement_v.rs"
verus succeeded with time: 41382ms, keeping it commented out
commenting out line Lines { lines: 1727..=1727 } in "./tmp/47/betree/PivotBranchRefinement_v.rs"
verus succeeded with time: 41792ms, keeping it commented out
commenting out line Lines { lines: 1728..=1728 } in "./tmp/47/betree/PivotBranchRefinement_v.rs"
verus succeeded with time: 41024ms, keeping it commented out
commenting out line Lines { lines: 1729..=1729 } in "./tmp/47/betree/PivotBranchRefinement_v.rs"
verus succeeded with time: 41416ms, keeping it commented out
commenting out line Lines { lines: 1730..=1730 } in "./tmp/47/betree/PivotBranchRefinement_v.rs"
verus succeeded with time: 41506ms, keeping it commented out
commenting out line Lines { lines: 1732..=1732 } in "./tmp/47/betree/PivotBranchRefinement_v.rs"
verus succeeded with time: 41275ms, keeping it commented out
commenting out line Lines { lines: 1739..=1739 } in "./tmp/47/betree/PivotBranchRefinement_v.rs"
verus succeeded with time: 41709ms, keeping it commented out
commenting out line Lines { lines: 1740..=1740 } in "./tmp/47/betree/PivotBranchRefinement_v.rs"
verus succeeded with time: 41473ms, keeping it commented out
commenting out line Lines { lines: 1745..=1745 } in "./tmp/47/betree/PivotBranchRefinement_v.rs"
verus succeeded with time: 41196ms, keeping it commented out
commenting out line Lines { lines: 1746..=1746 } in "./tmp/47/betree/PivotBranchRefinement_v.rs"
verus succeeded with time: 41391ms, keeping it commented out
commenting out line Lines { lines: 1743..=1748 } in "./tmp/47/betree/PivotBranchRefinement_v.rs"
verus succeeded with time: 41455ms, keeping it commented out
commenting out line Lines { lines: 1737..=1751 } in "./tmp/47/betree/PivotBranchRefinement_v.rs"
verus failed with time: 38316ms, reverting
commenting out line Lines { lines: 1757..=1757 } in "./tmp/47/betree/PivotBranchRefinement_v.rs"
verus succeeded with time: 40968ms, keeping it commented out
commenting out line Lines { lines: 1758..=1758 } in "./tmp/47/betree/PivotBranchRefinement_v.rs"
verus succeeded with time: 41154ms, keeping it commented out
commenting out line Lines { lines: 1755..=1760 } in "./tmp/47/betree/PivotBranchRefinement_v.rs"
verus succeeded with time: 41986ms, keeping it commented out
commenting out line Lines { lines: 1763..=1763 } in "./tmp/47/betree/PivotBranchRefinement_v.rs"
verus succeeded with time: 41235ms, keeping it commented out
commenting out line Lines { lines: 1764..=1764 } in "./tmp/47/betree/PivotBranchRefinement_v.rs"
verus succeeded with time: 41203ms, keeping it commented out
commenting out line Lines { lines: 1753..=1767 } in "./tmp/47/betree/PivotBranchRefinement_v.rs"
verus failed with time: 38019ms, reverting
commenting out line Lines { lines: 1772..=1772 } in "./tmp/47/betree/PivotBranchRefinement_v.rs"
verus succeeded with time: 41592ms, keeping it commented out
commenting out line Lines { lines: 1773..=1773 } in "./tmp/47/betree/PivotBranchRefinement_v.rs"
verus succeeded with time: 40915ms, keeping it commented out
commenting out line Lines { lines: 1775..=1775 } in "./tmp/47/betree/PivotBranchRefinement_v.rs"
verus succeeded with time: 41529ms, keeping it commented out
commenting out line Lines { lines: 1776..=1776 } in "./tmp/47/betree/PivotBranchRefinement_v.rs"
verus succeeded with time: 41079ms, keeping it commented out
commenting out line Lines { lines: 1779..=1779 } in "./tmp/47/betree/PivotBranchRefinement_v.rs"
verus succeeded with time: 40877ms, keeping it commented out
commenting out line Lines { lines: 1780..=1780 } in "./tmp/47/betree/PivotBranchRefinement_v.rs"
verus succeeded with time: 41149ms, keeping it commented out
commenting out line Lines { lines: 1781..=1781 } in "./tmp/47/betree/PivotBranchRefinement_v.rs"
verus succeeded with time: 41505ms, keeping it commented out
commenting out line Lines { lines: 1783..=1783 } in "./tmp/47/betree/PivotBranchRefinement_v.rs"
verus succeeded with time: 40827ms, keeping it commented out
commenting out line Lines { lines: 1784..=1784 } in "./tmp/47/betree/PivotBranchRefinement_v.rs"
verus succeeded with time: 41219ms, keeping it commented out
commenting out line Lines { lines: 1785..=1785 } in "./tmp/47/betree/PivotBranchRefinement_v.rs"
verus succeeded with time: 40924ms, keeping it commented out
commenting out line Lines { lines: 1723..=1787 } in "./tmp/47/betree/PivotBranchRefinement_v.rs"
verus failed with time: 38505ms, reverting
commenting out line Lines { lines: 1793..=1793 } in "./tmp/47/betree/PivotBranchRefinement_v.rs"
verus succeeded with time: 41500ms, keeping it commented out
commenting out line Lines { lines: 1795..=1795 } in "./tmp/47/betree/PivotBranchRefinement_v.rs"
verus succeeded with time: 40629ms, keeping it commented out
commenting out line Lines { lines: 1797..=1797 } in "./tmp/47/betree/PivotBranchRefinement_v.rs"
verus succeeded with time: 41053ms, keeping it commented out
commenting out line Lines { lines: 1804..=1804 } in "./tmp/47/betree/PivotBranchRefinement_v.rs"
verus succeeded with time: 41300ms, keeping it commented out
commenting out line Lines { lines: 1805..=1805 } in "./tmp/47/betree/PivotBranchRefinement_v.rs"
verus failed with time: 38628ms, reverting
commenting out line Lines { lines: 1808..=1808 } in "./tmp/47/betree/PivotBranchRefinement_v.rs"
verus succeeded with time: 40983ms, keeping it commented out
commenting out line Lines { lines: 1811..=1811 } in "./tmp/47/betree/PivotBranchRefinement_v.rs"
verus succeeded with time: 41870ms, keeping it commented out
commenting out line Lines { lines: 1813..=1813 } in "./tmp/47/betree/PivotBranchRefinement_v.rs"
verus succeeded with time: 41042ms, keeping it commented out
commenting out line Lines { lines: 1814..=1814 } in "./tmp/47/betree/PivotBranchRefinement_v.rs"
verus succeeded with time: 41225ms, keeping it commented out
commenting out line Lines { lines: 1809..=1816 } in "./tmp/47/betree/PivotBranchRefinement_v.rs"
verus failed with time: 37867ms, reverting
commenting out line Lines { lines: 1802..=1819 } in "./tmp/47/betree/PivotBranchRefinement_v.rs"
verus failed with time: 37940ms, reverting
commenting out line Lines { lines: 1825..=1825 } in "./tmp/47/betree/PivotBranchRefinement_v.rs"
verus succeeded with time: 41245ms, keeping it commented out
commenting out line Lines { lines: 1826..=1826 } in "./tmp/47/betree/PivotBranchRefinement_v.rs"
verus failed with time: 38696ms, reverting
commenting out line Lines { lines: 1828..=1828 } in "./tmp/47/betree/PivotBranchRefinement_v.rs"
verus succeeded with time: 41248ms, keeping it commented out
commenting out line Lines { lines: 1829..=1829 } in "./tmp/47/betree/PivotBranchRefinement_v.rs"
verus succeeded with time: 40998ms, keeping it commented out
commenting out line Lines { lines: 1823..=1831 } in "./tmp/47/betree/PivotBranchRefinement_v.rs"
verus failed with time: 38439ms, reverting
commenting out line Lines { lines: 1834..=1834 } in "./tmp/47/betree/PivotBranchRefinement_v.rs"
verus failed with time: 37922ms, reverting
commenting out line Lines { lines: 1835..=1835 } in "./tmp/47/betree/PivotBranchRefinement_v.rs"
verus failed with time: 38442ms, reverting
commenting out line Lines { lines: 1821..=1838 } in "./tmp/47/betree/PivotBranchRefinement_v.rs"
verus failed with time: 38535ms, reverting
commenting out line Lines { lines: 1843..=1843 } in "./tmp/47/betree/PivotBranchRefinement_v.rs"
verus failed with time: 38143ms, reverting
commenting out line Lines { lines: 1844..=1844 } in "./tmp/47/betree/PivotBranchRefinement_v.rs"
verus failed with time: 38478ms, reverting
commenting out line Lines { lines: 1842..=1845 } in "./tmp/47/betree/PivotBranchRefinement_v.rs"
verus failed with time: 37901ms, reverting
commenting out line Lines { lines: 1846..=1846 } in "./tmp/47/betree/PivotBranchRefinement_v.rs"
verus failed with time: 38209ms, reverting
commenting out line Lines { lines: 1847..=1847 } in "./tmp/47/betree/PivotBranchRefinement_v.rs"
verus failed with time: 38264ms, reverting
commenting out line Lines { lines: 1850..=1850 } in "./tmp/47/betree/PivotBranchRefinement_v.rs"
verus failed with time: 38368ms, reverting
commenting out line Lines { lines: 1851..=1851 } in "./tmp/47/betree/PivotBranchRefinement_v.rs"
verus succeeded with time: 41013ms, keeping it commented out
commenting out line Lines { lines: 1849..=1852 } in "./tmp/47/betree/PivotBranchRefinement_v.rs"
verus succeeded with time: 41307ms, keeping it commented out
commenting out line Lines { lines: 1853..=1853 } in "./tmp/47/betree/PivotBranchRefinement_v.rs"
verus succeeded with time: 41526ms, keeping it commented out
commenting out line Lines { lines: 1854..=1854 } in "./tmp/47/betree/PivotBranchRefinement_v.rs"
verus failed with time: 37832ms, reverting
commenting out line Lines { lines: 1856..=1856 } in "./tmp/47/betree/PivotBranchRefinement_v.rs"
verus failed with time: 37911ms, reverting
commenting out line Lines { lines: 1857..=1857 } in "./tmp/47/betree/PivotBranchRefinement_v.rs"
verus failed with time: 38417ms, reverting
commenting out line Lines { lines: 1858..=1858 } in "./tmp/47/betree/PivotBranchRefinement_v.rs"
verus failed with time: 38581ms, reverting
commenting out line Lines { lines: 1860..=1860 } in "./tmp/47/betree/PivotBranchRefinement_v.rs"
verus failed with time: 38133ms, reverting
commenting out line Lines { lines: 1861..=1861 } in "./tmp/47/betree/PivotBranchRefinement_v.rs"
verus failed with time: 38453ms, reverting
commenting out line Lines { lines: 1862..=1862 } in "./tmp/47/betree/PivotBranchRefinement_v.rs"
verus failed with time: 38259ms, reverting
commenting out line Lines { lines: 1864..=1864 } in "./tmp/47/betree/PivotBranchRefinement_v.rs"
verus failed with time: 38463ms, reverting
commenting out line Lines { lines: 1789..=1865 } in "./tmp/47/betree/PivotBranchRefinement_v.rs"
verus failed with time: 38141ms, reverting
commenting out line Lines { lines: 1868..=1868 } in "./tmp/47/betree/PivotBranchRefinement_v.rs"
verus failed with time: 38463ms, reverting
commenting out line Lines { lines: 1871..=1871 } in "./tmp/47/betree/PivotBranchRefinement_v.rs"
verus failed with time: 38532ms, reverting
commenting out line Lines { lines: 1888..=1888 } in "./tmp/47/betree/PivotBranchRefinement_v.rs"
verus succeeded with time: 41449ms, keeping it commented out
commenting out line Lines { lines: 1895..=1895 } in "./tmp/47/betree/PivotBranchRefinement_v.rs"
verus succeeded with time: 41380ms, keeping it commented out
commenting out line Lines { lines: 1896..=1896 } in "./tmp/47/betree/PivotBranchRefinement_v.rs"
verus succeeded with time: 41165ms, keeping it commented out
commenting out line Lines { lines: 1899..=1899 } in "./tmp/47/betree/PivotBranchRefinement_v.rs"
verus succeeded with time: 41567ms, keeping it commented out
commenting out line Lines { lines: 1904..=1904 } in "./tmp/47/betree/PivotBranchRefinement_v.rs"
verus succeeded with time: 41510ms, keeping it commented out
commenting out line Lines { lines: 1906..=1906 } in "./tmp/47/betree/PivotBranchRefinement_v.rs"
verus succeeded with time: 41255ms, keeping it commented out
minimization of ./tmp/47/betree/PivotBranchRefinement_v.rs is completed
