    Finished `release` profile [optimized] target(s) in 0.90s
     Running `/local/abai/verus/source/target/release/minimize -d ./tmp /local/abai/verified-betrfs/Splinter/src/lib.d`
original verification time: 32792ms
minimization of ./tmp/0/lib.rs is completed
minimization of ./tmp/1/abstract_system.rs is completed
minimization of ./tmp/2/abstract_system/AbstractCrashAwareJournal_v.rs is completed
minimization of ./tmp/3/abstract_system/AbstractCrashAwareMap_v.rs is completed
minimization of ./tmp/5/abstract_system/AbstractCrashAwareSystem_v.rs is completed
minimization of ./tmp/6/abstract_system/AbstractJournal_v.rs is completed
minimization of ./tmp/7/abstract_system/AbstractMap_v.rs is completed
minimization of ./tmp/9/abstract_system/StampedMap_v.rs is completed
minimization of ./tmp/10/allocation_layer.rs is completed
minimization of ./tmp/15/allocation_layer/AllocationBetree_v.rs is completed
commenting out line Lines { lines: 158..=158 } in "./tmp/11/allocation_layer/AllocationCrashAwareJournalRefinement_v.rs"
verus failed with time: 60855ms, reverting
commenting out line Lines { lines: 272..=280 } in "./tmp/12/allocation_layer/AllocationCrashAwareJournal_v.rs"
verus failed with time: 61346ms, reverting
minimization of ./tmp/12/allocation_layer/AllocationCrashAwareJournal_v.rs is completed
commenting out line Lines { lines: 102..=102 } in "./tmp/13/allocation_layer/AllocationJournalRefinement_v.rs"
verus failed with time: 62270ms, reverting
commenting out line Lines { lines: 267..=267 } in "./tmp/14/allocation_layer/AllocationJournal_v.rs"
verus failed with time: 62319ms, reverting
commenting out line Lines { lines: 178..=178 } in "./tmp/4/abstract_system/AbstractCrashAwareSystemRefinement_v.rs"
verus failed with time: 62446ms, reverting
commenting out line Lines { lines: 134..=148 } in "./tmp/8/abstract_system/MsgHistory_v.rs"
verus succeeded with time: 65538ms, keeping it commented out
commenting out line Lines { lines: 50..=50 } in "./tmp/16/allocation_layer/AllocationBetreeRefinement_v.rs"
verus succeeded with time: 65597ms, keeping it commented out
commenting out line Lines { lines: 167..=179 } in "./tmp/4/abstract_system/AbstractCrashAwareSystemRefinement_v.rs"
verus failed with time: 60382ms, reverting
commenting out line Lines { lines: 264..=268 } in "./tmp/14/allocation_layer/AllocationJournal_v.rs"
verus failed with time: 61443ms, reverting
commenting out line Lines { lines: 240..=240 } in "./tmp/11/allocation_layer/AllocationCrashAwareJournalRefinement_v.rs"
verus succeeded with time: 64811ms, keeping it commented out
commenting out line Lines { lines: 243..=243 } in "./tmp/17/allocation_layer/AllocationBranch_v.rs"
verus succeeded with time: 64604ms, keeping it commented out
commenting out line Lines { lines: 104..=104 } in "./tmp/13/allocation_layer/AllocationJournalRefinement_v.rs"
verus succeeded with time: 65100ms, keeping it commented out
commenting out line Lines { lines: 283..=283 } in "./tmp/8/abstract_system/MsgHistory_v.rs"
verus succeeded with time: 65383ms, keeping it commented out
commenting out line Lines { lines: 57..=57 } in "./tmp/16/allocation_layer/AllocationBetreeRefinement_v.rs"
verus succeeded with time: 65974ms, keeping it commented out
commenting out line Lines { lines: 244..=244 } in "./tmp/17/allocation_layer/AllocationBranch_v.rs"
verus failed with time: 59928ms, reverting
commenting out line Lines { lines: 488..=488 } in "./tmp/4/abstract_system/AbstractCrashAwareSystemRefinement_v.rs"
verus succeeded with time: 63638ms, keeping it commented out
commenting out line Lines { lines: 269..=269 } in "./tmp/14/allocation_layer/AllocationJournal_v.rs"
verus succeeded with time: 64044ms, keeping it commented out
commenting out line Lines { lines: 241..=241 } in "./tmp/11/allocation_layer/AllocationCrashAwareJournalRefinement_v.rs"
verus succeeded with time: 63855ms, keeping it commented out
commenting out line Lines { lines: 108..=108 } in "./tmp/13/allocation_layer/AllocationJournalRefinement_v.rs"
verus succeeded with time: 63917ms, keeping it commented out
commenting out line Lines { lines: 296..=296 } in "./tmp/8/abstract_system/MsgHistory_v.rs"
verus succeeded with time: 63591ms, keeping it commented out
commenting out line Lines { lines: 58..=58 } in "./tmp/16/allocation_layer/AllocationBetreeRefinement_v.rs"
verus succeeded with time: 64198ms, keeping it commented out
commenting out line Lines { lines: 358..=358 } in "./tmp/14/allocation_layer/AllocationJournal_v.rs"
verus failed with time: 59425ms, reverting
commenting out line Lines { lines: 537..=537 } in "./tmp/4/abstract_system/AbstractCrashAwareSystemRefinement_v.rs"
verus succeeded with time: 63941ms, keeping it commented out
commenting out line Lines { lines: 245..=245 } in "./tmp/17/allocation_layer/AllocationBranch_v.rs"
verus succeeded with time: 64425ms, keeping it commented out
commenting out line Lines { lines: 246..=246 } in "./tmp/11/allocation_layer/AllocationCrashAwareJournalRefinement_v.rs"
verus succeeded with time: 63380ms, keeping it commented out
commenting out line Lines { lines: 130..=130 } in "./tmp/13/allocation_layer/AllocationJournalRefinement_v.rs"
verus succeeded with time: 63486ms, keeping it commented out
commenting out line Lines { lines: 370..=370 } in "./tmp/8/abstract_system/MsgHistory_v.rs"
verus succeeded with time: 62538ms, keeping it commented out
commenting out line Lines { lines: 62..=62 } in "./tmp/16/allocation_layer/AllocationBetreeRefinement_v.rs"
verus succeeded with time: 63171ms, keeping it commented out
commenting out line Lines { lines: 359..=359 } in "./tmp/14/allocation_layer/AllocationJournal_v.rs"
verus succeeded with time: 62677ms, keeping it commented out
commenting out line Lines { lines: 538..=538 } in "./tmp/4/abstract_system/AbstractCrashAwareSystemRefinement_v.rs"
verus succeeded with time: 61563ms, keeping it commented out
commenting out line Lines { lines: 246..=246 } in "./tmp/17/allocation_layer/AllocationBranch_v.rs"
verus succeeded with time: 64502ms, keeping it commented out
commenting out line Lines { lines: 133..=133 } in "./tmp/13/allocation_layer/AllocationJournalRefinement_v.rs"
verus succeeded with time: 61660ms, keeping it commented out
commenting out line Lines { lines: 247..=247 } in "./tmp/11/allocation_layer/AllocationCrashAwareJournalRefinement_v.rs"
verus succeeded with time: 64064ms, keeping it commented out
commenting out line Lines { lines: 355..=371 } in "./tmp/8/abstract_system/MsgHistory_v.rs"
verus failed with time: 60691ms, reverting
minimization of ./tmp/8/abstract_system/MsgHistory_v.rs is completed
commenting out line Lines { lines: 66..=66 } in "./tmp/16/allocation_layer/AllocationBetreeRefinement_v.rs"
verus succeeded with time: 63597ms, keeping it commented out
commenting out line Lines { lines: 356..=361 } in "./tmp/14/allocation_layer/AllocationJournal_v.rs"
verus failed with time: 57997ms, reverting
commenting out line Lines { lines: 540..=542 } in "./tmp/4/abstract_system/AbstractCrashAwareSystemRefinement_v.rs"
verus succeeded with time: 63955ms, keeping it commented out
commenting out line Lines { lines: 129..=136 } in "./tmp/18/allocation_layer/AllocationBranchBetree_v.rs"
verus failed with time: 60834ms, reverting
commenting out line Lines { lines: 257..=257 } in "./tmp/17/allocation_layer/AllocationBranch_v.rs"
verus succeeded with time: 64514ms, keeping it commented out
commenting out line Lines { lines: 134..=134 } in "./tmp/13/allocation_layer/AllocationJournalRefinement_v.rs"
verus succeeded with time: 64131ms, keeping it commented out
commenting out line Lines { lines: 269..=269 } in "./tmp/11/allocation_layer/AllocationCrashAwareJournalRefinement_v.rs"
verus succeeded with time: 64460ms, keeping it commented out
commenting out line Lines { lines: 90..=90 } in "./tmp/16/allocation_layer/AllocationBetreeRefinement_v.rs"
verus succeeded with time: 65362ms, keeping it commented out
commenting out line Lines { lines: 380..=383 } in "./tmp/14/allocation_layer/AllocationJournal_v.rs"
verus failed with time: 54587ms, reverting
commenting out line Lines { lines: 564..=564 } in "./tmp/4/abstract_system/AbstractCrashAwareSystemRefinement_v.rs"
verus succeeded with time: 62959ms, keeping it commented out
commenting out line Lines { lines: 311..=312 } in "./tmp/11/allocation_layer/AllocationCrashAwareJournalRefinement_v.rs"
verus failed with time: 59173ms, reverting
commenting out line Lines { lines: 258..=258 } in "./tmp/17/allocation_layer/AllocationBranch_v.rs"
verus failed with time: 61717ms, reverting
commenting out line Lines { lines: 513..=513 } in "./tmp/18/allocation_layer/AllocationBranchBetree_v.rs"
verus succeeded with time: 62119ms, keeping it commented out
commenting out line Lines { lines: 137..=137 } in "./tmp/13/allocation_layer/AllocationJournalRefinement_v.rs"
verus succeeded with time: 63927ms, keeping it commented out
commenting out line Lines { lines: 96..=96 } in "./tmp/16/allocation_layer/AllocationBetreeRefinement_v.rs"
verus succeeded with time: 63078ms, keeping it commented out
commenting out line Lines { lines: 385..=385 } in "./tmp/14/allocation_layer/AllocationJournal_v.rs"
verus failed with time: 57509ms, reverting
commenting out line Lines { lines: 615..=622 } in "./tmp/4/abstract_system/AbstractCrashAwareSystemRefinement_v.rs"
verus failed with time: 59049ms, reverting
commenting out line Lines { lines: 321..=322 } in "./tmp/11/allocation_layer/AllocationCrashAwareJournalRefinement_v.rs"
verus failed with time: 58261ms, reverting
commenting out line Lines { lines: 271..=271 } in "./tmp/17/allocation_layer/AllocationBranch_v.rs"
verus failed with time: 59722ms, reverting
commenting out line Lines { lines: 514..=514 } in "./tmp/18/allocation_layer/AllocationBranchBetree_v.rs"
verus succeeded with time: 60875ms, keeping it commented out
commenting out line Lines { lines: 140..=140 } in "./tmp/13/allocation_layer/AllocationJournalRefinement_v.rs"
verus succeeded with time: 64550ms, keeping it commented out
commenting out line Lines { lines: 257..=257 } in "./tmp/16/allocation_layer/AllocationBetreeRefinement_v.rs"
verus succeeded with time: 64534ms, keeping it commented out
commenting out line Lines { lines: 420..=420 } in "./tmp/14/allocation_layer/AllocationJournal_v.rs"
verus failed with time: 55570ms, reverting
commenting out line Lines { lines: 625..=625 } in "./tmp/4/abstract_system/AbstractCrashAwareSystemRefinement_v.rs"
verus succeeded with time: 62924ms, keeping it commented out
commenting out line Lines { lines: 325..=325 } in "./tmp/11/allocation_layer/AllocationCrashAwareJournalRefinement_v.rs"
verus succeeded with time: 63321ms, keeping it commented out
minimization of ./tmp/11/allocation_layer/AllocationCrashAwareJournalRefinement_v.rs is completed
commenting out line Lines { lines: 275..=276 } in "./tmp/17/allocation_layer/AllocationBranch_v.rs"
verus succeeded with time: 62367ms, keeping it commented out
commenting out line Lines { lines: 515..=515 } in "./tmp/18/allocation_layer/AllocationBranchBetree_v.rs"
verus succeeded with time: 62340ms, keeping it commented out
commenting out line Lines { lines: 141..=141 } in "./tmp/13/allocation_layer/AllocationJournalRefinement_v.rs"
verus succeeded with time: 63546ms, keeping it commented out
commenting out line Lines { lines: 300..=300 } in "./tmp/16/allocation_layer/AllocationBetreeRefinement_v.rs"
verus succeeded with time: 61769ms, keeping it commented out
commenting out line Lines { lines: 440..=440 } in "./tmp/14/allocation_layer/AllocationJournal_v.rs"
verus failed with time: 55439ms, reverting
commenting out line Lines { lines: 70..=70 } in "./tmp/19/allocation_layer/AllocationBranchBetreeRefinement_v.rs"
verus failed with time: 58548ms, reverting
commenting out line Lines { lines: 277..=277 } in "./tmp/17/allocation_layer/AllocationBranch_v.rs"
verus failed with time: 58562ms, reverting
commenting out line Lines { lines: 518..=518 } in "./tmp/18/allocation_layer/AllocationBranchBetree_v.rs"
verus failed with time: 57953ms, reverting
commenting out line Lines { lines: 631..=631 } in "./tmp/4/abstract_system/AbstractCrashAwareSystemRefinement_v.rs"
verus succeeded with time: 64157ms, keeping it commented out
commenting out line Lines { lines: 142..=142 } in "./tmp/13/allocation_layer/AllocationJournalRefinement_v.rs"
verus succeeded with time: 61339ms, keeping it commented out
commenting out line Lines { lines: 327..=327 } in "./tmp/16/allocation_layer/AllocationBetreeRefinement_v.rs"
verus succeeded with time: 62671ms, keeping it commented out
commenting out line Lines { lines: 441..=441 } in "./tmp/14/allocation_layer/AllocationJournal_v.rs"
verus succeeded with time: 62876ms, keeping it commented out
commenting out line Lines { lines: 100..=100 } in "./tmp/19/allocation_layer/AllocationBranchBetreeRefinement_v.rs"
verus failed with time: 56459ms, reverting
commenting out line Lines { lines: 282..=282 } in "./tmp/17/allocation_layer/AllocationBranch_v.rs"
verus failed with time: 56820ms, reverting
commenting out line Lines { lines: 662..=670 } in "./tmp/4/abstract_system/AbstractCrashAwareSystemRefinement_v.rs"
verus failed with time: 56402ms, reverting
commenting out line Lines { lines: 522..=522 } in "./tmp/18/allocation_layer/AllocationBranchBetree_v.rs"
verus succeeded with time: 60932ms, keeping it commented out
commenting out line Lines { lines: 144..=144 } in "./tmp/13/allocation_layer/AllocationJournalRefinement_v.rs"
verus succeeded with time: 62106ms, keeping it commented out
commenting out line Lines { lines: 358..=358 } in "./tmp/16/allocation_layer/AllocationBetreeRefinement_v.rs"
verus succeeded with time: 63394ms, keeping it commented out
commenting out line Lines { lines: 513..=513 } in "./tmp/14/allocation_layer/AllocationJournal_v.rs"
verus failed with time: 57060ms, reverting
commenting out line Lines { lines: 136..=136 } in "./tmp/19/allocation_layer/AllocationBranchBetreeRefinement_v.rs"
verus failed with time: 55780ms, reverting
commenting out line Lines { lines: 283..=283 } in "./tmp/17/allocation_layer/AllocationBranch_v.rs"
verus failed with time: 56925ms, reverting
commenting out line Lines { lines: 685..=685 } in "./tmp/4/abstract_system/AbstractCrashAwareSystemRefinement_v.rs"
verus succeeded with time: 60643ms, keeping it commented out
commenting out line Lines { lines: 524..=524 } in "./tmp/18/allocation_layer/AllocationBranchBetree_v.rs"
verus succeeded with time: 59817ms, keeping it commented out
commenting out line Lines { lines: 124..=146 } in "./tmp/13/allocation_layer/AllocationJournalRefinement_v.rs"
verus failed with time: 57242ms, reverting
commenting out line Lines { lines: 403..=403 } in "./tmp/16/allocation_layer/AllocationBetreeRefinement_v.rs"
verus succeeded with time: 60888ms, keeping it commented out
commenting out line Lines { lines: 514..=514 } in "./tmp/14/allocation_layer/AllocationJournal_v.rs"
verus succeeded with time: 63491ms, keeping it commented out
commenting out line Lines { lines: 171..=171 } in "./tmp/19/allocation_layer/AllocationBranchBetreeRefinement_v.rs"
verus failed with time: 55930ms, reverting
commenting out line Lines { lines: 284..=284 } in "./tmp/17/allocation_layer/AllocationBranch_v.rs"
verus succeeded with time: 62330ms, keeping it commented out
commenting out line Lines { lines: 689..=694 } in "./tmp/4/abstract_system/AbstractCrashAwareSystemRefinement_v.rs"
verus failed with time: 57751ms, reverting
commenting out line Lines { lines: 525..=525 } in "./tmp/18/allocation_layer/AllocationBranchBetree_v.rs"
verus succeeded with time: 60022ms, keeping it commented out
commenting out line Lines { lines: 149..=149 } in "./tmp/13/allocation_layer/AllocationJournalRefinement_v.rs"
verus succeeded with time: 60487ms, keeping it commented out
commenting out line Lines { lines: 404..=404 } in "./tmp/16/allocation_layer/AllocationBetreeRefinement_v.rs"
verus failed with time: 57743ms, reverting
commenting out line Lines { lines: 536..=536 } in "./tmp/14/allocation_layer/AllocationJournal_v.rs"
verus succeeded with time: 61498ms, keeping it commented out
commenting out line Lines { lines: 234..=234 } in "./tmp/19/allocation_layer/AllocationBranchBetreeRefinement_v.rs"
verus succeeded with time: 59774ms, keeping it commented out
commenting out line Lines { lines: 303..=303 } in "./tmp/17/allocation_layer/AllocationBranch_v.rs"
verus failed with time: 55398ms, reverting
commenting out line Lines { lines: 698..=698 } in "./tmp/4/abstract_system/AbstractCrashAwareSystemRefinement_v.rs"
verus succeeded with time: 59582ms, keeping it commented out
commenting out line Lines { lines: 526..=526 } in "./tmp/18/allocation_layer/AllocationBranchBetree_v.rs"
verus succeeded with time: 58665ms, keeping it commented out
commenting out line Lines { lines: 157..=157 } in "./tmp/13/allocation_layer/AllocationJournalRefinement_v.rs"
verus succeeded with time: 60182ms, keeping it commented out
commenting out line Lines { lines: 407..=407 } in "./tmp/16/allocation_layer/AllocationBetreeRefinement_v.rs"
verus failed with time: 52814ms, reverting
commenting out line Lines { lines: 409..=409 } in "./tmp/16/allocation_layer/AllocationBetreeRefinement_v.rs"
verus failed with time: 9442ms, reverting
minimization of ./tmp/16/allocation_layer/AllocationBetreeRefinement_v.rs is completed
commenting out line Lines { lines: 608..=608 } in "./tmp/14/allocation_layer/AllocationJournal_v.rs"
verus succeeded with time: 61310ms, keeping it commented out
commenting out line Lines { lines: 304..=304 } in "./tmp/17/allocation_layer/AllocationBranch_v.rs"
verus failed with time: 55775ms, reverting
commenting out line Lines { lines: 235..=235 } in "./tmp/19/allocation_layer/AllocationBranchBetreeRefinement_v.rs"
verus succeeded with time: 61963ms, keeping it commented out
commenting out line Lines { lines: 528..=528 } in "./tmp/18/allocation_layer/AllocationBranchBetree_v.rs"
verus failed with time: 53880ms, reverting
commenting out line Lines { lines: 705..=710 } in "./tmp/4/abstract_system/AbstractCrashAwareSystemRefinement_v.rs"
verus failed with time: 57373ms, reverting
commenting out line Lines { lines: 173..=173 } in "./tmp/13/allocation_layer/AllocationJournalRefinement_v.rs"
verus succeeded with time: 62951ms, keeping it commented out
commenting out line Lines { lines: 50..=50 } in "./tmp/20/allocation_layer/Likes_v.rs"
verus failed with time: 56121ms, reverting
commenting out line Lines { lines: 610..=610 } in "./tmp/14/allocation_layer/AllocationJournal_v.rs"
verus failed with time: 54120ms, reverting
commenting out line Lines { lines: 309..=309 } in "./tmp/17/allocation_layer/AllocationBranch_v.rs"
verus failed with time: 57501ms, reverting
commenting out line Lines { lines: 236..=236 } in "./tmp/19/allocation_layer/AllocationBranchBetreeRefinement_v.rs"
verus failed with time: 56063ms, reverting
commenting out line Lines { lines: 529..=529 } in "./tmp/18/allocation_layer/AllocationBranchBetree_v.rs"
verus succeeded with time: 61990ms, keeping it commented out
commenting out line Lines { lines: 712..=712 } in "./tmp/4/abstract_system/AbstractCrashAwareSystemRefinement_v.rs"
verus succeeded with time: 62182ms, keeping it commented out
commenting out line Lines { lines: 176..=176 } in "./tmp/13/allocation_layer/AllocationJournalRefinement_v.rs"
verus succeeded with time: 61592ms, keeping it commented out
commenting out line Lines { lines: 51..=51 } in "./tmp/20/allocation_layer/Likes_v.rs"
verus succeeded with time: 58170ms, keeping it commented out
commenting out line Lines { lines: 597..=613 } in "./tmp/14/allocation_layer/AllocationJournal_v.rs"
verus failed with time: 56059ms, reverting
commenting out line Lines { lines: 310..=310 } in "./tmp/17/allocation_layer/AllocationBranch_v.rs"
verus succeeded with time: 60135ms, keeping it commented out
commenting out line Lines { lines: 239..=239 } in "./tmp/19/allocation_layer/AllocationBranchBetreeRefinement_v.rs"
verus succeeded with time: 60811ms, keeping it commented out
commenting out line Lines { lines: 794..=801 } in "./tmp/4/abstract_system/AbstractCrashAwareSystemRefinement_v.rs"
verus failed with time: 56688ms, reverting
commenting out line Lines { lines: 536..=536 } in "./tmp/18/allocation_layer/AllocationBranchBetree_v.rs"
verus succeeded with time: 59612ms, keeping it commented out
commenting out line Lines { lines: 182..=182 } in "./tmp/13/allocation_layer/AllocationJournalRefinement_v.rs"
verus failed with time: 53701ms, reverting
commenting out line Lines { lines: 52..=52 } in "./tmp/20/allocation_layer/Likes_v.rs"
verus succeeded with time: 60800ms, keeping it commented out
commenting out line Lines { lines: 647..=647 } in "./tmp/14/allocation_layer/AllocationJournal_v.rs"
verus failed with time: 59241ms, reverting
commenting out line Lines { lines: 242..=242 } in "./tmp/19/allocation_layer/AllocationBranchBetreeRefinement_v.rs"
verus failed with time: 56186ms, reverting
commenting out line Lines { lines: 312..=312 } in "./tmp/17/allocation_layer/AllocationBranch_v.rs"
verus succeeded with time: 59063ms, keeping it commented out
commenting out line Lines { lines: 811..=811 } in "./tmp/4/abstract_system/AbstractCrashAwareSystemRefinement_v.rs"
verus succeeded with time: 61020ms, keeping it commented out
commenting out line Lines { lines: 541..=541 } in "./tmp/18/allocation_layer/AllocationBranchBetree_v.rs"
verus succeeded with time: 64529ms, keeping it commented out
commenting out line Lines { lines: 183..=183 } in "./tmp/13/allocation_layer/AllocationJournalRefinement_v.rs"
verus succeeded with time: 60089ms, keeping it commented out
commenting out line Lines { lines: 46..=54 } in "./tmp/20/allocation_layer/Likes_v.rs"
verus failed with time: 56269ms, reverting
commenting out line Lines { lines: 650..=650 } in "./tmp/14/allocation_layer/AllocationJournal_v.rs"
verus succeeded with time: 61173ms, keeping it commented out
commenting out line Lines { lines: 246..=246 } in "./tmp/19/allocation_layer/AllocationBranchBetreeRefinement_v.rs"
verus failed with time: 54487ms, reverting
commenting out line Lines { lines: 313..=314 } in "./tmp/17/allocation_layer/AllocationBranch_v.rs"
verus succeeded with time: 59158ms, keeping it commented out
commenting out line Lines { lines: 812..=812 } in "./tmp/4/abstract_system/AbstractCrashAwareSystemRefinement_v.rs"
verus succeeded with time: 62568ms, keeping it commented out
commenting out line Lines { lines: 545..=545 } in "./tmp/18/allocation_layer/AllocationBranchBetree_v.rs"
verus succeeded with time: 61671ms, keeping it commented out
commenting out line Lines { lines: 58..=58 } in "./tmp/20/allocation_layer/Likes_v.rs"
verus succeeded with time: 59492ms, keeping it commented out
commenting out line Lines { lines: 188..=188 } in "./tmp/13/allocation_layer/AllocationJournalRefinement_v.rs"
verus succeeded with time: 62977ms, keeping it commented out
commenting out line Lines { lines: 682..=684 } in "./tmp/14/allocation_layer/AllocationJournal_v.rs"
verus failed with time: 56101ms, reverting
commenting out line Lines { lines: 247..=247 } in "./tmp/19/allocation_layer/AllocationBranchBetreeRefinement_v.rs"
verus succeeded with time: 58956ms, keeping it commented out
commenting out line Lines { lines: 317..=317 } in "./tmp/17/allocation_layer/AllocationBranch_v.rs"
verus failed with time: 54197ms, reverting
commenting out line Lines { lines: 813..=813 } in "./tmp/4/abstract_system/AbstractCrashAwareSystemRefinement_v.rs"
verus succeeded with time: 59063ms, keeping it commented out
commenting out line Lines { lines: 548..=548 } in "./tmp/18/allocation_layer/AllocationBranchBetree_v.rs"
verus succeeded with time: 59983ms, keeping it commented out
commenting out line Lines { lines: 61..=61 } in "./tmp/20/allocation_layer/Likes_v.rs"
verus failed with time: 53247ms, reverting
commenting out line Lines { lines: 190..=190 } in "./tmp/13/allocation_layer/AllocationJournalRefinement_v.rs"
verus succeeded with time: 62502ms, keeping it commented out
commenting out line Lines { lines: 715..=715 } in "./tmp/14/allocation_layer/AllocationJournal_v.rs"
verus succeeded with time: 61171ms, keeping it commented out
commenting out line Lines { lines: 322..=322 } in "./tmp/17/allocation_layer/AllocationBranch_v.rs"
verus failed with time: 54568ms, reverting
commenting out line Lines { lines: 249..=249 } in "./tmp/19/allocation_layer/AllocationBranchBetreeRefinement_v.rs"
verus succeeded with time: 60736ms, keeping it commented out
commenting out line Lines { lines: 852..=852 } in "./tmp/4/abstract_system/AbstractCrashAwareSystemRefinement_v.rs"
verus succeeded with time: 62795ms, keeping it commented out
commenting out line Lines { lines: 558..=558 } in "./tmp/18/allocation_layer/AllocationBranchBetree_v.rs"
verus succeeded with time: 60853ms, keeping it commented out
commenting out line Lines { lines: 63..=63 } in "./tmp/20/allocation_layer/Likes_v.rs"
verus succeeded with time: 62142ms, keeping it commented out
commenting out line Lines { lines: 230..=230 } in "./tmp/13/allocation_layer/AllocationJournalRefinement_v.rs"
verus failed with time: 56717ms, reverting
minimization of ./tmp/13/allocation_layer/AllocationJournalRefinement_v.rs is completed
commenting out line Lines { lines: 716..=716 } in "./tmp/14/allocation_layer/AllocationJournal_v.rs"
verus succeeded with time: 59661ms, keeping it commented out
commenting out line Lines { lines: 323..=323 } in "./tmp/17/allocation_layer/AllocationBranch_v.rs"
verus failed with time: 54155ms, reverting
commenting out line Lines { lines: 252..=252 } in "./tmp/19/allocation_layer/AllocationBranchBetreeRefinement_v.rs"
verus succeeded with time: 61531ms, keeping it commented out
commenting out line Lines { lines: 873..=873 } in "./tmp/4/abstract_system/AbstractCrashAwareSystemRefinement_v.rs"
verus failed with time: 56005ms, reverting
commenting out line Lines { lines: 560..=560 } in "./tmp/18/allocation_layer/AllocationBranchBetree_v.rs"
verus succeeded with time: 58646ms, keeping it commented out
commenting out line Lines { lines: 45..=45 } in "./tmp/21/allocation_layer/LikesBetree_v.rs"
verus failed with time: 56139ms, reverting
commenting out line Lines { lines: 65..=65 } in "./tmp/20/allocation_layer/Likes_v.rs"
verus succeeded with time: 61562ms, keeping it commented out
commenting out line Lines { lines: 754..=757 } in "./tmp/14/allocation_layer/AllocationJournal_v.rs"
verus failed with time: 55693ms, reverting
commenting out line Lines { lines: 325..=326 } in "./tmp/17/allocation_layer/AllocationBranch_v.rs"
verus succeeded with time: 62974ms, keeping it commented out
commenting out line Lines { lines: 253..=253 } in "./tmp/19/allocation_layer/AllocationBranchBetreeRefinement_v.rs"
verus succeeded with time: 61395ms, keeping it commented out
commenting out line Lines { lines: 884..=887 } in "./tmp/4/abstract_system/AbstractCrashAwareSystemRefinement_v.rs"
verus failed with time: 55151ms, reverting
commenting out line Lines { lines: 561..=561 } in "./tmp/18/allocation_layer/AllocationBranchBetree_v.rs"
verus succeeded with time: 62426ms, keeping it commented out
commenting out line Lines { lines: 154..=154 } in "./tmp/21/allocation_layer/LikesBetree_v.rs"
verus failed with time: 55252ms, reverting
commenting out line Lines { lines: 66..=66 } in "./tmp/20/allocation_layer/Likes_v.rs"
verus succeeded with time: 59808ms, keeping it commented out
commenting out line Lines { lines: 759..=759 } in "./tmp/14/allocation_layer/AllocationJournal_v.rs"
verus failed with time: 56480ms, reverting
commenting out line Lines { lines: 327..=328 } in "./tmp/17/allocation_layer/AllocationBranch_v.rs"
verus succeeded with time: 59293ms, keeping it commented out
commenting out line Lines { lines: 229..=255 } in "./tmp/19/allocation_layer/AllocationBranchBetreeRefinement_v.rs"
verus failed with time: 55890ms, reverting
commenting out line Lines { lines: 895..=895 } in "./tmp/4/abstract_system/AbstractCrashAwareSystemRefinement_v.rs"
verus succeeded with time: 61184ms, keeping it commented out
commenting out line Lines { lines: 156..=156 } in "./tmp/21/allocation_layer/LikesBetree_v.rs"
verus succeeded with time: 62530ms, keeping it commented out
commenting out line Lines { lines: 564..=564 } in "./tmp/18/allocation_layer/AllocationBranchBetree_v.rs"
verus succeeded with time: 63002ms, keeping it commented out
commenting out line Lines { lines: 67..=67 } in "./tmp/20/allocation_layer/Likes_v.rs"
verus succeeded with time: 63565ms, keeping it commented out
commenting out line Lines { lines: 760..=760 } in "./tmp/14/allocation_layer/AllocationJournal_v.rs"
verus succeeded with time: 61050ms, keeping it commented out
commenting out line Lines { lines: 341..=341 } in "./tmp/17/allocation_layer/AllocationBranch_v.rs"
verus succeeded with time: 57929ms, keeping it commented out
commenting out line Lines { lines: 268..=268 } in "./tmp/19/allocation_layer/AllocationBranchBetreeRefinement_v.rs"
verus failed with time: 52258ms, reverting
commenting out line Lines { lines: 898..=898 } in "./tmp/4/abstract_system/AbstractCrashAwareSystemRefinement_v.rs"
verus succeeded with time: 59860ms, keeping it commented out
commenting out line Lines { lines: 566..=566 } in "./tmp/18/allocation_layer/AllocationBranchBetree_v.rs"
verus failed with time: 55369ms, reverting
commenting out line Lines { lines: 196..=196 } in "./tmp/21/allocation_layer/LikesBetree_v.rs"
verus failed with time: 57144ms, reverting
commenting out line Lines { lines: 74..=74 } in "./tmp/20/allocation_layer/Likes_v.rs"
verus succeeded with time: 60838ms, keeping it commented out
commenting out line Lines { lines: 762..=762 } in "./tmp/14/allocation_layer/AllocationJournal_v.rs"
verus succeeded with time: 61423ms, keeping it commented out
commenting out line Lines { lines: 342..=342 } in "./tmp/17/allocation_layer/AllocationBranch_v.rs"
verus failed with time: 60187ms, reverting
commenting out line Lines { lines: 271..=271 } in "./tmp/19/allocation_layer/AllocationBranchBetreeRefinement_v.rs"
verus failed with time: 56953ms, reverting
commenting out line Lines { lines: 902..=902 } in "./tmp/4/abstract_system/AbstractCrashAwareSystemRefinement_v.rs"
verus succeeded with time: 62683ms, keeping it commented out
commenting out line Lines { lines: 232..=232 } in "./tmp/21/allocation_layer/LikesBetree_v.rs"
verus failed with time: 58012ms, reverting
commenting out line Lines { lines: 567..=567 } in "./tmp/18/allocation_layer/AllocationBranchBetree_v.rs"
verus succeeded with time: 61802ms, keeping it commented out
commenting out line Lines { lines: 75..=75 } in "./tmp/20/allocation_layer/Likes_v.rs"
verus failed with time: 56604ms, reverting
commenting out line Lines { lines: 763..=763 } in "./tmp/14/allocation_layer/AllocationJournal_v.rs"
verus succeeded with time: 60051ms, keeping it commented out
commenting out line Lines { lines: 338..=344 } in "./tmp/17/allocation_layer/AllocationBranch_v.rs"
verus failed with time: 56448ms, reverting
commenting out line Lines { lines: 279..=279 } in "./tmp/19/allocation_layer/AllocationBranchBetreeRefinement_v.rs"
verus succeeded with time: 62305ms, keeping it commented out
commenting out line Lines { lines: 905..=905 } in "./tmp/4/abstract_system/AbstractCrashAwareSystemRefinement_v.rs"
verus succeeded with time: 62321ms, keeping it commented out
commenting out line Lines { lines: 278..=278 } in "./tmp/21/allocation_layer/LikesBetree_v.rs"
verus failed with time: 57644ms, reverting
commenting out line Lines { lines: 569..=571 } in "./tmp/18/allocation_layer/AllocationBranchBetree_v.rs"
verus succeeded with time: 62222ms, keeping it commented out
commenting out line Lines { lines: 76..=76 } in "./tmp/20/allocation_layer/Likes_v.rs"
verus failed with time: 55175ms, reverting
commenting out line Lines { lines: 744..=765 } in "./tmp/14/allocation_layer/AllocationJournal_v.rs"
verus failed with time: 56220ms, reverting
commenting out line Lines { lines: 448..=448 } in "./tmp/17/allocation_layer/AllocationBranch_v.rs"
verus failed with time: 59180ms, reverting
commenting out line Lines { lines: 281..=281 } in "./tmp/19/allocation_layer/AllocationBranchBetreeRefinement_v.rs"
verus succeeded with time: 61349ms, keeping it commented out
commenting out line Lines { lines: 908..=908 } in "./tmp/4/abstract_system/AbstractCrashAwareSystemRefinement_v.rs"
verus succeeded with time: 61941ms, keeping it commented out
commenting out line Lines { lines: 282..=282 } in "./tmp/21/allocation_layer/LikesBetree_v.rs"
verus succeeded with time: 62295ms, keeping it commented out
commenting out line Lines { lines: 572..=572 } in "./tmp/18/allocation_layer/AllocationBranchBetree_v.rs"
verus succeeded with time: 61723ms, keeping it commented out
commenting out line Lines { lines: 78..=78 } in "./tmp/20/allocation_layer/Likes_v.rs"
verus succeeded with time: 61973ms, keeping it commented out
commenting out line Lines { lines: 790..=790 } in "./tmp/14/allocation_layer/AllocationJournal_v.rs"
verus failed with time: 57648ms, reverting
commenting out line Lines { lines: 449..=449 } in "./tmp/17/allocation_layer/AllocationBranch_v.rs"
verus succeeded with time: 60022ms, keeping it commented out
commenting out line Lines { lines: 284..=284 } in "./tmp/19/allocation_layer/AllocationBranchBetreeRefinement_v.rs"
verus succeeded with time: 64307ms, keeping it commented out
commenting out line Lines { lines: 285..=285 } in "./tmp/21/allocation_layer/LikesBetree_v.rs"
verus failed with time: 55048ms, reverting
commenting out line Lines { lines: 911..=911 } in "./tmp/4/abstract_system/AbstractCrashAwareSystemRefinement_v.rs"
verus succeeded with time: 60065ms, keeping it commented out
commenting out line Lines { lines: 91..=91 } in "./tmp/20/allocation_layer/Likes_v.rs"
verus failed with time: 57817ms, reverting
commenting out line Lines { lines: 836..=836 } in "./tmp/14/allocation_layer/AllocationJournal_v.rs"
verus failed with time: 57274ms, reverting
commenting out line Lines { lines: 575..=575 } in "./tmp/18/allocation_layer/AllocationBranchBetree_v.rs"
verus succeeded with time: 61878ms, keeping it commented out
commenting out line Lines { lines: 450..=450 } in "./tmp/17/allocation_layer/AllocationBranch_v.rs"
verus succeeded with time: 61306ms, keeping it commented out
commenting out line Lines { lines: 285..=285 } in "./tmp/19/allocation_layer/AllocationBranchBetreeRefinement_v.rs"
verus succeeded with time: 63708ms, keeping it commented out
commenting out line Lines { lines: 914..=914 } in "./tmp/4/abstract_system/AbstractCrashAwareSystemRefinement_v.rs"
verus succeeded with time: 59949ms, keeping it commented out
commenting out line Lines { lines: 309..=309 } in "./tmp/21/allocation_layer/LikesBetree_v.rs"
verus succeeded with time: 63518ms, keeping it commented out
commenting out line Lines { lines: 93..=93 } in "./tmp/20/allocation_layer/Likes_v.rs"
verus failed with time: 56846ms, reverting
commenting out line Lines { lines: 841..=843 } in "./tmp/14/allocation_layer/AllocationJournal_v.rs"
verus succeeded with time: 59886ms, keeping it commented out
commenting out line Lines { lines: 577..=577 } in "./tmp/18/allocation_layer/AllocationBranchBetree_v.rs"
verus succeeded with time: 60182ms, keeping it commented out
commenting out line Lines { lines: 456..=456 } in "./tmp/17/allocation_layer/AllocationBranch_v.rs"
verus failed with time: 56607ms, reverting
commenting out line Lines { lines: 288..=288 } in "./tmp/19/allocation_layer/AllocationBranchBetreeRefinement_v.rs"
verus failed with time: 56849ms, reverting
commenting out line Lines { lines: 327..=327 } in "./tmp/21/allocation_layer/LikesBetree_v.rs"
verus failed with time: 57048ms, reverting
commenting out line Lines { lines: 917..=917 } in "./tmp/4/abstract_system/AbstractCrashAwareSystemRefinement_v.rs"
verus succeeded with time: 60225ms, keeping it commented out
commenting out line Lines { lines: 95..=95 } in "./tmp/20/allocation_layer/Likes_v.rs"
verus succeeded with time: 61154ms, keeping it commented out
commenting out line Lines { lines: 847..=847 } in "./tmp/14/allocation_layer/AllocationJournal_v.rs"
verus succeeded with time: 62200ms, keeping it commented out
commenting out line Lines { lines: 578..=578 } in "./tmp/18/allocation_layer/AllocationBranchBetree_v.rs"
verus succeeded with time: 61964ms, keeping it commented out
commenting out line Lines { lines: 457..=457 } in "./tmp/17/allocation_layer/AllocationBranch_v.rs"
verus succeeded with time: 62175ms, keeping it commented out
commenting out line Lines { lines: 289..=289 } in "./tmp/19/allocation_layer/AllocationBranchBetreeRefinement_v.rs"
verus failed with time: 56326ms, reverting
commenting out line Lines { lines: 329..=329 } in "./tmp/21/allocation_layer/LikesBetree_v.rs"
verus failed with time: 55879ms, reverting
commenting out line Lines { lines: 926..=926 } in "./tmp/4/abstract_system/AbstractCrashAwareSystemRefinement_v.rs"
verus succeeded with time: 60725ms, keeping it commented out
commenting out line Lines { lines: 102..=102 } in "./tmp/20/allocation_layer/Likes_v.rs"
verus failed with time: 58622ms, reverting
commenting out line Lines { lines: 849..=849 } in "./tmp/14/allocation_layer/AllocationJournal_v.rs"
verus succeeded with time: 61065ms, keeping it commented out
commenting out line Lines { lines: 452..=459 } in "./tmp/17/allocation_layer/AllocationBranch_v.rs"
verus failed with time: 55393ms, reverting
commenting out line Lines { lines: 581..=581 } in "./tmp/18/allocation_layer/AllocationBranchBetree_v.rs"
verus succeeded with time: 65109ms, keeping it commented out
commenting out line Lines { lines: 290..=290 } in "./tmp/19/allocation_layer/AllocationBranchBetreeRefinement_v.rs"
verus failed with time: 55402ms, reverting
commenting out line Lines { lines: 331..=331 } in "./tmp/21/allocation_layer/LikesBetree_v.rs"
verus succeeded with time: 59534ms, keeping it commented out
commenting out line Lines { lines: 104..=104 } in "./tmp/20/allocation_layer/Likes_v.rs"
verus failed with time: 55953ms, reverting
commenting out line Lines { lines: 931..=931 } in "./tmp/4/abstract_system/AbstractCrashAwareSystemRefinement_v.rs"
verus succeeded with time: 60434ms, keeping it commented out
commenting out line Lines { lines: 850..=853 } in "./tmp/14/allocation_layer/AllocationJournal_v.rs"
verus failed with time: 55346ms, reverting
commenting out line Lines { lines: 460..=460 } in "./tmp/17/allocation_layer/AllocationBranch_v.rs"
verus succeeded with time: 62813ms, keeping it commented out
commenting out line Lines { lines: 587..=587 } in "./tmp/18/allocation_layer/AllocationBranchBetree_v.rs"
verus succeeded with time: 62266ms, keeping it commented out
commenting out line Lines { lines: 287..=292 } in "./tmp/19/allocation_layer/AllocationBranchBetreeRefinement_v.rs"
verus failed with time: 56081ms, reverting
commenting out line Lines { lines: 333..=333 } in "./tmp/21/allocation_layer/LikesBetree_v.rs"
verus failed with time: 54414ms, reverting
commenting out line Lines { lines: 990..=990 } in "./tmp/4/abstract_system/AbstractCrashAwareSystemRefinement_v.rs"
verus failed with time: 57076ms, reverting
commenting out line Lines { lines: 106..=106 } in "./tmp/20/allocation_layer/Likes_v.rs"
verus succeeded with time: 60759ms, keeping it commented out
commenting out line Lines { lines: 854..=854 } in "./tmp/14/allocation_layer/AllocationJournal_v.rs"
verus succeeded with time: 61299ms, keeping it commented out
commenting out line Lines { lines: 467..=467 } in "./tmp/17/allocation_layer/AllocationBranch_v.rs"
verus succeeded with time: 62997ms, keeping it commented out
commenting out line Lines { lines: 599..=599 } in "./tmp/18/allocation_layer/AllocationBranchBetree_v.rs"
verus succeeded with time: 61881ms, keeping it commented out
commenting out line Lines { lines: 293..=293 } in "./tmp/19/allocation_layer/AllocationBranchBetreeRefinement_v.rs"
verus succeeded with time: 62953ms, keeping it commented out
commenting out line Lines { lines: 337..=337 } in "./tmp/21/allocation_layer/LikesBetree_v.rs"
verus succeeded with time: 57907ms, keeping it commented out
commenting out line Lines { lines: 108..=108 } in "./tmp/20/allocation_layer/Likes_v.rs"
verus failed with time: 55479ms, reverting
commenting out line Lines { lines: 958..=959 } in "./tmp/14/allocation_layer/AllocationJournal_v.rs"
verus failed with time: 52569ms, reverting
commenting out line Lines { lines: 991..=991 } in "./tmp/4/abstract_system/AbstractCrashAwareSystemRefinement_v.rs"
verus succeeded with time: 60864ms, keeping it commented out
commenting out line Lines { lines: 474..=474 } in "./tmp/17/allocation_layer/AllocationBranch_v.rs"
verus failed with time: 56752ms, reverting
commenting out line Lines { lines: 276..=294 } in "./tmp/19/allocation_layer/AllocationBranchBetreeRefinement_v.rs"
verus failed with time: 56809ms, reverting
commenting out line Lines { lines: 600..=600 } in "./tmp/18/allocation_layer/AllocationBranchBetree_v.rs"
verus succeeded with time: 61061ms, keeping it commented out
commenting out line Lines { lines: 338..=338 } in "./tmp/21/allocation_layer/LikesBetree_v.rs"
verus succeeded with time: 62046ms, keeping it commented out
commenting out line Lines { lines: 110..=110 } in "./tmp/20/allocation_layer/Likes_v.rs"
verus failed with time: 57915ms, reverting
commenting out line Lines { lines: 994..=997 } in "./tmp/4/abstract_system/AbstractCrashAwareSystemRefinement_v.rs"
verus failed with time: 56655ms, reverting
commenting out line Lines { lines: 960..=960 } in "./tmp/14/allocation_layer/AllocationJournal_v.rs"
verus succeeded with time: 59893ms, keeping it commented out
commenting out line Lines { lines: 330..=330 } in "./tmp/19/allocation_layer/AllocationBranchBetreeRefinement_v.rs"
verus failed with time: 56540ms, reverting
commenting out line Lines { lines: 475..=475 } in "./tmp/17/allocation_layer/AllocationBranch_v.rs"
verus succeeded with time: 61666ms, keeping it commented out
commenting out line Lines { lines: 603..=603 } in "./tmp/18/allocation_layer/AllocationBranchBetree_v.rs"
verus failed with time: 57667ms, reverting
commenting out line Lines { lines: 339..=339 } in "./tmp/21/allocation_layer/LikesBetree_v.rs"
verus failed with time: 58714ms, reverting
commenting out line Lines { lines: 120..=120 } in "./tmp/20/allocation_layer/Likes_v.rs"
verus failed with time: 56497ms, reverting
commenting out line Lines { lines: 1011..=1011 } in "./tmp/4/abstract_system/AbstractCrashAwareSystemRefinement_v.rs"
verus succeeded with time: 60980ms, keeping it commented out
commenting out line Lines { lines: 964..=964 } in "./tmp/14/allocation_layer/AllocationJournal_v.rs"
verus failed with time: 58365ms, reverting
commenting out line Lines { lines: 326..=332 } in "./tmp/19/allocation_layer/AllocationBranchBetreeRefinement_v.rs"
verus failed with time: 58179ms, reverting
commenting out line Lines { lines: 476..=476 } in "./tmp/17/allocation_layer/AllocationBranch_v.rs"
verus succeeded with time: 61190ms, keeping it commented out
commenting out line Lines { lines: 604..=604 } in "./tmp/18/allocation_layer/AllocationBranchBetree_v.rs"
verus succeeded with time: 61973ms, keeping it commented out
commenting out line Lines { lines: 340..=340 } in "./tmp/21/allocation_layer/LikesBetree_v.rs"
verus failed with time: 56367ms, reverting
commenting out line Lines { lines: 121..=121 } in "./tmp/20/allocation_layer/Likes_v.rs"
verus succeeded with time: 61507ms, keeping it commented out
commenting out line Lines { lines: 972..=972 } in "./tmp/14/allocation_layer/AllocationJournal_v.rs"
verus failed with time: 56557ms, reverting
commenting out line Lines { lines: 1012..=1012 } in "./tmp/4/abstract_system/AbstractCrashAwareSystemRefinement_v.rs"
verus succeeded with time: 62063ms, keeping it commented out
commenting out line Lines { lines: 333..=333 } in "./tmp/19/allocation_layer/AllocationBranchBetreeRefinement_v.rs"
verus succeeded with time: 59413ms, keeping it commented out
commenting out line Lines { lines: 605..=605 } in "./tmp/18/allocation_layer/AllocationBranchBetree_v.rs"
verus succeeded with time: 59901ms, keeping it commented out
commenting out line Lines { lines: 477..=477 } in "./tmp/17/allocation_layer/AllocationBranch_v.rs"
verus succeeded with time: 63968ms, keeping it commented out
commenting out line Lines { lines: 344..=344 } in "./tmp/21/allocation_layer/LikesBetree_v.rs"
verus failed with time: 54835ms, reverting
commenting out line Lines { lines: 966..=973 } in "./tmp/14/allocation_layer/AllocationJournal_v.rs"
verus failed with time: 55548ms, reverting
commenting out line Lines { lines: 141..=141 } in "./tmp/20/allocation_layer/Likes_v.rs"
verus succeeded with time: 59128ms, keeping it commented out
commenting out line Lines { lines: 1021..=1021 } in "./tmp/4/abstract_system/AbstractCrashAwareSystemRefinement_v.rs"
verus failed with time: 57298ms, reverting
commenting out line Lines { lines: 344..=344 } in "./tmp/19/allocation_layer/AllocationBranchBetreeRefinement_v.rs"
verus failed with time: 57462ms, reverting
commenting out line Lines { lines: 606..=606 } in "./tmp/18/allocation_layer/AllocationBranchBetree_v.rs"
verus succeeded with time: 62471ms, keeping it commented out
commenting out line Lines { lines: 480..=480 } in "./tmp/17/allocation_layer/AllocationBranch_v.rs"
verus succeeded with time: 63028ms, keeping it commented out
commenting out line Lines { lines: 346..=346 } in "./tmp/21/allocation_layer/LikesBetree_v.rs"
verus failed with time: 60418ms, reverting
commenting out line Lines { lines: 142..=142 } in "./tmp/20/allocation_layer/Likes_v.rs"
verus failed with time: 54592ms, reverting
commenting out line Lines { lines: 1012..=1012 } in "./tmp/14/allocation_layer/AllocationJournal_v.rs"
verus succeeded with time: 62441ms, keeping it commented out
commenting out line Lines { lines: 1020..=1022 } in "./tmp/4/abstract_system/AbstractCrashAwareSystemRefinement_v.rs"
verus failed with time: 58309ms, reverting
commenting out line Lines { lines: 345..=345 } in "./tmp/19/allocation_layer/AllocationBranchBetreeRefinement_v.rs"
verus failed with time: 52536ms, reverting
commenting out line Lines { lines: 610..=610 } in "./tmp/18/allocation_layer/AllocationBranchBetree_v.rs"
verus succeeded with time: 63931ms, keeping it commented out
commenting out line Lines { lines: 486..=486 } in "./tmp/17/allocation_layer/AllocationBranch_v.rs"
verus succeeded with time: 60983ms, keeping it commented out
commenting out line Lines { lines: 348..=348 } in "./tmp/21/allocation_layer/LikesBetree_v.rs"
verus succeeded with time: 60559ms, keeping it commented out
commenting out line Lines { lines: 138..=143 } in "./tmp/20/allocation_layer/Likes_v.rs"
verus failed with time: 55283ms, reverting
minimization of ./tmp/20/allocation_layer/Likes_v.rs is completed
commenting out line Lines { lines: 78..=78 } in "./tmp/22/allocation_layer/LikesBetreeRefinement_v.rs"
verus failed with time: 8493ms, reverting
minimization of ./tmp/22/allocation_layer/LikesBetreeRefinement_v.rs is completed
commenting out line Lines { lines: 1013..=1013 } in "./tmp/14/allocation_layer/AllocationJournal_v.rs"
verus failed with time: 57896ms, reverting
commenting out line Lines { lines: 1023..=1023 } in "./tmp/4/abstract_system/AbstractCrashAwareSystemRefinement_v.rs"
verus succeeded with time: 62329ms, keeping it commented out
commenting out line Lines { lines: 346..=346 } in "./tmp/19/allocation_layer/AllocationBranchBetreeRefinement_v.rs"
verus failed with time: 55789ms, reverting
commenting out line Lines { lines: 508..=508 } in "./tmp/17/allocation_layer/AllocationBranch_v.rs"
verus succeeded with time: 58120ms, keeping it commented out
commenting out line Lines { lines: 611..=611 } in "./tmp/18/allocation_layer/AllocationBranchBetree_v.rs"
verus succeeded with time: 62143ms, keeping it commented out
commenting out line Lines { lines: 350..=350 } in "./tmp/21/allocation_layer/LikesBetree_v.rs"
verus failed with time: 57463ms, reverting
commenting out line Lines { lines: 80..=80 } in "./tmp/23/allocation_layer/LikesJournal_v.rs"
verus failed with time: 56265ms, reverting
commenting out line Lines { lines: 1014..=1014 } in "./tmp/14/allocation_layer/AllocationJournal_v.rs"
verus succeeded with time: 59812ms, keeping it commented out
commenting out line Lines { lines: 1026..=1026 } in "./tmp/4/abstract_system/AbstractCrashAwareSystemRefinement_v.rs"
verus failed with time: 56441ms, reverting
commenting out line Lines { lines: 335..=347 } in "./tmp/19/allocation_layer/AllocationBranchBetreeRefinement_v.rs"
verus failed with time: 57483ms, reverting
commenting out line Lines { lines: 511..=511 } in "./tmp/17/allocation_layer/AllocationBranch_v.rs"
verus failed with time: 58443ms, reverting
commenting out line Lines { lines: 613..=613 } in "./tmp/18/allocation_layer/AllocationBranchBetree_v.rs"
verus failed with time: 57402ms, reverting
commenting out line Lines { lines: 352..=352 } in "./tmp/21/allocation_layer/LikesBetree_v.rs"
verus failed with time: 57273ms, reverting
commenting out line Lines { lines: 82..=82 } in "./tmp/23/allocation_layer/LikesJournal_v.rs"
verus failed with time: 58952ms, reverting
commenting out line Lines { lines: 1016..=1018 } in "./tmp/14/allocation_layer/AllocationJournal_v.rs"
verus failed with time: 55828ms, reverting
commenting out line Lines { lines: 1028..=1028 } in "./tmp/4/abstract_system/AbstractCrashAwareSystemRefinement_v.rs"
verus succeeded with time: 62015ms, keeping it commented out
commenting out line Lines { lines: 359..=359 } in "./tmp/19/allocation_layer/AllocationBranchBetreeRefinement_v.rs"
verus succeeded with time: 62782ms, keeping it commented out
commenting out line Lines { lines: 512..=512 } in "./tmp/17/allocation_layer/AllocationBranch_v.rs"
verus failed with time: 57599ms, reverting
commenting out line Lines { lines: 406..=406 } in "./tmp/21/allocation_layer/LikesBetree_v.rs"
verus failed with time: 56751ms, reverting
commenting out line Lines { lines: 615..=615 } in "./tmp/18/allocation_layer/AllocationBranchBetree_v.rs"
verus succeeded with time: 59120ms, keeping it commented out
commenting out line Lines { lines: 76..=84 } in "./tmp/23/allocation_layer/LikesJournal_v.rs"
verus failed with time: 55111ms, reverting
commenting out line Lines { lines: 1021..=1022 } in "./tmp/14/allocation_layer/AllocationJournal_v.rs"
verus failed with time: 60372ms, reverting
commenting out line Lines { lines: 1029..=1029 } in "./tmp/4/abstract_system/AbstractCrashAwareSystemRefinement_v.rs"
verus succeeded with time: 61736ms, keeping it commented out
commenting out line Lines { lines: 360..=360 } in "./tmp/19/allocation_layer/AllocationBranchBetreeRefinement_v.rs"
verus succeeded with time: 59807ms, keeping it commented out
commenting out line Lines { lines: 513..=513 } in "./tmp/17/allocation_layer/AllocationBranch_v.rs"
verus succeeded with time: 58629ms, keeping it commented out
commenting out line Lines { lines: 617..=617 } in "./tmp/18/allocation_layer/AllocationBranchBetree_v.rs"
verus failed with time: 55629ms, reverting
commenting out line Lines { lines: 412..=412 } in "./tmp/21/allocation_layer/LikesBetree_v.rs"
verus failed with time: 56955ms, reverting
commenting out line Lines { lines: 85..=85 } in "./tmp/23/allocation_layer/LikesJournal_v.rs"
verus succeeded with time: 61020ms, keeping it commented out
commenting out line Lines { lines: 1020..=1023 } in "./tmp/14/allocation_layer/AllocationJournal_v.rs"
verus failed with time: 56757ms, reverting
commenting out line Lines { lines: 362..=362 } in "./tmp/19/allocation_layer/AllocationBranchBetreeRefinement_v.rs"
verus failed with time: 56704ms, reverting
commenting out line Lines { lines: 1030..=1031 } in "./tmp/4/abstract_system/AbstractCrashAwareSystemRefinement_v.rs"
verus succeeded with time: 60729ms, keeping it commented out
commenting out line Lines { lines: 500..=515 } in "./tmp/17/allocation_layer/AllocationBranch_v.rs"
verus failed with time: 55081ms, reverting
commenting out line Lines { lines: 650..=650 } in "./tmp/18/allocation_layer/AllocationBranchBetree_v.rs"
verus failed with time: 56418ms, reverting
commenting out line Lines { lines: 402..=414 } in "./tmp/21/allocation_layer/LikesBetree_v.rs"
verus failed with time: 56107ms, reverting
commenting out line Lines { lines: 147..=147 } in "./tmp/23/allocation_layer/LikesJournal_v.rs"
verus succeeded with time: 65243ms, keeping it commented out
commenting out line Lines { lines: 1027..=1027 } in "./tmp/14/allocation_layer/AllocationJournal_v.rs"
verus succeeded with time: 62564ms, keeping it commented out
commenting out line Lines { lines: 363..=363 } in "./tmp/19/allocation_layer/AllocationBranchBetreeRefinement_v.rs"
verus failed with time: 57686ms, reverting
commenting out line Lines { lines: 1038..=1038 } in "./tmp/4/abstract_system/AbstractCrashAwareSystemRefinement_v.rs"
verus succeeded with time: 63011ms, keeping it commented out
commenting out line Lines { lines: 428..=428 } in "./tmp/21/allocation_layer/LikesBetree_v.rs"
verus failed with time: 53540ms, reverting
commenting out line Lines { lines: 516..=516 } in "./tmp/17/allocation_layer/AllocationBranch_v.rs"
verus succeeded with time: 61414ms, keeping it commented out
commenting out line Lines { lines: 651..=651 } in "./tmp/18/allocation_layer/AllocationBranchBetree_v.rs"
verus succeeded with time: 59974ms, keeping it commented out
commenting out line Lines { lines: 157..=157 } in "./tmp/23/allocation_layer/LikesJournal_v.rs"
verus failed with time: 54130ms, reverting
commenting out line Lines { lines: 1029..=1029 } in "./tmp/14/allocation_layer/AllocationJournal_v.rs"
verus failed with time: 54167ms, reverting
commenting out line Lines { lines: 366..=366 } in "./tmp/19/allocation_layer/AllocationBranchBetreeRefinement_v.rs"
verus succeeded with time: 59984ms, keeping it commented out
commenting out line Lines { lines: 1070..=1070 } in "./tmp/4/abstract_system/AbstractCrashAwareSystemRefinement_v.rs"
verus succeeded with time: 59417ms, keeping it commented out
commenting out line Lines { lines: 429..=429 } in "./tmp/21/allocation_layer/LikesBetree_v.rs"
verus failed with time: 56776ms, reverting
commenting out line Lines { lines: 517..=517 } in "./tmp/17/allocation_layer/AllocationBranch_v.rs"
verus failed with time: 57239ms, reverting
commenting out line Lines { lines: 648..=653 } in "./tmp/18/allocation_layer/AllocationBranchBetree_v.rs"
verus succeeded with time: 62712ms, keeping it commented out
commenting out line Lines { lines: 158..=158 } in "./tmp/23/allocation_layer/LikesJournal_v.rs"
verus succeeded with time: 59099ms, keeping it commented out
commenting out line Lines { lines: 1069..=1069 } in "./tmp/14/allocation_layer/AllocationJournal_v.rs"
verus succeeded with time: 65048ms, keeping it commented out
commenting out line Lines { lines: 371..=371 } in "./tmp/19/allocation_layer/AllocationBranchBetreeRefinement_v.rs"
verus failed with time: 58200ms, reverting
commenting out line Lines { lines: 1072..=1072 } in "./tmp/4/abstract_system/AbstractCrashAwareSystemRefinement_v.rs"
verus succeeded with time: 61884ms, keeping it commented out
commenting out line Lines { lines: 430..=430 } in "./tmp/21/allocation_layer/LikesBetree_v.rs"
verus succeeded with time: 60189ms, keeping it commented out
commenting out line Lines { lines: 518..=518 } in "./tmp/17/allocation_layer/AllocationBranch_v.rs"
verus failed with time: 56513ms, reverting
commenting out line Lines { lines: 667..=667 } in "./tmp/18/allocation_layer/AllocationBranchBetree_v.rs"
verus succeeded with time: 59966ms, keeping it commented out
commenting out line Lines { lines: 214..=214 } in "./tmp/23/allocation_layer/LikesJournal_v.rs"
verus succeeded with time: 61517ms, keeping it commented out
commenting out line Lines { lines: 1075..=1075 } in "./tmp/14/allocation_layer/AllocationJournal_v.rs"
verus succeeded with time: 61519ms, keeping it commented out
commenting out line Lines { lines: 368..=372 } in "./tmp/19/allocation_layer/AllocationBranchBetreeRefinement_v.rs"
verus failed with time: 53846ms, reverting
commenting out line Lines { lines: 1076..=1076 } in "./tmp/4/abstract_system/AbstractCrashAwareSystemRefinement_v.rs"
verus succeeded with time: 58453ms, keeping it commented out
commenting out line Lines { lines: 439..=439 } in "./tmp/21/allocation_layer/LikesBetree_v.rs"
verus failed with time: 55127ms, reverting
commenting out line Lines { lines: 519..=519 } in "./tmp/17/allocation_layer/AllocationBranch_v.rs"
verus succeeded with time: 61017ms, keeping it commented out
commenting out line Lines { lines: 673..=673 } in "./tmp/18/allocation_layer/AllocationBranchBetree_v.rs"
verus succeeded with time: 64490ms, keeping it commented out
commenting out line Lines { lines: 220..=220 } in "./tmp/23/allocation_layer/LikesJournal_v.rs"
verus succeeded with time: 61039ms, keeping it commented out
commenting out line Lines { lines: 1079..=1079 } in "./tmp/14/allocation_layer/AllocationJournal_v.rs"
verus failed with time: 55284ms, reverting
commenting out line Lines { lines: 377..=377 } in "./tmp/19/allocation_layer/AllocationBranchBetreeRefinement_v.rs"
verus failed with time: 55924ms, reverting
commenting out line Lines { lines: 1079..=1079 } in "./tmp/4/abstract_system/AbstractCrashAwareSystemRefinement_v.rs"
verus failed with time: 53669ms, reverting
commenting out line Lines { lines: 440..=440 } in "./tmp/21/allocation_layer/LikesBetree_v.rs"
verus failed with time: 54599ms, reverting
commenting out line Lines { lines: 526..=526 } in "./tmp/17/allocation_layer/AllocationBranch_v.rs"
verus succeeded with time: 57926ms, keeping it commented out
commenting out line Lines { lines: 679..=679 } in "./tmp/18/allocation_layer/AllocationBranchBetree_v.rs"
verus succeeded with time: 63131ms, keeping it commented out
commenting out line Lines { lines: 233..=233 } in "./tmp/23/allocation_layer/LikesJournal_v.rs"
verus failed with time: 57065ms, reverting
commenting out line Lines { lines: 351..=380 } in "./tmp/19/allocation_layer/AllocationBranchBetreeRefinement_v.rs"
verus failed with time: 54933ms, reverting
commenting out line Lines { lines: 1080..=1080 } in "./tmp/14/allocation_layer/AllocationJournal_v.rs"
verus failed with time: 58632ms, reverting
commenting out line Lines { lines: 1082..=1088 } in "./tmp/4/abstract_system/AbstractCrashAwareSystemRefinement_v.rs"
verus succeeded with time: 61579ms, keeping it commented out
commenting out line Lines { lines: 441..=441 } in "./tmp/21/allocation_layer/LikesBetree_v.rs"
verus succeeded with time: 63653ms, keeping it commented out
commenting out line Lines { lines: 527..=527 } in "./tmp/17/allocation_layer/AllocationBranch_v.rs"
verus failed with time: 57645ms, reverting
commenting out line Lines { lines: 690..=690 } in "./tmp/18/allocation_layer/AllocationBranchBetree_v.rs"
verus succeeded with time: 60782ms, keeping it commented out
commenting out line Lines { lines: 229..=235 } in "./tmp/23/allocation_layer/LikesJournal_v.rs"
verus failed with time: 57842ms, reverting
commenting out line Lines { lines: 381..=381 } in "./tmp/19/allocation_layer/AllocationBranchBetreeRefinement_v.rs"
verus succeeded with time: 62499ms, keeping it commented out
commenting out line Lines { lines: 1081..=1081 } in "./tmp/14/allocation_layer/AllocationJournal_v.rs"
verus succeeded with time: 61583ms, keeping it commented out
commenting out line Lines { lines: 1092..=1092 } in "./tmp/4/abstract_system/AbstractCrashAwareSystemRefinement_v.rs"
verus failed with time: 57450ms, reverting
commenting out line Lines { lines: 452..=452 } in "./tmp/21/allocation_layer/LikesBetree_v.rs"
verus succeeded with time: 58925ms, keeping it commented out
commenting out line Lines { lines: 528..=528 } in "./tmp/17/allocation_layer/AllocationBranch_v.rs"
verus succeeded with time: 61072ms, keeping it commented out
commenting out line Lines { lines: 692..=692 } in "./tmp/18/allocation_layer/AllocationBranchBetree_v.rs"
verus failed with time: 54077ms, reverting
commenting out line Lines { lines: 236..=236 } in "./tmp/23/allocation_layer/LikesJournal_v.rs"
verus succeeded with time: 60763ms, keeping it commented out
commenting out line Lines { lines: 422..=422 } in "./tmp/19/allocation_layer/AllocationBranchBetreeRefinement_v.rs"
verus succeeded with time: 59983ms, keeping it commented out
commenting out line Lines { lines: 1083..=1083 } in "./tmp/14/allocation_layer/AllocationJournal_v.rs"
verus succeeded with time: 62175ms, keeping it commented out
commenting out line Lines { lines: 1093..=1093 } in "./tmp/4/abstract_system/AbstractCrashAwareSystemRefinement_v.rs"
verus succeeded with time: 60622ms, keeping it commented out
commenting out line Lines { lines: 453..=453 } in "./tmp/21/allocation_layer/LikesBetree_v.rs"
verus failed with time: 55701ms, reverting
commenting out line Lines { lines: 530..=531 } in "./tmp/17/allocation_layer/AllocationBranch_v.rs"
verus failed with time: 57957ms, reverting
commenting out line Lines { lines: 697..=697 } in "./tmp/18/allocation_layer/AllocationBranchBetree_v.rs"
verus failed with time: 58926ms, reverting
commenting out line Lines { lines: 264..=264 } in "./tmp/23/allocation_layer/LikesJournal_v.rs"
verus failed with time: 56196ms, reverting
commenting out line Lines { lines: 423..=424 } in "./tmp/19/allocation_layer/AllocationBranchBetreeRefinement_v.rs"
verus failed with time: 57902ms, reverting
commenting out line Lines { lines: 1085..=1085 } in "./tmp/14/allocation_layer/AllocationJournal_v.rs"
verus succeeded with time: 61772ms, keeping it commented out
commenting out line Lines { lines: 454..=454 } in "./tmp/21/allocation_layer/LikesBetree_v.rs"
verus failed with time: 56115ms, reverting
commenting out line Lines { lines: 1179..=1185 } in "./tmp/4/abstract_system/AbstractCrashAwareSystemRefinement_v.rs"
verus succeeded with time: 61358ms, keeping it commented out
commenting out line Lines { lines: 535..=535 } in "./tmp/17/allocation_layer/AllocationBranch_v.rs"
verus succeeded with time: 62875ms, keeping it commented out
commenting out line Lines { lines: 698..=698 } in "./tmp/18/allocation_layer/AllocationBranchBetree_v.rs"
verus succeeded with time: 61412ms, keeping it commented out
commenting out line Lines { lines: 265..=267 } in "./tmp/23/allocation_layer/LikesJournal_v.rs"
verus succeeded with time: 59950ms, keeping it commented out
commenting out line Lines { lines: 427..=427 } in "./tmp/19/allocation_layer/AllocationBranchBetreeRefinement_v.rs"
verus succeeded with time: 58374ms, keeping it commented out
commenting out line Lines { lines: 1086..=1086 } in "./tmp/14/allocation_layer/AllocationJournal_v.rs"
verus succeeded with time: 59126ms, keeping it commented out
commenting out line Lines { lines: 1255..=1256 } in "./tmp/4/abstract_system/AbstractCrashAwareSystemRefinement_v.rs"
verus failed with time: 56961ms, reverting
commenting out line Lines { lines: 455..=455 } in "./tmp/21/allocation_layer/LikesBetree_v.rs"
verus succeeded with time: 61130ms, keeping it commented out
commenting out line Lines { lines: 536..=536 } in "./tmp/17/allocation_layer/AllocationBranch_v.rs"
verus failed with time: 54693ms, reverting
commenting out line Lines { lines: 694..=699 } in "./tmp/18/allocation_layer/AllocationBranchBetree_v.rs"
verus failed with time: 54607ms, reverting
commenting out line Lines { lines: 275..=275 } in "./tmp/23/allocation_layer/LikesJournal_v.rs"
verus failed with time: 57901ms, reverting
commenting out line Lines { lines: 428..=429 } in "./tmp/19/allocation_layer/AllocationBranchBetreeRefinement_v.rs"
verus failed with time: 55814ms, reverting
commenting out line Lines { lines: 1087..=1087 } in "./tmp/14/allocation_layer/AllocationJournal_v.rs"
verus succeeded with time: 62776ms, keeping it commented out
commenting out line Lines { lines: 1275..=1278 } in "./tmp/4/abstract_system/AbstractCrashAwareSystemRefinement_v.rs"
verus succeeded with time: 64909ms, keeping it commented out
commenting out line Lines { lines: 456..=456 } in "./tmp/21/allocation_layer/LikesBetree_v.rs"
verus succeeded with time: 63027ms, keeping it commented out
commenting out line Lines { lines: 534..=537 } in "./tmp/17/allocation_layer/AllocationBranch_v.rs"
verus failed with time: 57702ms, reverting
commenting out line Lines { lines: 693..=700 } in "./tmp/18/allocation_layer/AllocationBranchBetree_v.rs"
verus failed with time: 57848ms, reverting
commenting out line Lines { lines: 279..=279 } in "./tmp/23/allocation_layer/LikesJournal_v.rs"
verus failed with time: 53574ms, reverting
commenting out line Lines { lines: 432..=432 } in "./tmp/19/allocation_layer/AllocationBranchBetreeRefinement_v.rs"
verus succeeded with time: 59668ms, keeping it commented out
commenting out line Lines { lines: 1088..=1088 } in "./tmp/14/allocation_layer/AllocationJournal_v.rs"
verus succeeded with time: 62320ms, keeping it commented out
commenting out line Lines { lines: 492..=492 } in "./tmp/21/allocation_layer/LikesBetree_v.rs"
verus failed with time: 56339ms, reverting
commenting out line Lines { lines: 1279..=1282 } in "./tmp/4/abstract_system/AbstractCrashAwareSystemRefinement_v.rs"
verus succeeded with time: 60611ms, keeping it commented out
commenting out line Lines { lines: 544..=544 } in "./tmp/17/allocation_layer/AllocationBranch_v.rs"
verus succeeded with time: 59197ms, keeping it commented out
commenting out line Lines { lines: 269..=282 } in "./tmp/23/allocation_layer/LikesJournal_v.rs"
verus failed with time: 55275ms, reverting
commenting out line Lines { lines: 707..=707 } in "./tmp/18/allocation_layer/AllocationBranchBetree_v.rs"
verus succeeded with time: 58419ms, keeping it commented out
commenting out line Lines { lines: 433..=433 } in "./tmp/19/allocation_layer/AllocationBranchBetreeRefinement_v.rs"
verus failed with time: 57375ms, reverting
commenting out line Lines { lines: 1089..=1089 } in "./tmp/14/allocation_layer/AllocationJournal_v.rs"
verus succeeded with time: 60916ms, keeping it commented out
commenting out line Lines { lines: 493..=493 } in "./tmp/21/allocation_layer/LikesBetree_v.rs"
verus failed with time: 57687ms, reverting
commenting out line Lines { lines: 1285..=1285 } in "./tmp/4/abstract_system/AbstractCrashAwareSystemRefinement_v.rs"
verus failed with time: 58191ms, reverting
commenting out line Lines { lines: 553..=553 } in "./tmp/17/allocation_layer/AllocationBranch_v.rs"
verus succeeded with time: 60510ms, keeping it commented out
commenting out line Lines { lines: 329..=329 } in "./tmp/23/allocation_layer/LikesJournal_v.rs"
verus failed with time: 55888ms, reverting
commenting out line Lines { lines: 708..=708 } in "./tmp/18/allocation_layer/AllocationBranchBetree_v.rs"
verus succeeded with time: 64306ms, keeping it commented out
commenting out line Lines { lines: 434..=434 } in "./tmp/19/allocation_layer/AllocationBranchBetreeRefinement_v.rs"
verus succeeded with time: 62327ms, keeping it commented out
commenting out line Lines { lines: 494..=495 } in "./tmp/21/allocation_layer/LikesBetree_v.rs"
verus failed with time: 54732ms, reverting
commenting out line Lines { lines: 1090..=1090 } in "./tmp/14/allocation_layer/AllocationJournal_v.rs"
verus succeeded with time: 59869ms, keeping it commented out
commenting out line Lines { lines: 1289..=1293 } in "./tmp/4/abstract_system/AbstractCrashAwareSystemRefinement_v.rs"
verus failed with time: 57160ms, reverting
commenting out line Lines { lines: 554..=554 } in "./tmp/17/allocation_layer/AllocationBranch_v.rs"
verus failed with time: 55393ms, reverting
commenting out line Lines { lines: 330..=330 } in "./tmp/23/allocation_layer/LikesJournal_v.rs"
verus failed with time: 55366ms, reverting
commenting out line Lines { lines: 713..=713 } in "./tmp/18/allocation_layer/AllocationBranchBetree_v.rs"
verus failed with time: 56721ms, reverting
commenting out line Lines { lines: 435..=436 } in "./tmp/19/allocation_layer/AllocationBranchBetreeRefinement_v.rs"
verus failed with time: 57921ms, reverting
commenting out line Lines { lines: 438..=438 } in "./tmp/19/allocation_layer/AllocationBranchBetreeRefinement_v.rs"
verus failed with time: 9440ms, reverting
commenting out line Lines { lines: 503..=504 } in "./tmp/21/allocation_layer/LikesBetree_v.rs"
verus failed with time: 56974ms, reverting
commenting out line Lines { lines: 1295..=1295 } in "./tmp/4/abstract_system/AbstractCrashAwareSystemRefinement_v.rs"
verus failed with time: 55727ms, reverting
commenting out line Lines { lines: 1092..=1092 } in "./tmp/14/allocation_layer/AllocationJournal_v.rs"
verus succeeded with time: 60150ms, keeping it commented out
commenting out line Lines { lines: 559..=566 } in "./tmp/17/allocation_layer/AllocationBranch_v.rs"
verus failed with time: 57123ms, reverting
commenting out line Lines { lines: 335..=335 } in "./tmp/23/allocation_layer/LikesJournal_v.rs"
verus succeeded with time: 62298ms, keeping it commented out
commenting out line Lines { lines: 715..=715 } in "./tmp/18/allocation_layer/AllocationBranchBetree_v.rs"
verus succeeded with time: 60568ms, keeping it commented out
commenting out line Lines { lines: 462..=462 } in "./tmp/19/allocation_layer/AllocationBranchBetreeRefinement_v.rs"
verus succeeded with time: 61030ms, keeping it commented out
commenting out line Lines { lines: 505..=507 } in "./tmp/21/allocation_layer/LikesBetree_v.rs"
verus failed with time: 56577ms, reverting
commenting out line Lines { lines: 1300..=1302 } in "./tmp/4/abstract_system/AbstractCrashAwareSystemRefinement_v.rs"
verus failed with time: 56141ms, reverting
commenting out line Lines { lines: 1093..=1093 } in "./tmp/14/allocation_layer/AllocationJournal_v.rs"
verus succeeded with time: 60889ms, keeping it commented out
commenting out line Lines { lines: 546..=569 } in "./tmp/17/allocation_layer/AllocationBranch_v.rs"
verus failed with time: 57257ms, reverting
commenting out line Lines { lines: 336..=336 } in "./tmp/23/allocation_layer/LikesJournal_v.rs"
verus succeeded with time: 60929ms, keeping it commented out
commenting out line Lines { lines: 716..=716 } in "./tmp/18/allocation_layer/AllocationBranchBetree_v.rs"
verus succeeded with time: 61087ms, keeping it commented out
commenting out line Lines { lines: 463..=465 } in "./tmp/19/allocation_layer/AllocationBranchBetreeRefinement_v.rs"
verus failed with time: 56981ms, reverting
commenting out line Lines { lines: 511..=511 } in "./tmp/21/allocation_layer/LikesBetree_v.rs"
verus failed with time: 57353ms, reverting
commenting out line Lines { lines: 1303..=1303 } in "./tmp/4/abstract_system/AbstractCrashAwareSystemRefinement_v.rs"
verus failed with time: 57464ms, reverting
commenting out line Lines { lines: 570..=570 } in "./tmp/17/allocation_layer/AllocationBranch_v.rs"
verus failed with time: 57851ms, reverting
commenting out line Lines { lines: 1094..=1094 } in "./tmp/14/allocation_layer/AllocationJournal_v.rs"
verus succeeded with time: 63523ms, keeping it commented out
commenting out line Lines { lines: 356..=356 } in "./tmp/23/allocation_layer/LikesJournal_v.rs"
verus succeeded with time: 61201ms, keeping it commented out
commenting out line Lines { lines: 714..=717 } in "./tmp/18/allocation_layer/AllocationBranchBetree_v.rs"
verus succeeded with time: 61179ms, keeping it commented out
commenting out line Lines { lines: 469..=469 } in "./tmp/19/allocation_layer/AllocationBranchBetreeRefinement_v.rs"
verus succeeded with time: 60925ms, keeping it commented out
commenting out line Lines { lines: 512..=512 } in "./tmp/21/allocation_layer/LikesBetree_v.rs"
verus succeeded with time: 61640ms, keeping it commented out
commenting out line Lines { lines: 1307..=1307 } in "./tmp/4/abstract_system/AbstractCrashAwareSystemRefinement_v.rs"
verus succeeded with time: 61445ms, keeping it commented out
commenting out line Lines { lines: 571..=571 } in "./tmp/17/allocation_layer/AllocationBranch_v.rs"
verus succeeded with time: 58846ms, keeping it commented out
commenting out line Lines { lines: 1060..=1098 } in "./tmp/14/allocation_layer/AllocationJournal_v.rs"
verus failed with time: 55414ms, reverting
commenting out line Lines { lines: 358..=358 } in "./tmp/23/allocation_layer/LikesJournal_v.rs"
verus succeeded with time: 62979ms, keeping it commented out
commenting out line Lines { lines: 720..=720 } in "./tmp/18/allocation_layer/AllocationBranchBetree_v.rs"
verus succeeded with time: 61391ms, keeping it commented out
commenting out line Lines { lines: 555..=555 } in "./tmp/21/allocation_layer/LikesBetree_v.rs"
verus failed with time: 55502ms, reverting
commenting out line Lines { lines: 471..=472 } in "./tmp/19/allocation_layer/AllocationBranchBetreeRefinement_v.rs"
verus succeeded with time: 59742ms, keeping it commented out
commenting out line Lines { lines: 1366..=1366 } in "./tmp/4/abstract_system/AbstractCrashAwareSystemRefinement_v.rs"
verus succeeded with time: 60414ms, keeping it commented out
commenting out line Lines { lines: 573..=573 } in "./tmp/17/allocation_layer/AllocationBranch_v.rs"
verus succeeded with time: 62095ms, keeping it commented out
commenting out line Lines { lines: 1100..=1100 } in "./tmp/14/allocation_layer/AllocationJournal_v.rs"
verus succeeded with time: 62267ms, keeping it commented out
commenting out line Lines { lines: 359..=359 } in "./tmp/23/allocation_layer/LikesJournal_v.rs"
verus succeeded with time: 58895ms, keeping it commented out
commenting out line Lines { lines: 726..=726 } in "./tmp/18/allocation_layer/AllocationBranchBetree_v.rs"
verus succeeded with time: 60858ms, keeping it commented out
commenting out line Lines { lines: 559..=559 } in "./tmp/21/allocation_layer/LikesBetree_v.rs"
verus succeeded with time: 59479ms, keeping it commented out
commenting out line Lines { lines: 473..=473 } in "./tmp/19/allocation_layer/AllocationBranchBetreeRefinement_v.rs"
verus succeeded with time: 60602ms, keeping it commented out
commenting out line Lines { lines: 1370..=1371 } in "./tmp/4/abstract_system/AbstractCrashAwareSystemRefinement_v.rs"
verus succeeded with time: 60173ms, keeping it commented out
commenting out line Lines { lines: 579..=579 } in "./tmp/17/allocation_layer/AllocationBranch_v.rs"
verus failed with time: 57858ms, reverting
commenting out line Lines { lines: 1104..=1104 } in "./tmp/14/allocation_layer/AllocationJournal_v.rs"
verus succeeded with time: 61098ms, keeping it commented out
commenting out line Lines { lines: 353..=361 } in "./tmp/23/allocation_layer/LikesJournal_v.rs"
verus failed with time: 53915ms, reverting
commenting out line Lines { lines: 721..=727 } in "./tmp/18/allocation_layer/AllocationBranchBetree_v.rs"
verus failed with time: 55209ms, reverting
commenting out line Lines { lines: 561..=561 } in "./tmp/21/allocation_layer/LikesBetree_v.rs"
verus failed with time: 55718ms, reverting
commenting out line Lines { lines: 487..=490 } in "./tmp/19/allocation_layer/AllocationBranchBetreeRefinement_v.rs"
verus failed with time: 56509ms, reverting
commenting out line Lines { lines: 575..=580 } in "./tmp/17/allocation_layer/AllocationBranch_v.rs"
verus failed with time: 57067ms, reverting
commenting out line Lines { lines: 1665..=1665 } in "./tmp/4/abstract_system/AbstractCrashAwareSystemRefinement_v.rs"
verus succeeded with time: 61822ms, keeping it commented out
commenting out line Lines { lines: 1106..=1106 } in "./tmp/14/allocation_layer/AllocationJournal_v.rs"
verus failed with time: 55870ms, reverting
commenting out line Lines { lines: 398..=400 } in "./tmp/23/allocation_layer/LikesJournal_v.rs"
verus failed with time: 54557ms, reverting
commenting out line Lines { lines: 728..=728 } in "./tmp/18/allocation_layer/AllocationBranchBetree_v.rs"
verus succeeded with time: 62689ms, keeping it commented out
commenting out line Lines { lines: 558..=563 } in "./tmp/21/allocation_layer/LikesBetree_v.rs"
verus failed with time: 57549ms, reverting
commenting out line Lines { lines: 498..=498 } in "./tmp/19/allocation_layer/AllocationBranchBetreeRefinement_v.rs"
verus succeeded with time: 64539ms, keeping it commented out
commenting out line Lines { lines: 582..=582 } in "./tmp/17/allocation_layer/AllocationBranch_v.rs"
verus failed with time: 56705ms, reverting
commenting out line Lines { lines: 1696..=1696 } in "./tmp/4/abstract_system/AbstractCrashAwareSystemRefinement_v.rs"
verus succeeded with time: 61296ms, keeping it commented out
minimization of ./tmp/4/abstract_system/AbstractCrashAwareSystemRefinement_v.rs is completed
commenting out line Lines { lines: 1107..=1107 } in "./tmp/14/allocation_layer/AllocationJournal_v.rs"
verus succeeded with time: 60748ms, keeping it commented out
commenting out line Lines { lines: 405..=407 } in "./tmp/23/allocation_layer/LikesJournal_v.rs"
verus failed with time: 57819ms, reverting
commenting out line Lines { lines: 570..=570 } in "./tmp/21/allocation_layer/LikesBetree_v.rs"
verus failed with time: 55854ms, reverting
commenting out line Lines { lines: 743..=745 } in "./tmp/18/allocation_layer/AllocationBranchBetree_v.rs"
verus succeeded with time: 63448ms, keeping it commented out
commenting out line Lines { lines: 583..=583 } in "./tmp/17/allocation_layer/AllocationBranch_v.rs"
verus failed with time: 53973ms, reverting
commenting out line Lines { lines: 502..=502 } in "./tmp/19/allocation_layer/AllocationBranchBetreeRefinement_v.rs"
verus succeeded with time: 59816ms, keeping it commented out
commenting out line Lines { lines: 45..=45 } in "./tmp/24/allocation_layer/LikesJournalRefinement_v.rs"
verus succeeded with time: 60557ms, keeping it commented out
commenting out line Lines { lines: 1110..=1110 } in "./tmp/14/allocation_layer/AllocationJournal_v.rs"
verus succeeded with time: 61729ms, keeping it commented out
commenting out line Lines { lines: 386..=409 } in "./tmp/23/allocation_layer/LikesJournal_v.rs"
verus failed with time: 53848ms, reverting
commenting out line Lines { lines: 573..=573 } in "./tmp/21/allocation_layer/LikesBetree_v.rs"
verus succeeded with time: 62199ms, keeping it commented out
commenting out line Lines { lines: 746..=746 } in "./tmp/18/allocation_layer/AllocationBranchBetree_v.rs"
verus succeeded with time: 59243ms, keeping it commented out
commenting out line Lines { lines: 584..=584 } in "./tmp/17/allocation_layer/AllocationBranch_v.rs"
verus succeeded with time: 61928ms, keeping it commented out
minimization of ./tmp/17/allocation_layer/AllocationBranch_v.rs is completed
minimization of ./tmp/25/allocation_layer/MiniAllocator_v.rs is completed
commenting out line Lines { lines: 503..=503 } in "./tmp/19/allocation_layer/AllocationBranchBetreeRefinement_v.rs"
verus succeeded with time: 60815ms, keeping it commented out
commenting out line Lines { lines: 55..=55 } in "./tmp/24/allocation_layer/LikesJournalRefinement_v.rs"
verus succeeded with time: 60826ms, keeping it commented out
commenting out line Lines { lines: 519..=519 } in "./tmp/23/allocation_layer/LikesJournal_v.rs"
verus failed with time: 56521ms, reverting
commenting out line Lines { lines: 1112..=1112 } in "./tmp/14/allocation_layer/AllocationJournal_v.rs"
verus succeeded with time: 58742ms, keeping it commented out
commenting out line Lines { lines: 747..=747 } in "./tmp/18/allocation_layer/AllocationBranchBetree_v.rs"
verus succeeded with time: 59599ms, keeping it commented out
commenting out line Lines { lines: 583..=583 } in "./tmp/21/allocation_layer/LikesBetree_v.rs"
verus succeeded with time: 62868ms, keeping it commented out
commenting out line Lines { lines: 94..=98 } in "./tmp/26/allocation_layer/UnifiedCrashAwareJournalRefinement_v.rs"
verus failed with time: 55198ms, reverting
commenting out line Lines { lines: 505..=505 } in "./tmp/19/allocation_layer/AllocationBranchBetreeRefinement_v.rs"
verus succeeded with time: 59402ms, keeping it commented out
commenting out line Lines { lines: 63..=65 } in "./tmp/24/allocation_layer/LikesJournalRefinement_v.rs"
verus failed with time: 55931ms, reverting
commenting out line Lines { lines: 516..=520 } in "./tmp/23/allocation_layer/LikesJournal_v.rs"
verus failed with time: 56230ms, reverting
commenting out line Lines { lines: 1113..=1113 } in "./tmp/14/allocation_layer/AllocationJournal_v.rs"
verus failed with time: 58960ms, reverting
commenting out line Lines { lines: 584..=584 } in "./tmp/21/allocation_layer/LikesBetree_v.rs"
verus succeeded with time: 59328ms, keeping it commented out
commenting out line Lines { lines: 766..=766 } in "./tmp/18/allocation_layer/AllocationBranchBetree_v.rs"
verus succeeded with time: 63851ms, keeping it commented out
commenting out line Lines { lines: 109..=109 } in "./tmp/26/allocation_layer/UnifiedCrashAwareJournalRefinement_v.rs"
verus succeeded with time: 60746ms, keeping it commented out
commenting out line Lines { lines: 506..=507 } in "./tmp/19/allocation_layer/AllocationBranchBetreeRefinement_v.rs"
verus succeeded with time: 62478ms, keeping it commented out
commenting out line Lines { lines: 521..=521 } in "./tmp/23/allocation_layer/LikesJournal_v.rs"
verus failed with time: 57377ms, reverting
commenting out line Lines { lines: 1114..=1114 } in "./tmp/14/allocation_layer/AllocationJournal_v.rs"
verus failed with time: 54424ms, reverting
commenting out line Lines { lines: 68..=68 } in "./tmp/24/allocation_layer/LikesJournalRefinement_v.rs"
verus succeeded with time: 60793ms, keeping it commented out
commenting out line Lines { lines: 575..=585 } in "./tmp/21/allocation_layer/LikesBetree_v.rs"
verus failed with time: 56246ms, reverting
commenting out line Lines { lines: 768..=770 } in "./tmp/18/allocation_layer/AllocationBranchBetree_v.rs"
verus failed with time: 57542ms, reverting
commenting out line Lines { lines: 116..=116 } in "./tmp/26/allocation_layer/UnifiedCrashAwareJournalRefinement_v.rs"
verus succeeded with time: 61593ms, keeping it commented out
commenting out line Lines { lines: 508..=508 } in "./tmp/19/allocation_layer/AllocationBranchBetreeRefinement_v.rs"
verus succeeded with time: 62351ms, keeping it commented out
commenting out line Lines { lines: 545..=545 } in "./tmp/23/allocation_layer/LikesJournal_v.rs"
verus succeeded with time: 61999ms, keeping it commented out
commenting out line Lines { lines: 71..=71 } in "./tmp/24/allocation_layer/LikesJournalRefinement_v.rs"
verus succeeded with time: 61257ms, keeping it commented out
commenting out line Lines { lines: 1115..=1115 } in "./tmp/14/allocation_layer/AllocationJournal_v.rs"
verus succeeded with time: 62682ms, keeping it commented out
commenting out line Lines { lines: 603..=603 } in "./tmp/21/allocation_layer/LikesBetree_v.rs"
verus failed with time: 54286ms, reverting
commenting out line Lines { lines: 776..=778 } in "./tmp/18/allocation_layer/AllocationBranchBetree_v.rs"
verus succeeded with time: 58708ms, keeping it commented out
commenting out line Lines { lines: 118..=118 } in "./tmp/26/allocation_layer/UnifiedCrashAwareJournalRefinement_v.rs"
verus succeeded with time: 58704ms, keeping it commented out
commenting out line Lines { lines: 513..=513 } in "./tmp/19/allocation_layer/AllocationBranchBetreeRefinement_v.rs"
verus succeeded with time: 61035ms, keeping it commented out
commenting out line Lines { lines: 76..=76 } in "./tmp/24/allocation_layer/LikesJournalRefinement_v.rs"
verus failed with time: 58986ms, reverting
commenting out line Lines { lines: 792..=792 } in "./tmp/23/allocation_layer/LikesJournal_v.rs"
verus succeeded with time: 61695ms, keeping it commented out
commenting out line Lines { lines: 1118..=1118 } in "./tmp/14/allocation_layer/AllocationJournal_v.rs"
verus succeeded with time: 62415ms, keeping it commented out
commenting out line Lines { lines: 587..=604 } in "./tmp/21/allocation_layer/LikesBetree_v.rs"
verus failed with time: 57682ms, reverting
commenting out line Lines { lines: 783..=783 } in "./tmp/18/allocation_layer/AllocationBranchBetree_v.rs"
verus failed with time: 54974ms, reverting
commenting out line Lines { lines: 127..=127 } in "./tmp/26/allocation_layer/UnifiedCrashAwareJournalRefinement_v.rs"
verus succeeded with time: 60583ms, keeping it commented out
commenting out line Lines { lines: 73..=77 } in "./tmp/24/allocation_layer/LikesJournalRefinement_v.rs"
verus failed with time: 59395ms, reverting
commenting out line Lines { lines: 514..=514 } in "./tmp/19/allocation_layer/AllocationBranchBetreeRefinement_v.rs"
verus succeeded with time: 63221ms, keeping it commented out
commenting out line Lines { lines: 1119..=1119 } in "./tmp/14/allocation_layer/AllocationJournal_v.rs"
verus failed with time: 59446ms, reverting
commenting out line Lines { lines: 795..=795 } in "./tmp/23/allocation_layer/LikesJournal_v.rs"
verus succeeded with time: 63105ms, keeping it commented out
commenting out line Lines { lines: 565..=605 } in "./tmp/21/allocation_layer/LikesBetree_v.rs"
verus failed with time: 59016ms, reverting
commenting out line Lines { lines: 781..=785 } in "./tmp/18/allocation_layer/AllocationBranchBetree_v.rs"
verus failed with time: 55383ms, reverting
commenting out line Lines { lines: 128..=128 } in "./tmp/26/allocation_layer/UnifiedCrashAwareJournalRefinement_v.rs"
verus succeeded with time: 61304ms, keeping it commented out
commenting out line Lines { lines: 78..=78 } in "./tmp/24/allocation_layer/LikesJournalRefinement_v.rs"
verus succeeded with time: 62774ms, keeping it commented out
commenting out line Lines { lines: 517..=517 } in "./tmp/19/allocation_layer/AllocationBranchBetreeRefinement_v.rs"
verus succeeded with time: 61298ms, keeping it commented out
commenting out line Lines { lines: 1120..=1120 } in "./tmp/14/allocation_layer/AllocationJournal_v.rs"
verus succeeded with time: 60376ms, keeping it commented out
commenting out line Lines { lines: 802..=802 } in "./tmp/23/allocation_layer/LikesJournal_v.rs"
verus succeeded with time: 61851ms, keeping it commented out
commenting out line Lines { lines: 786..=788 } in "./tmp/18/allocation_layer/AllocationBranchBetree_v.rs"
verus failed with time: 57506ms, reverting
commenting out line Lines { lines: 641..=641 } in "./tmp/21/allocation_layer/LikesBetree_v.rs"
verus succeeded with time: 61779ms, keeping it commented out
commenting out line Lines { lines: 130..=130 } in "./tmp/26/allocation_layer/UnifiedCrashAwareJournalRefinement_v.rs"
verus succeeded with time: 63815ms, keeping it commented out
commenting out line Lines { lines: 79..=79 } in "./tmp/24/allocation_layer/LikesJournalRefinement_v.rs"
verus failed with time: 58634ms, reverting
commenting out line Lines { lines: 1121..=1121 } in "./tmp/14/allocation_layer/AllocationJournal_v.rs"
verus succeeded with time: 60958ms, keeping it commented out
commenting out line Lines { lines: 518..=518 } in "./tmp/19/allocation_layer/AllocationBranchBetreeRefinement_v.rs"
verus succeeded with time: 61387ms, keeping it commented out
commenting out line Lines { lines: 805..=805 } in "./tmp/23/allocation_layer/LikesJournal_v.rs"
verus succeeded with time: 61558ms, keeping it commented out
commenting out line Lines { lines: 789..=789 } in "./tmp/18/allocation_layer/AllocationBranchBetree_v.rs"
verus succeeded with time: 62538ms, keeping it commented out
commenting out line Lines { lines: 642..=642 } in "./tmp/21/allocation_layer/LikesBetree_v.rs"
verus succeeded with time: 58924ms, keeping it commented out
commenting out line Lines { lines: 131..=131 } in "./tmp/26/allocation_layer/UnifiedCrashAwareJournalRefinement_v.rs"
verus succeeded with time: 58553ms, keeping it commented out
commenting out line Lines { lines: 1123..=1124 } in "./tmp/14/allocation_layer/AllocationJournal_v.rs"
verus failed with time: 56115ms, reverting
commenting out line Lines { lines: 80..=80 } in "./tmp/24/allocation_layer/LikesJournalRefinement_v.rs"
verus succeeded with time: 62331ms, keeping it commented out
commenting out line Lines { lines: 520..=520 } in "./tmp/19/allocation_layer/AllocationBranchBetreeRefinement_v.rs"
verus succeeded with time: 61047ms, keeping it commented out
commenting out line Lines { lines: 807..=807 } in "./tmp/23/allocation_layer/LikesJournal_v.rs"
verus succeeded with time: 61480ms, keeping it commented out
minimization of ./tmp/23/allocation_layer/LikesJournal_v.rs is completed
commenting out line Lines { lines: 644..=644 } in "./tmp/21/allocation_layer/LikesBetree_v.rs"
verus failed with time: 56240ms, reverting
commenting out line Lines { lines: 790..=790 } in "./tmp/18/allocation_layer/AllocationBranchBetree_v.rs"
verus succeeded with time: 62182ms, keeping it commented out
commenting out line Lines { lines: 132..=132 } in "./tmp/26/allocation_layer/UnifiedCrashAwareJournalRefinement_v.rs"
verus succeeded with time: 60796ms, keeping it commented out
commenting out line Lines { lines: 1122..=1125 } in "./tmp/14/allocation_layer/AllocationJournal_v.rs"
verus failed with time: 57247ms, reverting
commenting out line Lines { lines: 535..=538 } in "./tmp/19/allocation_layer/AllocationBranchBetreeRefinement_v.rs"
verus failed with time: 56364ms, reverting
commenting out line Lines { lines: 104..=104 } in "./tmp/24/allocation_layer/LikesJournalRefinement_v.rs"
verus succeeded with time: 60956ms, keeping it commented out
commenting out line Lines { lines: 98..=98 } in "./tmp/27/allocation_layer/UnifiedCrashAwareJournal_v.rs"
verus succeeded with time: 62543ms, keeping it commented out
commenting out line Lines { lines: 645..=645 } in "./tmp/21/allocation_layer/LikesBetree_v.rs"
verus failed with time: 54251ms, reverting
commenting out line Lines { lines: 99..=99 } in "./tmp/27/allocation_layer/UnifiedCrashAwareJournal_v.rs"
verus failed with time: 8226ms, reverting
commenting out line Lines { lines: 813..=815 } in "./tmp/18/allocation_layer/AllocationBranchBetree_v.rs"
verus failed with time: 57031ms, reverting
commenting out line Lines { lines: 134..=134 } in "./tmp/26/allocation_layer/UnifiedCrashAwareJournalRefinement_v.rs"
verus failed with time: 55870ms, reverting
commenting out line Lines { lines: 1127..=1127 } in "./tmp/14/allocation_layer/AllocationJournal_v.rs"
verus succeeded with time: 60699ms, keeping it commented out
commenting out line Lines { lines: 550..=550 } in "./tmp/19/allocation_layer/AllocationBranchBetreeRefinement_v.rs"
verus succeeded with time: 59239ms, keeping it commented out
commenting out line Lines { lines: 105..=105 } in "./tmp/24/allocation_layer/LikesJournalRefinement_v.rs"
verus succeeded with time: 61670ms, keeping it commented out
commenting out line Lines { lines: 102..=102 } in "./tmp/27/allocation_layer/UnifiedCrashAwareJournal_v.rs"
verus succeeded with time: 61287ms, keeping it commented out
commenting out line Lines { lines: 650..=651 } in "./tmp/21/allocation_layer/LikesBetree_v.rs"
verus succeeded with time: 62658ms, keeping it commented out
commenting out line Lines { lines: 826..=828 } in "./tmp/18/allocation_layer/AllocationBranchBetree_v.rs"
verus failed with time: 57102ms, reverting
commenting out line Lines { lines: 135..=135 } in "./tmp/26/allocation_layer/UnifiedCrashAwareJournalRefinement_v.rs"
verus succeeded with time: 59252ms, keeping it commented out
commenting out line Lines { lines: 1133..=1133 } in "./tmp/14/allocation_layer/AllocationJournal_v.rs"
verus succeeded with time: 61827ms, keeping it commented out
commenting out line Lines { lines: 551..=552 } in "./tmp/19/allocation_layer/AllocationBranchBetreeRefinement_v.rs"
verus succeeded with time: 61068ms, keeping it commented out
commenting out line Lines { lines: 106..=106 } in "./tmp/24/allocation_layer/LikesJournalRefinement_v.rs"
verus succeeded with time: 61551ms, keeping it commented out
commenting out line Lines { lines: 103..=103 } in "./tmp/27/allocation_layer/UnifiedCrashAwareJournal_v.rs"
verus succeeded with time: 59391ms, keeping it commented out
commenting out line Lines { lines: 841..=841 } in "./tmp/18/allocation_layer/AllocationBranchBetree_v.rs"
verus failed with time: 57519ms, reverting
commenting out line Lines { lines: 653..=654 } in "./tmp/21/allocation_layer/LikesBetree_v.rs"
verus succeeded with time: 61482ms, keeping it commented out
commenting out line Lines { lines: 136..=136 } in "./tmp/26/allocation_layer/UnifiedCrashAwareJournalRefinement_v.rs"
verus succeeded with time: 56813ms, keeping it commented out
commenting out line Lines { lines: 1135..=1135 } in "./tmp/14/allocation_layer/AllocationJournal_v.rs"
verus succeeded with time: 60118ms, keeping it commented out
commenting out line Lines { lines: 558..=558 } in "./tmp/19/allocation_layer/AllocationBranchBetreeRefinement_v.rs"
verus succeeded with time: 59456ms, keeping it commented out
commenting out line Lines { lines: 109..=109 } in "./tmp/24/allocation_layer/LikesJournalRefinement_v.rs"
verus succeeded with time: 60902ms, keeping it commented out
commenting out line Lines { lines: 839..=843 } in "./tmp/18/allocation_layer/AllocationBranchBetree_v.rs"
verus failed with time: 57109ms, reverting
commenting out line Lines { lines: 104..=104 } in "./tmp/27/allocation_layer/UnifiedCrashAwareJournal_v.rs"
verus succeeded with time: 60741ms, keeping it commented out
commenting out line Lines { lines: 656..=657 } in "./tmp/21/allocation_layer/LikesBetree_v.rs"
verus succeeded with time: 59324ms, keeping it commented out
commenting out line Lines { lines: 139..=139 } in "./tmp/26/allocation_layer/UnifiedCrashAwareJournalRefinement_v.rs"
verus succeeded with time: 64032ms, keeping it commented out
commenting out line Lines { lines: 1154..=1154 } in "./tmp/14/allocation_layer/AllocationJournal_v.rs"
verus failed with time: 55997ms, reverting
commenting out line Lines { lines: 559..=560 } in "./tmp/19/allocation_layer/AllocationBranchBetreeRefinement_v.rs"
verus succeeded with time: 59042ms, keeping it commented out
commenting out line Lines { lines: 113..=113 } in "./tmp/24/allocation_layer/LikesJournalRefinement_v.rs"
verus succeeded with time: 63005ms, keeping it commented out
commenting out line Lines { lines: 391..=393 } in "./tmp/27/allocation_layer/UnifiedCrashAwareJournal_v.rs"
verus failed with time: 55825ms, reverting
commenting out line Lines { lines: 845..=845 } in "./tmp/18/allocation_layer/AllocationBranchBetree_v.rs"
verus succeeded with time: 61320ms, keeping it commented out
commenting out line Lines { lines: 659..=660 } in "./tmp/21/allocation_layer/LikesBetree_v.rs"
verus succeeded with time: 58543ms, keeping it commented out
commenting out line Lines { lines: 140..=140 } in "./tmp/26/allocation_layer/UnifiedCrashAwareJournalRefinement_v.rs"
verus failed with time: 54367ms, reverting
commenting out line Lines { lines: 1155..=1155 } in "./tmp/14/allocation_layer/AllocationJournal_v.rs"
verus succeeded with time: 58522ms, keeping it commented out
commenting out line Lines { lines: 613..=613 } in "./tmp/19/allocation_layer/AllocationBranchBetreeRefinement_v.rs"
verus failed with time: 54795ms, reverting
commenting out line Lines { lines: 118..=118 } in "./tmp/24/allocation_layer/LikesJournalRefinement_v.rs"
verus succeeded with time: 61448ms, keeping it commented out
commenting out line Lines { lines: 690..=690 } in "./tmp/21/allocation_layer/LikesBetree_v.rs"
verus failed with time: 56457ms, reverting
commenting out line Lines { lines: 404..=404 } in "./tmp/27/allocation_layer/UnifiedCrashAwareJournal_v.rs"
verus succeeded with time: 62193ms, keeping it commented out
commenting out line Lines { lines: 846..=846 } in "./tmp/18/allocation_layer/AllocationBranchBetree_v.rs"
verus succeeded with time: 61275ms, keeping it commented out
commenting out line Lines { lines: 182..=182 } in "./tmp/26/allocation_layer/UnifiedCrashAwareJournalRefinement_v.rs"
verus failed with time: 56047ms, reverting
commenting out line Lines { lines: 1159..=1159 } in "./tmp/14/allocation_layer/AllocationJournal_v.rs"
verus succeeded with time: 58557ms, keeping it commented out
commenting out line Lines { lines: 616..=616 } in "./tmp/19/allocation_layer/AllocationBranchBetreeRefinement_v.rs"
verus succeeded with time: 62076ms, keeping it commented out
commenting out line Lines { lines: 691..=691 } in "./tmp/21/allocation_layer/LikesBetree_v.rs"
verus failed with time: 57791ms, reverting
commenting out line Lines { lines: 119..=119 } in "./tmp/24/allocation_layer/LikesJournalRefinement_v.rs"
verus succeeded with time: 62572ms, keeping it commented out
commenting out line Lines { lines: 405..=405 } in "./tmp/27/allocation_layer/UnifiedCrashAwareJournal_v.rs"
verus succeeded with time: 60076ms, keeping it commented out
commenting out line Lines { lines: 850..=851 } in "./tmp/18/allocation_layer/AllocationBranchBetree_v.rs"
verus failed with time: 58725ms, reverting
commenting out line Lines { lines: 262..=262 } in "./tmp/26/allocation_layer/UnifiedCrashAwareJournalRefinement_v.rs"
verus succeeded with time: 63457ms, keeping it commented out
commenting out line Lines { lines: 1173..=1173 } in "./tmp/14/allocation_layer/AllocationJournal_v.rs"
verus failed with time: 55259ms, reverting
commenting out line Lines { lines: 619..=619 } in "./tmp/19/allocation_layer/AllocationBranchBetreeRefinement_v.rs"
verus succeeded with time: 57937ms, keeping it commented out
commenting out line Lines { lines: 698..=698 } in "./tmp/21/allocation_layer/LikesBetree_v.rs"
verus succeeded with time: 59867ms, keeping it commented out
commenting out line Lines { lines: 122..=122 } in "./tmp/24/allocation_layer/LikesJournalRefinement_v.rs"
verus succeeded with time: 60041ms, keeping it commented out
commenting out line Lines { lines: 849..=854 } in "./tmp/18/allocation_layer/AllocationBranchBetree_v.rs"
verus failed with time: 57031ms, reverting
commenting out line Lines { lines: 466..=466 } in "./tmp/27/allocation_layer/UnifiedCrashAwareJournal_v.rs"
verus succeeded with time: 61074ms, keeping it commented out
commenting out line Lines { lines: 263..=263 } in "./tmp/26/allocation_layer/UnifiedCrashAwareJournalRefinement_v.rs"
verus succeeded with time: 63280ms, keeping it commented out
commenting out line Lines { lines: 1174..=1174 } in "./tmp/14/allocation_layer/AllocationJournal_v.rs"
verus succeeded with time: 62407ms, keeping it commented out
commenting out line Lines { lines: 625..=626 } in "./tmp/19/allocation_layer/AllocationBranchBetreeRefinement_v.rs"
verus failed with time: 57824ms, reverting
commenting out line Lines { lines: 699..=700 } in "./tmp/21/allocation_layer/LikesBetree_v.rs"
verus failed with time: 56635ms, reverting
commenting out line Lines { lines: 862..=862 } in "./tmp/18/allocation_layer/AllocationBranchBetree_v.rs"
verus failed with time: 57213ms, reverting
commenting out line Lines { lines: 123..=123 } in "./tmp/24/allocation_layer/LikesJournalRefinement_v.rs"
verus succeeded with time: 60507ms, keeping it commented out
commenting out line Lines { lines: 483..=483 } in "./tmp/27/allocation_layer/UnifiedCrashAwareJournal_v.rs"
verus succeeded with time: 58439ms, keeping it commented out
commenting out line Lines { lines: 271..=271 } in "./tmp/26/allocation_layer/UnifiedCrashAwareJournalRefinement_v.rs"
verus failed with time: 55837ms, reverting
commenting out line Lines { lines: 1175..=1175 } in "./tmp/14/allocation_layer/AllocationJournal_v.rs"
verus succeeded with time: 61833ms, keeping it commented out
commenting out line Lines { lines: 635..=635 } in "./tmp/19/allocation_layer/AllocationBranchBetreeRefinement_v.rs"
verus succeeded with time: 62421ms, keeping it commented out
commenting out line Lines { lines: 701..=702 } in "./tmp/21/allocation_layer/LikesBetree_v.rs"
verus succeeded with time: 58539ms, keeping it commented out
commenting out line Lines { lines: 497..=497 } in "./tmp/27/allocation_layer/UnifiedCrashAwareJournal_v.rs"
verus failed with time: 56220ms, reverting
commenting out line Lines { lines: 863..=863 } in "./tmp/18/allocation_layer/AllocationBranchBetree_v.rs"
verus succeeded with time: 61311ms, keeping it commented out
commenting out line Lines { lines: 124..=124 } in "./tmp/24/allocation_layer/LikesJournalRefinement_v.rs"
verus succeeded with time: 60355ms, keeping it commented out
commenting out line Lines { lines: 272..=272 } in "./tmp/26/allocation_layer/UnifiedCrashAwareJournalRefinement_v.rs"
verus succeeded with time: 59316ms, keeping it commented out
commenting out line Lines { lines: 638..=642 } in "./tmp/19/allocation_layer/AllocationBranchBetreeRefinement_v.rs"
verus failed with time: 57216ms, reverting
commenting out line Lines { lines: 1180..=1180 } in "./tmp/14/allocation_layer/AllocationJournal_v.rs"
verus succeeded with time: 60520ms, keeping it commented out
commenting out line Lines { lines: 738..=738 } in "./tmp/21/allocation_layer/LikesBetree_v.rs"
verus succeeded with time: 61089ms, keeping it commented out
commenting out line Lines { lines: 498..=498 } in "./tmp/27/allocation_layer/UnifiedCrashAwareJournal_v.rs"
verus succeeded with time: 60278ms, keeping it commented out
commenting out line Lines { lines: 864..=864 } in "./tmp/18/allocation_layer/AllocationBranchBetree_v.rs"
verus succeeded with time: 60765ms, keeping it commented out
commenting out line Lines { lines: 126..=126 } in "./tmp/24/allocation_layer/LikesJournalRefinement_v.rs"
verus succeeded with time: 61645ms, keeping it commented out
commenting out line Lines { lines: 273..=273 } in "./tmp/26/allocation_layer/UnifiedCrashAwareJournalRefinement_v.rs"
verus succeeded with time: 61735ms, keeping it commented out
commenting out line Lines { lines: 644..=648 } in "./tmp/19/allocation_layer/AllocationBranchBetreeRefinement_v.rs"
verus failed with time: 54392ms, reverting
commenting out line Lines { lines: 1181..=1181 } in "./tmp/14/allocation_layer/AllocationJournal_v.rs"
verus succeeded with time: 58095ms, keeping it commented out
commenting out line Lines { lines: 747..=747 } in "./tmp/21/allocation_layer/LikesBetree_v.rs"
verus failed with time: 54552ms, reverting
commenting out line Lines { lines: 869..=869 } in "./tmp/18/allocation_layer/AllocationBranchBetree_v.rs"
verus failed with time: 56836ms, reverting
commenting out line Lines { lines: 499..=499 } in "./tmp/27/allocation_layer/UnifiedCrashAwareJournal_v.rs"
verus succeeded with time: 61428ms, keeping it commented out
commenting out line Lines { lines: 155..=155 } in "./tmp/24/allocation_layer/LikesJournalRefinement_v.rs"
verus succeeded with time: 62609ms, keeping it commented out
commenting out line Lines { lines: 275..=278 } in "./tmp/26/allocation_layer/UnifiedCrashAwareJournalRefinement_v.rs"
verus failed with time: 57087ms, reverting
commenting out line Lines { lines: 650..=650 } in "./tmp/19/allocation_layer/AllocationBranchBetreeRefinement_v.rs"
verus succeeded with time: 60135ms, keeping it commented out
commenting out line Lines { lines: 1184..=1186 } in "./tmp/14/allocation_layer/AllocationJournal_v.rs"
verus failed with time: 58549ms, reverting
commenting out line Lines { lines: 745..=748 } in "./tmp/21/allocation_layer/LikesBetree_v.rs"
verus failed with time: 60007ms, reverting
commenting out line Lines { lines: 867..=871 } in "./tmp/18/allocation_layer/AllocationBranchBetree_v.rs"
verus failed with time: 57488ms, reverting
commenting out line Lines { lines: 500..=500 } in "./tmp/27/allocation_layer/UnifiedCrashAwareJournal_v.rs"
verus failed with time: 57389ms, reverting
commenting out line Lines { lines: 158..=158 } in "./tmp/24/allocation_layer/LikesJournalRefinement_v.rs"
verus failed with time: 58319ms, reverting
minimization of ./tmp/24/allocation_layer/LikesJournalRefinement_v.rs is completed
minimization of ./tmp/28/betree.rs is completed
commenting out line Lines { lines: 315..=321 } in "./tmp/26/allocation_layer/UnifiedCrashAwareJournalRefinement_v.rs"
verus failed with time: 57787ms, reverting
commenting out line Lines { lines: 651..=651 } in "./tmp/19/allocation_layer/AllocationBranchBetreeRefinement_v.rs"
verus failed with time: 57816ms, reverting
commenting out line Lines { lines: 657..=657 } in "./tmp/19/allocation_layer/AllocationBranchBetreeRefinement_v.rs"
verus failed with time: 7746ms, reverting
minimization of ./tmp/19/allocation_layer/AllocationBranchBetreeRefinement_v.rs is completed
minimization of ./tmp/30/betree/BufferOffsets_v.rs is completed
commenting out line Lines { lines: 1189..=1189 } in "./tmp/14/allocation_layer/AllocationJournal_v.rs"
verus succeeded with time: 61688ms, keeping it commented out
commenting out line Lines { lines: 750..=750 } in "./tmp/21/allocation_layer/LikesBetree_v.rs"
verus failed with time: 55224ms, reverting
commenting out line Lines { lines: 873..=875 } in "./tmp/18/allocation_layer/AllocationBranchBetree_v.rs"
verus failed with time: 57945ms, reverting
commenting out line Lines { lines: 504..=504 } in "./tmp/27/allocation_layer/UnifiedCrashAwareJournal_v.rs"
verus succeeded with time: 59922ms, keeping it commented out
minimization of ./tmp/27/allocation_layer/UnifiedCrashAwareJournal_v.rs is completed
minimization of ./tmp/32/betree/Buffer_v.rs is completed
minimization of ./tmp/33/betree/Domain_v.rs is completed
commenting out line Lines { lines: 139..=139 } in "./tmp/29/betree/BufferDisk_v.rs"
verus succeeded with time: 61850ms, keeping it commented out
commenting out line Lines { lines: 324..=327 } in "./tmp/26/allocation_layer/UnifiedCrashAwareJournalRefinement_v.rs"
verus failed with time: 52925ms, reverting
commenting out line Lines { lines: 148..=148 } in "./tmp/31/betree/BufferSeq_v.rs"
verus succeeded with time: 60996ms, keeping it commented out
commenting out line Lines { lines: 1190..=1190 } in "./tmp/14/allocation_layer/AllocationJournal_v.rs"
verus succeeded with time: 62055ms, keeping it commented out
commenting out line Lines { lines: 752..=752 } in "./tmp/21/allocation_layer/LikesBetree_v.rs"
verus succeeded with time: 58927ms, keeping it commented out
commenting out line Lines { lines: 877..=877 } in "./tmp/18/allocation_layer/AllocationBranchBetree_v.rs"
verus succeeded with time: 60114ms, keeping it commented out
commenting out line Lines { lines: 79..=79 } in "./tmp/34/betree/FilteredBetreeRefinement_v.rs"
verus failed with time: 60427ms, reverting
commenting out line Lines { lines: 135..=141 } in "./tmp/29/betree/BufferDisk_v.rs"
verus succeeded with time: 61746ms, keeping it commented out
commenting out line Lines { lines: 328..=328 } in "./tmp/26/allocation_layer/UnifiedCrashAwareJournalRefinement_v.rs"
verus failed with time: 54389ms, reverting
commenting out line Lines { lines: 1192..=1192 } in "./tmp/14/allocation_layer/AllocationJournal_v.rs"
verus failed with time: 56132ms, reverting
commenting out line Lines { lines: 152..=152 } in "./tmp/31/betree/BufferSeq_v.rs"
verus failed with time: 58470ms, reverting
commenting out line Lines { lines: 754..=754 } in "./tmp/21/allocation_layer/LikesBetree_v.rs"
verus succeeded with time: 58780ms, keeping it commented out
commenting out line Lines { lines: 878..=878 } in "./tmp/18/allocation_layer/AllocationBranchBetree_v.rs"
verus succeeded with time: 62566ms, keeping it commented out
commenting out line Lines { lines: 105..=105 } in "./tmp/34/betree/FilteredBetreeRefinement_v.rs"
verus failed with time: 59688ms, reverting
commenting out line Lines { lines: 329..=329 } in "./tmp/26/allocation_layer/UnifiedCrashAwareJournalRefinement_v.rs"
verus succeeded with time: 59619ms, keeping it commented out
commenting out line Lines { lines: 142..=142 } in "./tmp/29/betree/BufferDisk_v.rs"
verus succeeded with time: 63684ms, keeping it commented out
minimization of ./tmp/29/betree/BufferDisk_v.rs is completed
commenting out line Lines { lines: 156..=156 } in "./tmp/31/betree/BufferSeq_v.rs"
verus failed with time: 58896ms, reverting
commenting out line Lines { lines: 1193..=1193 } in "./tmp/14/allocation_layer/AllocationJournal_v.rs"
verus succeeded with time: 63508ms, keeping it commented out
commenting out line Lines { lines: 758..=758 } in "./tmp/21/allocation_layer/LikesBetree_v.rs"
verus succeeded with time: 58231ms, keeping it commented out
commenting out line Lines { lines: 895..=900 } in "./tmp/18/allocation_layer/AllocationBranchBetree_v.rs"
verus failed with time: 57643ms, reverting
commenting out line Lines { lines: 115..=115 } in "./tmp/34/betree/FilteredBetreeRefinement_v.rs"
verus failed with time: 58781ms, reverting
commenting out line Lines { lines: 334..=334 } in "./tmp/26/allocation_layer/UnifiedCrashAwareJournalRefinement_v.rs"
verus succeeded with time: 59800ms, keeping it commented out
commenting out line Lines { lines: 143..=143 } in "./tmp/35/betree/FilteredBetree_v.rs"
verus succeeded with time: 61044ms, keeping it commented out
minimization of ./tmp/35/betree/FilteredBetree_v.rs is completed
commenting out line Lines { lines: 763..=763 } in "./tmp/21/allocation_layer/LikesBetree_v.rs"
verus failed with time: 54344ms, reverting
commenting out line Lines { lines: 162..=162 } in "./tmp/31/betree/BufferSeq_v.rs"
verus succeeded with time: 62144ms, keeping it commented out
commenting out line Lines { lines: 1194..=1194 } in "./tmp/14/allocation_layer/AllocationJournal_v.rs"
verus succeeded with time: 61658ms, keeping it commented out
commenting out line Lines { lines: 894..=901 } in "./tmp/18/allocation_layer/AllocationBranchBetree_v.rs"
verus failed with time: 55544ms, reverting
commenting out line Lines { lines: 107..=116 } in "./tmp/34/betree/FilteredBetreeRefinement_v.rs"
verus failed with time: 56603ms, reverting
commenting out line Lines { lines: 335..=335 } in "./tmp/26/allocation_layer/UnifiedCrashAwareJournalRefinement_v.rs"
verus failed with time: 57867ms, reverting
commenting out line Lines { lines: 100..=100 } in "./tmp/36/betree/LinkedBetreeRefinement_v.rs"
verus failed with time: 60102ms, reverting
commenting out line Lines { lines: 765..=765 } in "./tmp/21/allocation_layer/LikesBetree_v.rs"
verus succeeded with time: 59092ms, keeping it commented out
commenting out line Lines { lines: 165..=165 } in "./tmp/31/betree/BufferSeq_v.rs"
verus failed with time: 59294ms, reverting
commenting out line Lines { lines: 1196..=1196 } in "./tmp/14/allocation_layer/AllocationJournal_v.rs"
verus succeeded with time: 60612ms, keeping it commented out
commenting out line Lines { lines: 905..=905 } in "./tmp/18/allocation_layer/AllocationBranchBetree_v.rs"
verus failed with time: 57535ms, reverting
commenting out line Lines { lines: 117..=117 } in "./tmp/34/betree/FilteredBetreeRefinement_v.rs"
verus succeeded with time: 63544ms, keeping it commented out
commenting out line Lines { lines: 358..=361 } in "./tmp/26/allocation_layer/UnifiedCrashAwareJournalRefinement_v.rs"
verus failed with time: 56381ms, reverting
commenting out line Lines { lines: 136..=136 } in "./tmp/36/betree/LinkedBetreeRefinement_v.rs"
verus failed with time: 61368ms, reverting
commenting out line Lines { lines: 760..=766 } in "./tmp/21/allocation_layer/LikesBetree_v.rs"
verus failed with time: 54855ms, reverting
commenting out line Lines { lines: 166..=166 } in "./tmp/31/betree/BufferSeq_v.rs"
verus failed with time: 56102ms, reverting
commenting out line Lines { lines: 915..=915 } in "./tmp/18/allocation_layer/AllocationBranchBetree_v.rs"
verus failed with time: 57760ms, reverting
commenting out line Lines { lines: 1199..=1199 } in "./tmp/14/allocation_layer/AllocationJournal_v.rs"
verus succeeded with time: 61442ms, keeping it commented out
commenting out line Lines { lines: 201..=201 } in "./tmp/34/betree/FilteredBetreeRefinement_v.rs"
verus failed with time: 61269ms, reverting
commenting out line Lines { lines: 364..=367 } in "./tmp/26/allocation_layer/UnifiedCrashAwareJournalRefinement_v.rs"
verus failed with time: 55272ms, reverting
commenting out line Lines { lines: 129..=137 } in "./tmp/36/betree/LinkedBetreeRefinement_v.rs"
verus failed with time: 59229ms, reverting
commenting out line Lines { lines: 145..=169 } in "./tmp/31/betree/BufferSeq_v.rs"
verus failed with time: 57969ms, reverting
commenting out line Lines { lines: 776..=776 } in "./tmp/21/allocation_layer/LikesBetree_v.rs"
verus succeeded with time: 61531ms, keeping it commented out
commenting out line Lines { lines: 903..=920 } in "./tmp/18/allocation_layer/AllocationBranchBetree_v.rs"
verus failed with time: 58236ms, reverting
commenting out line Lines { lines: 1201..=1201 } in "./tmp/14/allocation_layer/AllocationJournal_v.rs"
verus succeeded with time: 63608ms, keeping it commented out
commenting out line Lines { lines: 370..=373 } in "./tmp/26/allocation_layer/UnifiedCrashAwareJournalRefinement_v.rs"
verus failed with time: 53257ms, reverting
commenting out line Lines { lines: 202..=202 } in "./tmp/34/betree/FilteredBetreeRefinement_v.rs"
verus failed with time: 61634ms, reverting
commenting out line Lines { lines: 162..=170 } in "./tmp/36/betree/LinkedBetreeRefinement_v.rs"
verus failed with time: 59247ms, reverting
commenting out line Lines { lines: 780..=780 } in "./tmp/21/allocation_layer/LikesBetree_v.rs"
verus succeeded with time: 59757ms, keeping it commented out
commenting out line Lines { lines: 183..=183 } in "./tmp/31/betree/BufferSeq_v.rs"
verus succeeded with time: 62520ms, keeping it commented out
commenting out line Lines { lines: 921..=921 } in "./tmp/18/allocation_layer/AllocationBranchBetree_v.rs"
verus failed with time: 58354ms, reverting
commenting out line Lines { lines: 1202..=1202 } in "./tmp/14/allocation_layer/AllocationJournal_v.rs"
verus failed with time: 59843ms, reverting
commenting out line Lines { lines: 379..=382 } in "./tmp/26/allocation_layer/UnifiedCrashAwareJournalRefinement_v.rs"
verus failed with time: 57658ms, reverting
commenting out line Lines { lines: 198..=203 } in "./tmp/34/betree/FilteredBetreeRefinement_v.rs"
verus failed with time: 58951ms, reverting
commenting out line Lines { lines: 193..=193 } in "./tmp/36/betree/LinkedBetreeRefinement_v.rs"
verus failed with time: 56920ms, reverting
commenting out line Lines { lines: 783..=784 } in "./tmp/21/allocation_layer/LikesBetree_v.rs"
verus succeeded with time: 61922ms, keeping it commented out
commenting out line Lines { lines: 188..=188 } in "./tmp/31/betree/BufferSeq_v.rs"
verus succeeded with time: 60683ms, keeping it commented out
commenting out line Lines { lines: 922..=922 } in "./tmp/18/allocation_layer/AllocationBranchBetree_v.rs"
verus succeeded with time: 61103ms, keeping it commented out
commenting out line Lines { lines: 391..=394 } in "./tmp/26/allocation_layer/UnifiedCrashAwareJournalRefinement_v.rs"
verus failed with time: 56568ms, reverting
commenting out line Lines { lines: 1203..=1203 } in "./tmp/14/allocation_layer/AllocationJournal_v.rs"
verus succeeded with time: 60666ms, keeping it commented out
commenting out line Lines { lines: 215..=215 } in "./tmp/34/betree/FilteredBetreeRefinement_v.rs"
verus succeeded with time: 63621ms, keeping it commented out
commenting out line Lines { lines: 194..=194 } in "./tmp/36/betree/LinkedBetreeRefinement_v.rs"
verus succeeded with time: 61736ms, keeping it commented out
commenting out line Lines { lines: 192..=192 } in "./tmp/31/betree/BufferSeq_v.rs"
verus failed with time: 57629ms, reverting
commenting out line Lines { lines: 788..=791 } in "./tmp/21/allocation_layer/LikesBetree_v.rs"
verus succeeded with time: 60261ms, keeping it commented out
commenting out line Lines { lines: 929..=929 } in "./tmp/18/allocation_layer/AllocationBranchBetree_v.rs"
verus failed with time: 58200ms, reverting
commenting out line Lines { lines: 397..=397 } in "./tmp/26/allocation_layer/UnifiedCrashAwareJournalRefinement_v.rs"
verus succeeded with time: 59122ms, keeping it commented out
commenting out line Lines { lines: 1204..=1204 } in "./tmp/14/allocation_layer/AllocationJournal_v.rs"
verus succeeded with time: 61469ms, keeping it commented out
commenting out line Lines { lines: 218..=218 } in "./tmp/34/betree/FilteredBetreeRefinement_v.rs"
verus failed with time: 59547ms, reverting
commenting out line Lines { lines: 190..=196 } in "./tmp/36/betree/LinkedBetreeRefinement_v.rs"
verus failed with time: 56828ms, reverting
commenting out line Lines { lines: 198..=198 } in "./tmp/31/betree/BufferSeq_v.rs"
verus succeeded with time: 60898ms, keeping it commented out
commenting out line Lines { lines: 807..=807 } in "./tmp/21/allocation_layer/LikesBetree_v.rs"
verus succeeded with time: 58795ms, keeping it commented out
commenting out line Lines { lines: 935..=938 } in "./tmp/18/allocation_layer/AllocationBranchBetree_v.rs"
verus failed with time: 55888ms, reverting
commenting out line Lines { lines: 408..=408 } in "./tmp/26/allocation_layer/UnifiedCrashAwareJournalRefinement_v.rs"
verus failed with time: 57531ms, reverting
minimization of ./tmp/26/allocation_layer/UnifiedCrashAwareJournalRefinement_v.rs is completed
commenting out line Lines { lines: 1206..=1206 } in "./tmp/14/allocation_layer/AllocationJournal_v.rs"
verus succeeded with time: 61850ms, keeping it commented out
commenting out line Lines { lines: 220..=220 } in "./tmp/34/betree/FilteredBetreeRefinement_v.rs"
verus succeeded with time: 63978ms, keeping it commented out
commenting out line Lines { lines: 197..=197 } in "./tmp/36/betree/LinkedBetreeRefinement_v.rs"
verus succeeded with time: 59631ms, keeping it commented out
commenting out line Lines { lines: 805..=811 } in "./tmp/21/allocation_layer/LikesBetree_v.rs"
verus failed with time: 54517ms, reverting
commenting out line Lines { lines: 202..=202 } in "./tmp/31/betree/BufferSeq_v.rs"
verus failed with time: 56240ms, reverting
commenting out line Lines { lines: 943..=943 } in "./tmp/18/allocation_layer/AllocationBranchBetree_v.rs"
verus succeeded with time: 62544ms, keeping it commented out
commenting out line Lines { lines: 110..=110 } in "./tmp/37/betree/LinkedBetree_v.rs"
verus succeeded with time: 60318ms, keeping it commented out
commenting out line Lines { lines: 1207..=1207 } in "./tmp/14/allocation_layer/AllocationJournal_v.rs"
verus succeeded with time: 62723ms, keeping it commented out
commenting out line Lines { lines: 225..=225 } in "./tmp/36/betree/LinkedBetreeRefinement_v.rs"
verus failed with time: 59735ms, reverting
commenting out line Lines { lines: 222..=222 } in "./tmp/34/betree/FilteredBetreeRefinement_v.rs"
verus failed with time: 62698ms, reverting
commenting out line Lines { lines: 813..=813 } in "./tmp/21/allocation_layer/LikesBetree_v.rs"
verus failed with time: 53674ms, reverting
commenting out line Lines { lines: 179..=205 } in "./tmp/31/betree/BufferSeq_v.rs"
verus failed with time: 54348ms, reverting
commenting out line Lines { lines: 956..=956 } in "./tmp/18/allocation_layer/AllocationBranchBetree_v.rs"
verus failed with time: 56506ms, reverting
commenting out line Lines { lines: 342..=342 } in "./tmp/37/betree/LinkedBetree_v.rs"
verus failed with time: 57651ms, reverting
commenting out line Lines { lines: 1208..=1208 } in "./tmp/14/allocation_layer/AllocationJournal_v.rs"
verus succeeded with time: 65193ms, keeping it commented out
commenting out line Lines { lines: 244..=244 } in "./tmp/36/betree/LinkedBetreeRefinement_v.rs"
verus failed with time: 57884ms, reverting
commenting out line Lines { lines: 223..=223 } in "./tmp/34/betree/FilteredBetreeRefinement_v.rs"
verus failed with time: 60080ms, reverting
commenting out line Lines { lines: 816..=820 } in "./tmp/21/allocation_layer/LikesBetree_v.rs"
verus succeeded with time: 62072ms, keeping it commented out
commenting out line Lines { lines: 247..=247 } in "./tmp/31/betree/BufferSeq_v.rs"
verus succeeded with time: 63924ms, keeping it commented out
minimization of ./tmp/31/betree/BufferSeq_v.rs is completed
minimization of ./tmp/38/betree/LinkedBranch_v.rs is completed
commenting out line Lines { lines: 969..=969 } in "./tmp/18/allocation_layer/AllocationBranchBetree_v.rs"
verus succeeded with time: 61867ms, keeping it commented out
commenting out line Lines { lines: 343..=343 } in "./tmp/37/betree/LinkedBetree_v.rs"
verus succeeded with time: 60040ms, keeping it commented out
commenting out line Lines { lines: 1161..=1211 } in "./tmp/14/allocation_layer/AllocationJournal_v.rs"
verus failed with time: 59477ms, reverting
commenting out line Lines { lines: 241..=245 } in "./tmp/36/betree/LinkedBetreeRefinement_v.rs"
verus failed with time: 55967ms, reverting
commenting out line Lines { lines: 211..=226 } in "./tmp/34/betree/FilteredBetreeRefinement_v.rs"
verus failed with time: 60102ms, reverting
commenting out line Lines { lines: 822..=824 } in "./tmp/21/allocation_layer/LikesBetree_v.rs"
verus succeeded with time: 56844ms, keeping it commented out
commenting out line Lines { lines: 74..=74 } in "./tmp/39/betree/LinkedBranch_v/Refinement_v.rs"
verus failed with time: 57821ms, reverting
commenting out line Lines { lines: 966..=971 } in "./tmp/18/allocation_layer/AllocationBranchBetree_v.rs"
verus failed with time: 58752ms, reverting
commenting out line Lines { lines: 339..=344 } in "./tmp/37/betree/LinkedBetree_v.rs"
verus failed with time: 57636ms, reverting
commenting out line Lines { lines: 265..=265 } in "./tmp/36/betree/LinkedBetreeRefinement_v.rs"
verus failed with time: 58991ms, reverting
commenting out line Lines { lines: 1485..=1485 } in "./tmp/14/allocation_layer/AllocationJournal_v.rs"
verus succeeded with time: 62352ms, keeping it commented out
commenting out line Lines { lines: 234..=234 } in "./tmp/34/betree/FilteredBetreeRefinement_v.rs"
verus succeeded with time: 62433ms, keeping it commented out
commenting out line Lines { lines: 768..=825 } in "./tmp/21/allocation_layer/LikesBetree_v.rs"
verus failed with time: 56244ms, reverting
commenting out line Lines { lines: 121..=121 } in "./tmp/39/betree/LinkedBranch_v/Refinement_v.rs"
verus succeeded with time: 61527ms, keeping it commented out
commenting out line Lines { lines: 972..=972 } in "./tmp/18/allocation_layer/AllocationBranchBetree_v.rs"
verus succeeded with time: 63637ms, keeping it commented out
commenting out line Lines { lines: 537..=537 } in "./tmp/37/betree/LinkedBetree_v.rs"
verus failed with time: 60041ms, reverting
commenting out line Lines { lines: 262..=266 } in "./tmp/36/betree/LinkedBetreeRefinement_v.rs"
verus failed with time: 58368ms, reverting
commenting out line Lines { lines: 235..=235 } in "./tmp/34/betree/FilteredBetreeRefinement_v.rs"
verus failed with time: 56642ms, reverting
commenting out line Lines { lines: 1492..=1492 } in "./tmp/14/allocation_layer/AllocationJournal_v.rs"
verus succeeded with time: 64445ms, keeping it commented out
commenting out line Lines { lines: 864..=864 } in "./tmp/21/allocation_layer/LikesBetree_v.rs"
verus failed with time: 54379ms, reverting
commenting out line Lines { lines: 123..=123 } in "./tmp/39/betree/LinkedBranch_v/Refinement_v.rs"
verus succeeded with time: 62448ms, keeping it commented out
commenting out line Lines { lines: 973..=973 } in "./tmp/18/allocation_layer/AllocationBranchBetree_v.rs"
verus succeeded with time: 61375ms, keeping it commented out
commenting out line Lines { lines: 1264..=1264 } in "./tmp/37/betree/LinkedBetree_v.rs"
verus succeeded with time: 63838ms, keeping it commented out
commenting out line Lines { lines: 268..=272 } in "./tmp/36/betree/LinkedBetreeRefinement_v.rs"
verus failed with time: 58225ms, reverting
commenting out line Lines { lines: 877..=879 } in "./tmp/21/allocation_layer/LikesBetree_v.rs"
verus succeeded with time: 57019ms, keeping it commented out
commenting out line Lines { lines: 1498..=1498 } in "./tmp/14/allocation_layer/AllocationJournal_v.rs"
verus succeeded with time: 61262ms, keeping it commented out
commenting out line Lines { lines: 236..=236 } in "./tmp/34/betree/FilteredBetreeRefinement_v.rs"
verus succeeded with time: 62280ms, keeping it commented out
commenting out line Lines { lines: 183..=183 } in "./tmp/39/betree/LinkedBranch_v/Refinement_v.rs"
verus failed with time: 54168ms, reverting
commenting out line Lines { lines: 958..=974 } in "./tmp/18/allocation_layer/AllocationBranchBetree_v.rs"
verus failed with time: 59511ms, reverting
commenting out line Lines { lines: 1296..=1296 } in "./tmp/37/betree/LinkedBetree_v.rs"
verus succeeded with time: 59797ms, keeping it commented out
commenting out line Lines { lines: 293..=293 } in "./tmp/36/betree/LinkedBetreeRefinement_v.rs"
verus succeeded with time: 58990ms, keeping it commented out
commenting out line Lines { lines: 880..=882 } in "./tmp/21/allocation_layer/LikesBetree_v.rs"
verus failed with time: 57384ms, reverting
commenting out line Lines { lines: 1499..=1501 } in "./tmp/14/allocation_layer/AllocationJournal_v.rs"
verus failed with time: 56300ms, reverting
commenting out line Lines { lines: 258..=258 } in "./tmp/34/betree/FilteredBetreeRefinement_v.rs"
verus failed with time: 61869ms, reverting
commenting out line Lines { lines: 201..=201 } in "./tmp/39/betree/LinkedBranch_v/Refinement_v.rs"
verus failed with time: 57443ms, reverting
commenting out line Lines { lines: 1297..=1297 } in "./tmp/37/betree/LinkedBetree_v.rs"
verus failed with time: 59289ms, reverting
commenting out line Lines { lines: 975..=975 } in "./tmp/18/allocation_layer/AllocationBranchBetree_v.rs"
verus succeeded with time: 65158ms, keeping it commented out
commenting out line Lines { lines: 304..=304 } in "./tmp/36/betree/LinkedBetreeRefinement_v.rs"
verus succeeded with time: 61172ms, keeping it commented out
commenting out line Lines { lines: 1507..=1507 } in "./tmp/14/allocation_layer/AllocationJournal_v.rs"
verus failed with time: 57758ms, reverting
commenting out line Lines { lines: 913..=914 } in "./tmp/21/allocation_layer/LikesBetree_v.rs"
verus succeeded with time: 61096ms, keeping it commented out
commenting out line Lines { lines: 259..=259 } in "./tmp/34/betree/FilteredBetreeRefinement_v.rs"
verus failed with time: 61108ms, reverting
commenting out line Lines { lines: 202..=202 } in "./tmp/39/betree/LinkedBranch_v/Refinement_v.rs"
verus succeeded with time: 64428ms, keeping it commented out
commenting out line Lines { lines: 1295..=1301 } in "./tmp/37/betree/LinkedBetree_v.rs"
verus failed with time: 55704ms, reverting
commenting out line Lines { lines: 981..=981 } in "./tmp/18/allocation_layer/AllocationBranchBetree_v.rs"
verus failed with time: 55397ms, reverting
commenting out line Lines { lines: 305..=305 } in "./tmp/36/betree/LinkedBetreeRefinement_v.rs"
verus failed with time: 53894ms, reverting
commenting out line Lines { lines: 1505..=1508 } in "./tmp/14/allocation_layer/AllocationJournal_v.rs"
verus failed with time: 57765ms, reverting
commenting out line Lines { lines: 919..=919 } in "./tmp/21/allocation_layer/LikesBetree_v.rs"
verus failed with time: 55422ms, reverting
commenting out line Lines { lines: 255..=260 } in "./tmp/34/betree/FilteredBetreeRefinement_v.rs"
verus failed with time: 60099ms, reverting
commenting out line Lines { lines: 225..=225 } in "./tmp/39/betree/LinkedBranch_v/Refinement_v.rs"
verus succeeded with time: 63836ms, keeping it commented out
commenting out line Lines { lines: 983..=983 } in "./tmp/18/allocation_layer/AllocationBranchBetree_v.rs"
verus succeeded with time: 60959ms, keeping it commented out
commenting out line Lines { lines: 1308..=1308 } in "./tmp/37/betree/LinkedBetree_v.rs"
verus succeeded with time: 62611ms, keeping it commented out
commenting out line Lines { lines: 298..=310 } in "./tmp/36/betree/LinkedBetreeRefinement_v.rs"
verus failed with time: 55954ms, reverting
commenting out line Lines { lines: 1504..=1509 } in "./tmp/14/allocation_layer/AllocationJournal_v.rs"
verus failed with time: 57339ms, reverting
commenting out line Lines { lines: 921..=921 } in "./tmp/21/allocation_layer/LikesBetree_v.rs"
verus succeeded with time: 60447ms, keeping it commented out
commenting out line Lines { lines: 254..=261 } in "./tmp/34/betree/FilteredBetreeRefinement_v.rs"
verus failed with time: 61705ms, reverting
commenting out line Lines { lines: 233..=233 } in "./tmp/39/betree/LinkedBranch_v/Refinement_v.rs"
verus succeeded with time: 61765ms, keeping it commented out
commenting out line Lines { lines: 980..=986 } in "./tmp/18/allocation_layer/AllocationBranchBetree_v.rs"
verus failed with time: 58309ms, reverting
commenting out line Lines { lines: 1303..=1309 } in "./tmp/37/betree/LinkedBetree_v.rs"
verus failed with time: 60034ms, reverting
commenting out line Lines { lines: 311..=311 } in "./tmp/36/betree/LinkedBetreeRefinement_v.rs"
verus failed with time: 58134ms, reverting
commenting out line Lines { lines: 926..=926 } in "./tmp/21/allocation_layer/LikesBetree_v.rs"
verus failed with time: 55440ms, reverting
commenting out line Lines { lines: 1512..=1512 } in "./tmp/14/allocation_layer/AllocationJournal_v.rs"
verus succeeded with time: 62253ms, keeping it commented out
commenting out line Lines { lines: 282..=282 } in "./tmp/34/betree/FilteredBetreeRefinement_v.rs"
verus succeeded with time: 63859ms, keeping it commented out
commenting out line Lines { lines: 235..=235 } in "./tmp/39/betree/LinkedBranch_v/Refinement_v.rs"
verus succeeded with time: 62131ms, keeping it commented out
commenting out line Lines { lines: 992..=992 } in "./tmp/18/allocation_layer/AllocationBranchBetree_v.rs"
verus succeeded with time: 63205ms, keeping it commented out
commenting out line Lines { lines: 349..=349 } in "./tmp/36/betree/LinkedBetreeRefinement_v.rs"
verus succeeded with time: 58507ms, keeping it commented out
commenting out line Lines { lines: 1310..=1310 } in "./tmp/37/betree/LinkedBetree_v.rs"
verus succeeded with time: 62397ms, keeping it commented out
commenting out line Lines { lines: 1513..=1513 } in "./tmp/14/allocation_layer/AllocationJournal_v.rs"
verus failed with time: 55733ms, reverting
commenting out line Lines { lines: 930..=930 } in "./tmp/21/allocation_layer/LikesBetree_v.rs"
verus succeeded with time: 60521ms, keeping it commented out
commenting out line Lines { lines: 283..=283 } in "./tmp/34/betree/FilteredBetreeRefinement_v.rs"
verus succeeded with time: 61663ms, keeping it commented out
commenting out line Lines { lines: 236..=236 } in "./tmp/39/betree/LinkedBranch_v/Refinement_v.rs"
verus succeeded with time: 61861ms, keeping it commented out
commenting out line Lines { lines: 1344..=1347 } in "./tmp/37/betree/LinkedBetree_v.rs"
verus succeeded with time: 60620ms, keeping it commented out
commenting out line Lines { lines: 995..=995 } in "./tmp/18/allocation_layer/AllocationBranchBetree_v.rs"
verus succeeded with time: 62054ms, keeping it commented out
commenting out line Lines { lines: 360..=360 } in "./tmp/36/betree/LinkedBetreeRefinement_v.rs"
verus succeeded with time: 60897ms, keeping it commented out
commenting out line Lines { lines: 931..=931 } in "./tmp/21/allocation_layer/LikesBetree_v.rs"
verus succeeded with time: 57997ms, keeping it commented out
commenting out line Lines { lines: 1519..=1519 } in "./tmp/14/allocation_layer/AllocationJournal_v.rs"
verus succeeded with time: 62181ms, keeping it commented out
commenting out line Lines { lines: 284..=284 } in "./tmp/34/betree/FilteredBetreeRefinement_v.rs"
verus failed with time: 59559ms, reverting
commenting out line Lines { lines: 237..=237 } in "./tmp/39/betree/LinkedBranch_v/Refinement_v.rs"
verus succeeded with time: 61575ms, keeping it commented out
commenting out line Lines { lines: 361..=361 } in "./tmp/36/betree/LinkedBetreeRefinement_v.rs"
verus failed with time: 58018ms, reverting
commenting out line Lines { lines: 1395..=1395 } in "./tmp/37/betree/LinkedBetree_v.rs"
verus succeeded with time: 61299ms, keeping it commented out
commenting out line Lines { lines: 996..=996 } in "./tmp/18/allocation_layer/AllocationBranchBetree_v.rs"
verus succeeded with time: 62881ms, keeping it commented out
commenting out line Lines { lines: 934..=934 } in "./tmp/21/allocation_layer/LikesBetree_v.rs"
verus succeeded with time: 60734ms, keeping it commented out
commenting out line Lines { lines: 1520..=1520 } in "./tmp/14/allocation_layer/AllocationJournal_v.rs"
verus succeeded with time: 62940ms, keeping it commented out
commenting out line Lines { lines: 291..=291 } in "./tmp/34/betree/FilteredBetreeRefinement_v.rs"
verus succeeded with time: 58598ms, keeping it commented out
commenting out line Lines { lines: 238..=238 } in "./tmp/39/betree/LinkedBranch_v/Refinement_v.rs"
verus failed with time: 55738ms, reverting
commenting out line Lines { lines: 354..=363 } in "./tmp/36/betree/LinkedBetreeRefinement_v.rs"
verus failed with time: 56971ms, reverting
commenting out line Lines { lines: 1413..=1413 } in "./tmp/37/betree/LinkedBetree_v.rs"
verus succeeded with time: 61238ms, keeping it commented out
commenting out line Lines { lines: 997..=997 } in "./tmp/18/allocation_layer/AllocationBranchBetree_v.rs"
verus succeeded with time: 62411ms, keeping it commented out
commenting out line Lines { lines: 937..=937 } in "./tmp/21/allocation_layer/LikesBetree_v.rs"
verus succeeded with time: 59593ms, keeping it commented out
commenting out line Lines { lines: 1521..=1521 } in "./tmp/14/allocation_layer/AllocationJournal_v.rs"
verus failed with time: 57015ms, reverting
commenting out line Lines { lines: 287..=294 } in "./tmp/34/betree/FilteredBetreeRefinement_v.rs"
verus failed with time: 61092ms, reverting
commenting out line Lines { lines: 239..=239 } in "./tmp/39/betree/LinkedBranch_v/Refinement_v.rs"
verus succeeded with time: 60922ms, keeping it commented out
commenting out line Lines { lines: 364..=364 } in "./tmp/36/betree/LinkedBetreeRefinement_v.rs"
verus failed with time: 56850ms, reverting
commenting out line Lines { lines: 1032..=1033 } in "./tmp/18/allocation_layer/AllocationBranchBetree_v.rs"
verus failed with time: 58776ms, reverting
commenting out line Lines { lines: 1446..=1446 } in "./tmp/37/betree/LinkedBetree_v.rs"
verus succeeded with time: 63950ms, keeping it commented out
commenting out line Lines { lines: 1511..=1522 } in "./tmp/14/allocation_layer/AllocationJournal_v.rs"
verus failed with time: 57937ms, reverting
commenting out line Lines { lines: 940..=940 } in "./tmp/21/allocation_layer/LikesBetree_v.rs"
verus succeeded with time: 62004ms, keeping it commented out
commenting out line Lines { lines: 302..=302 } in "./tmp/34/betree/FilteredBetreeRefinement_v.rs"
verus succeeded with time: 57194ms, keeping it commented out
commenting out line Lines { lines: 1481..=1481 } in "./tmp/37/betree/LinkedBetree_v.rs"
verus failed with time: 26897ms, reverting
commenting out line Lines { lines: 395..=395 } in "./tmp/36/betree/LinkedBetreeRefinement_v.rs"
verus failed with time: 54134ms, reverting
commenting out line Lines { lines: 241..=241 } in "./tmp/39/betree/LinkedBranch_v/Refinement_v.rs"
verus succeeded with time: 59928ms, keeping it commented out
commenting out line Lines { lines: 1030..=1034 } in "./tmp/18/allocation_layer/AllocationBranchBetree_v.rs"
verus succeeded with time: 58217ms, keeping it commented out
commenting out line Lines { lines: 1524..=1524 } in "./tmp/14/allocation_layer/AllocationJournal_v.rs"
verus failed with time: 53532ms, reverting
commenting out line Lines { lines: 941..=941 } in "./tmp/21/allocation_layer/LikesBetree_v.rs"
verus succeeded with time: 58368ms, keeping it commented out
commenting out line Lines { lines: 303..=303 } in "./tmp/34/betree/FilteredBetreeRefinement_v.rs"
verus succeeded with time: 61544ms, keeping it commented out
commenting out line Lines { lines: 1480..=1481 } in "./tmp/37/betree/LinkedBetree_v.rs"
verus succeeded with time: 62367ms, keeping it commented out
commenting out line Lines { lines: 400..=400 } in "./tmp/36/betree/LinkedBetreeRefinement_v.rs"
verus failed with time: 55357ms, reverting
commenting out line Lines { lines: 242..=242 } in "./tmp/39/betree/LinkedBranch_v/Refinement_v.rs"
verus succeeded with time: 62969ms, keeping it commented out
commenting out line Lines { lines: 1049..=1049 } in "./tmp/18/allocation_layer/AllocationBranchBetree_v.rs"
verus failed with time: 58362ms, reverting
commenting out line Lines { lines: 1531..=1531 } in "./tmp/14/allocation_layer/AllocationJournal_v.rs"
verus succeeded with time: 58947ms, keeping it commented out
commenting out line Lines { lines: 949..=949 } in "./tmp/21/allocation_layer/LikesBetree_v.rs"
verus succeeded with time: 57176ms, keeping it commented out
commenting out line Lines { lines: 1495..=1495 } in "./tmp/37/betree/LinkedBetree_v.rs"
verus failed with time: 56456ms, reverting
commenting out line Lines { lines: 304..=304 } in "./tmp/34/betree/FilteredBetreeRefinement_v.rs"
verus succeeded with time: 61277ms, keeping it commented out
commenting out line Lines { lines: 397..=401 } in "./tmp/36/betree/LinkedBetreeRefinement_v.rs"
verus failed with time: 57172ms, reverting
commenting out line Lines { lines: 257..=257 } in "./tmp/39/betree/LinkedBranch_v/Refinement_v.rs"
verus failed with time: 56266ms, reverting
commenting out line Lines { lines: 1534..=1534 } in "./tmp/14/allocation_layer/AllocationJournal_v.rs"
verus failed with time: 57333ms, reverting
commenting out line Lines { lines: 1050..=1050 } in "./tmp/18/allocation_layer/AllocationBranchBetree_v.rs"
verus succeeded with time: 60750ms, keeping it commented out
commenting out line Lines { lines: 950..=950 } in "./tmp/21/allocation_layer/LikesBetree_v.rs"
verus failed with time: 55077ms, reverting
commenting out line Lines { lines: 1491..=1497 } in "./tmp/37/betree/LinkedBetree_v.rs"
verus succeeded with time: 62684ms, keeping it commented out
commenting out line Lines { lines: 307..=307 } in "./tmp/34/betree/FilteredBetreeRefinement_v.rs"
verus succeeded with time: 62048ms, keeping it commented out
commenting out line Lines { lines: 402..=402 } in "./tmp/36/betree/LinkedBetreeRefinement_v.rs"
verus succeeded with time: 64236ms, keeping it commented out
commenting out line Lines { lines: 274..=274 } in "./tmp/39/betree/LinkedBranch_v/Refinement_v.rs"
verus succeeded with time: 62045ms, keeping it commented out
commenting out line Lines { lines: 1535..=1535 } in "./tmp/14/allocation_layer/AllocationJournal_v.rs"
verus succeeded with time: 58420ms, keeping it commented out
commenting out line Lines { lines: 1046..=1051 } in "./tmp/18/allocation_layer/AllocationBranchBetree_v.rs"
verus failed with time: 58560ms, reverting
commenting out line Lines { lines: 953..=953 } in "./tmp/21/allocation_layer/LikesBetree_v.rs"
verus succeeded with time: 57718ms, keeping it commented out
commenting out line Lines { lines: 411..=411 } in "./tmp/36/betree/LinkedBetreeRefinement_v.rs"
verus failed with time: 56877ms, reverting
commenting out line Lines { lines: 1516..=1516 } in "./tmp/37/betree/LinkedBetree_v.rs"
verus succeeded with time: 62717ms, keeping it commented out
commenting out line Lines { lines: 309..=309 } in "./tmp/34/betree/FilteredBetreeRefinement_v.rs"
verus succeeded with time: 61797ms, keeping it commented out
commenting out line Lines { lines: 277..=277 } in "./tmp/39/betree/LinkedBranch_v/Refinement_v.rs"
verus succeeded with time: 60806ms, keeping it commented out
commenting out line Lines { lines: 1045..=1052 } in "./tmp/18/allocation_layer/AllocationBranchBetree_v.rs"
verus failed with time: 56230ms, reverting
commenting out line Lines { lines: 956..=956 } in "./tmp/21/allocation_layer/LikesBetree_v.rs"
verus succeeded with time: 59007ms, keeping it commented out
commenting out line Lines { lines: 1546..=1546 } in "./tmp/14/allocation_layer/AllocationJournal_v.rs"
verus succeeded with time: 61777ms, keeping it commented out
commenting out line Lines { lines: 408..=413 } in "./tmp/36/betree/LinkedBetreeRefinement_v.rs"
verus failed with time: 54492ms, reverting
commenting out line Lines { lines: 1522..=1522 } in "./tmp/37/betree/LinkedBetree_v.rs"
verus failed with time: 56155ms, reverting
commenting out line Lines { lines: 269..=313 } in "./tmp/34/betree/FilteredBetreeRefinement_v.rs"
verus failed with time: 61288ms, reverting
commenting out line Lines { lines: 278..=278 } in "./tmp/39/betree/LinkedBranch_v/Refinement_v.rs"
verus succeeded with time: 62832ms, keeping it commented out
commenting out line Lines { lines: 1057..=1057 } in "./tmp/18/allocation_layer/AllocationBranchBetree_v.rs"
verus succeeded with time: 64008ms, keeping it commented out
commenting out line Lines { lines: 957..=957 } in "./tmp/21/allocation_layer/LikesBetree_v.rs"
verus succeeded with time: 58850ms, keeping it commented out
commenting out line Lines { lines: 1547..=1547 } in "./tmp/14/allocation_layer/AllocationJournal_v.rs"
verus succeeded with time: 61004ms, keeping it commented out
commenting out line Lines { lines: 414..=414 } in "./tmp/36/betree/LinkedBetreeRefinement_v.rs"
verus failed with time: 56238ms, reverting
commenting out line Lines { lines: 1511..=1525 } in "./tmp/37/betree/LinkedBetree_v.rs"
verus failed with time: 57798ms, reverting
commenting out line Lines { lines: 314..=314 } in "./tmp/34/betree/FilteredBetreeRefinement_v.rs"
verus succeeded with time: 60696ms, keeping it commented out
commenting out line Lines { lines: 279..=279 } in "./tmp/39/betree/LinkedBranch_v/Refinement_v.rs"
verus failed with time: 57197ms, reverting
commenting out line Lines { lines: 1060..=1062 } in "./tmp/18/allocation_layer/AllocationBranchBetree_v.rs"
verus failed with time: 56365ms, reverting
commenting out line Lines { lines: 944..=958 } in "./tmp/21/allocation_layer/LikesBetree_v.rs"
verus failed with time: 56814ms, reverting
commenting out line Lines { lines: 1548..=1548 } in "./tmp/14/allocation_layer/AllocationJournal_v.rs"
verus failed with time: 58058ms, reverting
commenting out line Lines { lines: 432..=432 } in "./tmp/36/betree/LinkedBetreeRefinement_v.rs"
verus failed with time: 54814ms, reverting
commenting out line Lines { lines: 1526..=1526 } in "./tmp/37/betree/LinkedBetree_v.rs"
verus succeeded with time: 60921ms, keeping it commented out
commenting out line Lines { lines: 315..=315 } in "./tmp/34/betree/FilteredBetreeRefinement_v.rs"
verus succeeded with time: 65268ms, keeping it commented out
commenting out line Lines { lines: 280..=280 } in "./tmp/39/betree/LinkedBranch_v/Refinement_v.rs"
verus succeeded with time: 62260ms, keeping it commented out
commenting out line Lines { lines: 964..=965 } in "./tmp/21/allocation_layer/LikesBetree_v.rs"
verus succeeded with time: 60779ms, keeping it commented out
commenting out line Lines { lines: 1063..=1065 } in "./tmp/18/allocation_layer/AllocationBranchBetree_v.rs"
verus succeeded with time: 61585ms, keeping it commented out
commenting out line Lines { lines: 1549..=1549 } in "./tmp/14/allocation_layer/AllocationJournal_v.rs"
verus succeeded with time: 62765ms, keeping it commented out
commenting out line Lines { lines: 435..=435 } in "./tmp/36/betree/LinkedBetreeRefinement_v.rs"
verus succeeded with time: 60395ms, keeping it commented out
commenting out line Lines { lines: 1540..=1540 } in "./tmp/37/betree/LinkedBetree_v.rs"
verus failed with time: 57046ms, reverting
commenting out line Lines { lines: 323..=323 } in "./tmp/34/betree/FilteredBetreeRefinement_v.rs"
verus succeeded with time: 62617ms, keeping it commented out
commenting out line Lines { lines: 283..=283 } in "./tmp/39/betree/LinkedBranch_v/Refinement_v.rs"
verus failed with time: 58136ms, reverting
commenting out line Lines { lines: 1216..=1216 } in "./tmp/21/allocation_layer/LikesBetree_v.rs"
verus failed with time: 55898ms, reverting
commenting out line Lines { lines: 1068..=1069 } in "./tmp/18/allocation_layer/AllocationBranchBetree_v.rs"
verus succeeded with time: 60204ms, keeping it commented out
commenting out line Lines { lines: 1554..=1554 } in "./tmp/14/allocation_layer/AllocationJournal_v.rs"
verus succeeded with time: 60557ms, keeping it commented out
commenting out line Lines { lines: 436..=436 } in "./tmp/36/betree/LinkedBetreeRefinement_v.rs"
verus succeeded with time: 60355ms, keeping it commented out
commenting out line Lines { lines: 1587..=1587 } in "./tmp/37/betree/LinkedBetree_v.rs"
verus failed with time: 55501ms, reverting
commenting out line Lines { lines: 1265..=1265 } in "./tmp/21/allocation_layer/LikesBetree_v.rs"
verus failed with time: 54781ms, reverting
commenting out line Lines { lines: 290..=290 } in "./tmp/39/betree/LinkedBranch_v/Refinement_v.rs"
verus failed with time: 57540ms, reverting
commenting out line Lines { lines: 324..=324 } in "./tmp/34/betree/FilteredBetreeRefinement_v.rs"
verus succeeded with time: 62005ms, keeping it commented out
commenting out line Lines { lines: 1071..=1072 } in "./tmp/18/allocation_layer/AllocationBranchBetree_v.rs"
verus succeeded with time: 64077ms, keeping it commented out
commenting out line Lines { lines: 1555..=1555 } in "./tmp/14/allocation_layer/AllocationJournal_v.rs"
verus succeeded with time: 66826ms, keeping it commented out
commenting out line Lines { lines: 1596..=1596 } in "./tmp/37/betree/LinkedBetree_v.rs"
verus succeeded with time: 61299ms, keeping it commented out
commenting out line Lines { lines: 461..=461 } in "./tmp/36/betree/LinkedBetreeRefinement_v.rs"
verus succeeded with time: 62749ms, keeping it commented out
commenting out line Lines { lines: 1268..=1268 } in "./tmp/21/allocation_layer/LikesBetree_v.rs"
verus succeeded with time: 57250ms, keeping it commented out
commenting out line Lines { lines: 291..=291 } in "./tmp/39/betree/LinkedBranch_v/Refinement_v.rs"
verus succeeded with time: 58341ms, keeping it commented out
commenting out line Lines { lines: 344..=344 } in "./tmp/34/betree/FilteredBetreeRefinement_v.rs"
verus failed with time: 59085ms, reverting
commenting out line Lines { lines: 1059..=1074 } in "./tmp/18/allocation_layer/AllocationBranchBetree_v.rs"
verus failed with time: 57694ms, reverting
commenting out line Lines { lines: 1556..=1556 } in "./tmp/14/allocation_layer/AllocationJournal_v.rs"
verus failed with time: 55671ms, reverting
commenting out line Lines { lines: 1601..=1601 } in "./tmp/37/betree/LinkedBetree_v.rs"
verus failed with time: 54146ms, reverting
commenting out line Lines { lines: 462..=462 } in "./tmp/36/betree/LinkedBetreeRefinement_v.rs"
verus succeeded with time: 61534ms, keeping it commented out
commenting out line Lines { lines: 1271..=1271 } in "./tmp/21/allocation_layer/LikesBetree_v.rs"
verus succeeded with time: 59455ms, keeping it commented out
commenting out line Lines { lines: 345..=345 } in "./tmp/34/betree/FilteredBetreeRefinement_v.rs"
verus failed with time: 61486ms, reverting
commenting out line Lines { lines: 293..=293 } in "./tmp/39/betree/LinkedBranch_v/Refinement_v.rs"
verus succeeded with time: 64362ms, keeping it commented out
commenting out line Lines { lines: 1080..=1080 } in "./tmp/18/allocation_layer/AllocationBranchBetree_v.rs"
verus succeeded with time: 61320ms, keeping it commented out
commenting out line Lines { lines: 1564..=1564 } in "./tmp/14/allocation_layer/AllocationJournal_v.rs"
verus succeeded with time: 61194ms, keeping it commented out
commenting out line Lines { lines: 1603..=1603 } in "./tmp/37/betree/LinkedBetree_v.rs"
verus succeeded with time: 58440ms, keeping it commented out
commenting out line Lines { lines: 463..=463 } in "./tmp/36/betree/LinkedBetreeRefinement_v.rs"
verus failed with time: 56108ms, reverting
commenting out line Lines { lines: 1272..=1272 } in "./tmp/21/allocation_layer/LikesBetree_v.rs"
verus succeeded with time: 59609ms, keeping it commented out
commenting out line Lines { lines: 355..=355 } in "./tmp/34/betree/FilteredBetreeRefinement_v.rs"
verus failed with time: 59013ms, reverting
commenting out line Lines { lines: 295..=295 } in "./tmp/39/betree/LinkedBranch_v/Refinement_v.rs"
verus succeeded with time: 60296ms, keeping it commented out
commenting out line Lines { lines: 1081..=1081 } in "./tmp/18/allocation_layer/AllocationBranchBetree_v.rs"
verus succeeded with time: 62373ms, keeping it commented out
commenting out line Lines { lines: 1565..=1565 } in "./tmp/14/allocation_layer/AllocationJournal_v.rs"
verus failed with time: 58081ms, reverting
commenting out line Lines { lines: 1605..=1605 } in "./tmp/37/betree/LinkedBetree_v.rs"
verus failed with time: 55272ms, reverting
commenting out line Lines { lines: 473..=473 } in "./tmp/36/betree/LinkedBetreeRefinement_v.rs"
verus failed with time: 58157ms, reverting
commenting out line Lines { lines: 1276..=1276 } in "./tmp/21/allocation_layer/LikesBetree_v.rs"
verus failed with time: 54810ms, reverting
commenting out line Lines { lines: 356..=356 } in "./tmp/34/betree/FilteredBetreeRefinement_v.rs"
verus failed with time: 58683ms, reverting
commenting out line Lines { lines: 344..=344 } in "./tmp/39/betree/LinkedBranch_v/Refinement_v.rs"
verus failed with time: 57922ms, reverting
commenting out line Lines { lines: 1559..=1567 } in "./tmp/14/allocation_layer/AllocationJournal_v.rs"
verus failed with time: 58827ms, reverting
commenting out line Lines { lines: 1086..=1087 } in "./tmp/18/allocation_layer/AllocationBranchBetree_v.rs"
verus succeeded with time: 63686ms, keeping it commented out
commenting out line Lines { lines: 1597..=1608 } in "./tmp/37/betree/LinkedBetree_v.rs"
verus failed with time: 56911ms, reverting
commenting out line Lines { lines: 477..=477 } in "./tmp/36/betree/LinkedBetreeRefinement_v.rs"
verus failed with time: 57113ms, reverting
commenting out line Lines { lines: 1277..=1277 } in "./tmp/21/allocation_layer/LikesBetree_v.rs"
verus succeeded with time: 63796ms, keeping it commented out
commenting out line Lines { lines: 357..=357 } in "./tmp/34/betree/FilteredBetreeRefinement_v.rs"
verus succeeded with time: 61124ms, keeping it commented out
commenting out line Lines { lines: 350..=350 } in "./tmp/39/betree/LinkedBranch_v/Refinement_v.rs"
verus succeeded with time: 61971ms, keeping it commented out
commenting out line Lines { lines: 1558..=1568 } in "./tmp/14/allocation_layer/AllocationJournal_v.rs"
verus failed with time: 57834ms, reverting
commenting out line Lines { lines: 1088..=1088 } in "./tmp/18/allocation_layer/AllocationBranchBetree_v.rs"
verus succeeded with time: 63779ms, keeping it commented out
commenting out line Lines { lines: 1626..=1626 } in "./tmp/37/betree/LinkedBetree_v.rs"
verus succeeded with time: 60908ms, keeping it commented out
commenting out line Lines { lines: 489..=489 } in "./tmp/36/betree/LinkedBetreeRefinement_v.rs"
verus failed with time: 55228ms, reverting
commenting out line Lines { lines: 1278..=1278 } in "./tmp/21/allocation_layer/LikesBetree_v.rs"
verus succeeded with time: 59434ms, keeping it commented out
commenting out line Lines { lines: 358..=358 } in "./tmp/34/betree/FilteredBetreeRefinement_v.rs"
verus succeeded with time: 60059ms, keeping it commented out
commenting out line Lines { lines: 351..=351 } in "./tmp/39/betree/LinkedBranch_v/Refinement_v.rs"
verus succeeded with time: 60672ms, keeping it commented out
commenting out line Lines { lines: 1570..=1570 } in "./tmp/14/allocation_layer/AllocationJournal_v.rs"
verus succeeded with time: 61382ms, keeping it commented out
commenting out line Lines { lines: 1649..=1649 } in "./tmp/37/betree/LinkedBetree_v.rs"
verus failed with time: 54143ms, reverting
commenting out line Lines { lines: 490..=490 } in "./tmp/36/betree/LinkedBetreeRefinement_v.rs"
verus failed with time: 56491ms, reverting
commenting out line Lines { lines: 1093..=1093 } in "./tmp/18/allocation_layer/AllocationBranchBetree_v.rs"
verus succeeded with time: 60729ms, keeping it commented out
commenting out line Lines { lines: 1279..=1279 } in "./tmp/21/allocation_layer/LikesBetree_v.rs"
verus succeeded with time: 59585ms, keeping it commented out
commenting out line Lines { lines: 371..=375 } in "./tmp/34/betree/FilteredBetreeRefinement_v.rs"
verus failed with time: 61029ms, reverting
commenting out line Lines { lines: 354..=354 } in "./tmp/39/betree/LinkedBranch_v/Refinement_v.rs"
verus succeeded with time: 61376ms, keeping it commented out
commenting out line Lines { lines: 1576..=1576 } in "./tmp/14/allocation_layer/AllocationJournal_v.rs"
verus failed with time: 57478ms, reverting
commenting out line Lines { lines: 1650..=1650 } in "./tmp/37/betree/LinkedBetree_v.rs"
verus failed with time: 57374ms, reverting
commenting out line Lines { lines: 486..=495 } in "./tmp/36/betree/LinkedBetreeRefinement_v.rs"
verus failed with time: 57480ms, reverting
commenting out line Lines { lines: 1099..=1099 } in "./tmp/18/allocation_layer/AllocationBranchBetree_v.rs"
verus failed with time: 57468ms, reverting
commenting out line Lines { lines: 1280..=1280 } in "./tmp/21/allocation_layer/LikesBetree_v.rs"
verus succeeded with time: 63455ms, keeping it commented out
commenting out line Lines { lines: 381..=381 } in "./tmp/34/betree/FilteredBetreeRefinement_v.rs"
verus succeeded with time: 62324ms, keeping it commented out
commenting out line Lines { lines: 355..=355 } in "./tmp/39/betree/LinkedBranch_v/Refinement_v.rs"
verus succeeded with time: 61213ms, keeping it commented out
commenting out line Lines { lines: 1578..=1578 } in "./tmp/14/allocation_layer/AllocationJournal_v.rs"
verus failed with time: 57777ms, reverting
commenting out line Lines { lines: 1654..=1654 } in "./tmp/37/betree/LinkedBetree_v.rs"
verus succeeded with time: 60998ms, keeping it commented out
commenting out line Lines { lines: 496..=496 } in "./tmp/36/betree/LinkedBetreeRefinement_v.rs"
verus failed with time: 57227ms, reverting
commenting out line Lines { lines: 1097..=1100 } in "./tmp/18/allocation_layer/AllocationBranchBetree_v.rs"
verus failed with time: 58309ms, reverting
commenting out line Lines { lines: 1284..=1284 } in "./tmp/21/allocation_layer/LikesBetree_v.rs"
verus failed with time: 58702ms, reverting
commenting out line Lines { lines: 1572..=1580 } in "./tmp/14/allocation_layer/AllocationJournal_v.rs"
verus failed with time: 58658ms, reverting
commenting out line Lines { lines: 382..=382 } in "./tmp/34/betree/FilteredBetreeRefinement_v.rs"
verus succeeded with time: 62660ms, keeping it commented out
commenting out line Lines { lines: 365..=365 } in "./tmp/39/betree/LinkedBranch_v/Refinement_v.rs"
verus succeeded with time: 61713ms, keeping it commented out
commenting out line Lines { lines: 1693..=1693 } in "./tmp/37/betree/LinkedBetree_v.rs"
verus failed with time: 58333ms, reverting
commenting out line Lines { lines: 498..=498 } in "./tmp/36/betree/LinkedBetreeRefinement_v.rs"
verus failed with time: 59117ms, reverting
commenting out line Lines { lines: 1094..=1101 } in "./tmp/18/allocation_layer/AllocationBranchBetree_v.rs"
verus failed with time: 59358ms, reverting
commenting out line Lines { lines: 1290..=1290 } in "./tmp/21/allocation_layer/LikesBetree_v.rs"
verus failed with time: 56153ms, reverting
commenting out line Lines { lines: 1586..=1586 } in "./tmp/14/allocation_layer/AllocationJournal_v.rs"
verus failed with time: 59631ms, reverting
commenting out line Lines { lines: 410..=418 } in "./tmp/34/betree/FilteredBetreeRefinement_v.rs"
verus failed with time: 63265ms, reverting
commenting out line Lines { lines: 369..=369 } in "./tmp/39/betree/LinkedBranch_v/Refinement_v.rs"
verus succeeded with time: 64022ms, keeping it commented out
commenting out line Lines { lines: 465..=501 } in "./tmp/36/betree/LinkedBetreeRefinement_v.rs"
verus failed with time: 60152ms, reverting
commenting out line Lines { lines: 1697..=1697 } in "./tmp/37/betree/LinkedBetree_v.rs"
verus succeeded with time: 63040ms, keeping it commented out
commenting out line Lines { lines: 1103..=1103 } in "./tmp/18/allocation_layer/AllocationBranchBetree_v.rs"
verus succeeded with time: 63693ms, keeping it commented out
commenting out line Lines { lines: 1291..=1292 } in "./tmp/21/allocation_layer/LikesBetree_v.rs"
verus succeeded with time: 60805ms, keeping it commented out
commenting out line Lines { lines: 1589..=1589 } in "./tmp/14/allocation_layer/AllocationJournal_v.rs"
verus failed with time: 58545ms, reverting
commenting out line Lines { lines: 420..=425 } in "./tmp/34/betree/FilteredBetreeRefinement_v.rs"
verus failed with time: 61412ms, reverting
commenting out line Lines { lines: 502..=502 } in "./tmp/36/betree/LinkedBetreeRefinement_v.rs"
verus failed with time: 59961ms, reverting
commenting out line Lines { lines: 373..=373 } in "./tmp/39/betree/LinkedBranch_v/Refinement_v.rs"
verus succeeded with time: 63385ms, keeping it commented out
commenting out line Lines { lines: 1736..=1736 } in "./tmp/37/betree/LinkedBetree_v.rs"
verus succeeded with time: 61854ms, keeping it commented out
commenting out line Lines { lines: 1111..=1112 } in "./tmp/18/allocation_layer/AllocationBranchBetree_v.rs"
verus failed with time: 58593ms, reverting
commenting out line Lines { lines: 1293..=1293 } in "./tmp/21/allocation_layer/LikesBetree_v.rs"
verus succeeded with time: 65482ms, keeping it commented out
commenting out line Lines { lines: 1590..=1590 } in "./tmp/14/allocation_layer/AllocationJournal_v.rs"
verus succeeded with time: 63904ms, keeping it commented out
commenting out line Lines { lines: 1737..=1737 } in "./tmp/37/betree/LinkedBetree_v.rs"
verus failed with time: 57636ms, reverting
commenting out line Lines { lines: 427..=427 } in "./tmp/34/betree/FilteredBetreeRefinement_v.rs"
verus succeeded with time: 63633ms, keeping it commented out
commenting out line Lines { lines: 520..=520 } in "./tmp/36/betree/LinkedBetreeRefinement_v.rs"
verus succeeded with time: 63682ms, keeping it commented out
commenting out line Lines { lines: 374..=374 } in "./tmp/39/betree/LinkedBranch_v/Refinement_v.rs"
verus succeeded with time: 62899ms, keeping it commented out
commenting out line Lines { lines: 1113..=1113 } in "./tmp/18/allocation_layer/AllocationBranchBetree_v.rs"
verus succeeded with time: 62620ms, keeping it commented out
commenting out line Lines { lines: 1302..=1302 } in "./tmp/21/allocation_layer/LikesBetree_v.rs"
verus succeeded with time: 58687ms, keeping it commented out
commenting out line Lines { lines: 1583..=1592 } in "./tmp/14/allocation_layer/AllocationJournal_v.rs"
verus failed with time: 57986ms, reverting
commenting out line Lines { lines: 1730..=1738 } in "./tmp/37/betree/LinkedBetree_v.rs"
verus failed with time: 56918ms, reverting
commenting out line Lines { lines: 428..=428 } in "./tmp/34/betree/FilteredBetreeRefinement_v.rs"
verus succeeded with time: 60951ms, keeping it commented out
commenting out line Lines { lines: 1116..=1116 } in "./tmp/18/allocation_layer/AllocationBranchBetree_v.rs"
verus failed with time: 59772ms, reverting
commenting out line Lines { lines: 524..=524 } in "./tmp/36/betree/LinkedBetreeRefinement_v.rs"
verus succeeded with time: 62973ms, keeping it commented out
commenting out line Lines { lines: 376..=376 } in "./tmp/39/betree/LinkedBranch_v/Refinement_v.rs"
verus succeeded with time: 63349ms, keeping it commented out
commenting out line Lines { lines: 1303..=1303 } in "./tmp/21/allocation_layer/LikesBetree_v.rs"
verus succeeded with time: 62298ms, keeping it commented out
commenting out line Lines { lines: 1582..=1593 } in "./tmp/14/allocation_layer/AllocationJournal_v.rs"
verus failed with time: 56546ms, reverting
commenting out line Lines { lines: 1758..=1758 } in "./tmp/37/betree/LinkedBetree_v.rs"
verus succeeded with time: 59587ms, keeping it commented out
commenting out line Lines { lines: 1108..=1118 } in "./tmp/18/allocation_layer/AllocationBranchBetree_v.rs"
verus failed with time: 56836ms, reverting
commenting out line Lines { lines: 445..=445 } in "./tmp/34/betree/FilteredBetreeRefinement_v.rs"
verus succeeded with time: 61616ms, keeping it commented out
commenting out line Lines { lines: 525..=525 } in "./tmp/36/betree/LinkedBetreeRefinement_v.rs"
verus succeeded with time: 62227ms, keeping it commented out
commenting out line Lines { lines: 378..=378 } in "./tmp/39/betree/LinkedBranch_v/Refinement_v.rs"
verus succeeded with time: 60422ms, keeping it commented out
commenting out line Lines { lines: 1305..=1305 } in "./tmp/21/allocation_layer/LikesBetree_v.rs"
verus succeeded with time: 58037ms, keeping it commented out
commenting out line Lines { lines: 1595..=1597 } in "./tmp/14/allocation_layer/AllocationJournal_v.rs"
verus failed with time: 55134ms, reverting
commenting out line Lines { lines: 1761..=1761 } in "./tmp/37/betree/LinkedBetree_v.rs"
verus succeeded with time: 58951ms, keeping it commented out
commenting out line Lines { lines: 1119..=1119 } in "./tmp/18/allocation_layer/AllocationBranchBetree_v.rs"
verus succeeded with time: 61803ms, keeping it commented out
commenting out line Lines { lines: 446..=446 } in "./tmp/34/betree/FilteredBetreeRefinement_v.rs"
verus succeeded with time: 62521ms, keeping it commented out
commenting out line Lines { lines: 379..=379 } in "./tmp/39/betree/LinkedBranch_v/Refinement_v.rs"
verus failed with time: 58245ms, reverting
commenting out line Lines { lines: 529..=529 } in "./tmp/36/betree/LinkedBetreeRefinement_v.rs"
verus succeeded with time: 63325ms, keeping it commented out
commenting out line Lines { lines: 1307..=1307 } in "./tmp/21/allocation_layer/LikesBetree_v.rs"
verus failed with time: 53059ms, reverting
commenting out line Lines { lines: 1599..=1599 } in "./tmp/14/allocation_layer/AllocationJournal_v.rs"
verus succeeded with time: 62413ms, keeping it commented out
commenting out line Lines { lines: 1763..=1763 } in "./tmp/37/betree/LinkedBetree_v.rs"
verus succeeded with time: 59071ms, keeping it commented out
commenting out line Lines { lines: 1122..=1122 } in "./tmp/18/allocation_layer/AllocationBranchBetree_v.rs"
verus succeeded with time: 61385ms, keeping it commented out
commenting out line Lines { lines: 468..=468 } in "./tmp/34/betree/FilteredBetreeRefinement_v.rs"
verus succeeded with time: 61060ms, keeping it commented out
commenting out line Lines { lines: 536..=536 } in "./tmp/36/betree/LinkedBetreeRefinement_v.rs"
verus failed with time: 58271ms, reverting
commenting out line Lines { lines: 388..=388 } in "./tmp/39/betree/LinkedBranch_v/Refinement_v.rs"
verus succeeded with time: 62954ms, keeping it commented out
commenting out line Lines { lines: 1308..=1308 } in "./tmp/21/allocation_layer/LikesBetree_v.rs"
verus failed with time: 57211ms, reverting
commenting out line Lines { lines: 1603..=1603 } in "./tmp/14/allocation_layer/AllocationJournal_v.rs"
verus succeeded with time: 58947ms, keeping it commented out
commenting out line Lines { lines: 1764..=1764 } in "./tmp/37/betree/LinkedBetree_v.rs"
verus succeeded with time: 57493ms, keeping it commented out
commenting out line Lines { lines: 1124..=1124 } in "./tmp/18/allocation_layer/AllocationBranchBetree_v.rs"
verus succeeded with time: 61763ms, keeping it commented out
commenting out line Lines { lines: 537..=537 } in "./tmp/36/betree/LinkedBetreeRefinement_v.rs"
verus failed with time: 58619ms, reverting
commenting out line Lines { lines: 470..=470 } in "./tmp/34/betree/FilteredBetreeRefinement_v.rs"
verus succeeded with time: 62053ms, keeping it commented out
commenting out line Lines { lines: 390..=390 } in "./tmp/39/betree/LinkedBranch_v/Refinement_v.rs"
verus succeeded with time: 61663ms, keeping it commented out
commenting out line Lines { lines: 1309..=1309 } in "./tmp/21/allocation_layer/LikesBetree_v.rs"
verus succeeded with time: 60662ms, keeping it commented out
commenting out line Lines { lines: 1606..=1607 } in "./tmp/14/allocation_layer/AllocationJournal_v.rs"
verus succeeded with time: 59441ms, keeping it commented out
commenting out line Lines { lines: 1765..=1765 } in "./tmp/37/betree/LinkedBetree_v.rs"
verus failed with time: 54475ms, reverting
commenting out line Lines { lines: 550..=550 } in "./tmp/36/betree/LinkedBetreeRefinement_v.rs"
verus failed with time: 56512ms, reverting
commenting out line Lines { lines: 1125..=1125 } in "./tmp/18/allocation_layer/AllocationBranchBetree_v.rs"
verus failed with time: 58980ms, reverting
commenting out line Lines { lines: 383..=397 } in "./tmp/39/betree/LinkedBranch_v/Refinement_v.rs"
verus failed with time: 57384ms, reverting
commenting out line Lines { lines: 493..=510 } in "./tmp/34/betree/FilteredBetreeRefinement_v.rs"
verus failed with time: 59625ms, reverting
commenting out line Lines { lines: 1310..=1310 } in "./tmp/21/allocation_layer/LikesBetree_v.rs"
verus failed with time: 56269ms, reverting
commenting out line Lines { lines: 1753..=1766 } in "./tmp/37/betree/LinkedBetree_v.rs"
verus failed with time: 57366ms, reverting
commenting out line Lines { lines: 1609..=1610 } in "./tmp/14/allocation_layer/AllocationJournal_v.rs"
verus succeeded with time: 62944ms, keeping it commented out
commenting out line Lines { lines: 551..=551 } in "./tmp/36/betree/LinkedBetreeRefinement_v.rs"
verus failed with time: 55768ms, reverting
commenting out line Lines { lines: 1133..=1133 } in "./tmp/18/allocation_layer/AllocationBranchBetree_v.rs"
verus succeeded with time: 62408ms, keeping it commented out
commenting out line Lines { lines: 515..=515 } in "./tmp/34/betree/FilteredBetreeRefinement_v.rs"
verus succeeded with time: 61015ms, keeping it commented out
commenting out line Lines { lines: 400..=400 } in "./tmp/39/betree/LinkedBranch_v/Refinement_v.rs"
verus succeeded with time: 64293ms, keeping it commented out
commenting out line Lines { lines: 1315..=1315 } in "./tmp/21/allocation_layer/LikesBetree_v.rs"
verus succeeded with time: 60376ms, keeping it commented out
commenting out line Lines { lines: 1769..=1769 } in "./tmp/37/betree/LinkedBetree_v.rs"
verus succeeded with time: 60196ms, keeping it commented out
commenting out line Lines { lines: 1612..=1612 } in "./tmp/14/allocation_layer/AllocationJournal_v.rs"
verus succeeded with time: 58834ms, keeping it commented out
commenting out line Lines { lines: 547..=556 } in "./tmp/36/betree/LinkedBetreeRefinement_v.rs"
verus failed with time: 51830ms, reverting
commenting out line Lines { lines: 1128..=1134 } in "./tmp/18/allocation_layer/AllocationBranchBetree_v.rs"
verus failed with time: 57280ms, reverting
commenting out line Lines { lines: 357..=402 } in "./tmp/39/betree/LinkedBranch_v/Refinement_v.rs"
verus failed with time: 54013ms, reverting
commenting out line Lines { lines: 516..=516 } in "./tmp/34/betree/FilteredBetreeRefinement_v.rs"
verus succeeded with time: 63982ms, keeping it commented out
commenting out line Lines { lines: 1316..=1316 } in "./tmp/21/allocation_layer/LikesBetree_v.rs"
verus failed with time: 56774ms, reverting
commenting out line Lines { lines: 1320..=1320 } in "./tmp/21/allocation_layer/LikesBetree_v.rs"
verus failed with time: 9270ms, reverting
commenting out line Lines { lines: 1790..=1790 } in "./tmp/37/betree/LinkedBetree_v.rs"
verus succeeded with time: 60977ms, keeping it commented out
commenting out line Lines { lines: 1614..=1614 } in "./tmp/14/allocation_layer/AllocationJournal_v.rs"
verus succeeded with time: 61317ms, keeping it commented out
commenting out line Lines { lines: 557..=557 } in "./tmp/36/betree/LinkedBetreeRefinement_v.rs"
verus failed with time: 56250ms, reverting
commenting out line Lines { lines: 1127..=1135 } in "./tmp/18/allocation_layer/AllocationBranchBetree_v.rs"
verus failed with time: 55152ms, reverting
commenting out line Lines { lines: 404..=404 } in "./tmp/39/betree/LinkedBranch_v/Refinement_v.rs"
verus succeeded with time: 58957ms, keeping it commented out
commenting out line Lines { lines: 537..=537 } in "./tmp/34/betree/FilteredBetreeRefinement_v.rs"
verus succeeded with time: 59907ms, keeping it commented out
commenting out line Lines { lines: 1322..=1322 } in "./tmp/21/allocation_layer/LikesBetree_v.rs"
verus succeeded with time: 60005ms, keeping it commented out
commenting out line Lines { lines: 1791..=1791 } in "./tmp/37/betree/LinkedBetree_v.rs"
verus failed with time: 54928ms, reverting
commenting out line Lines { lines: 533..=561 } in "./tmp/36/betree/LinkedBetreeRefinement_v.rs"
verus failed with time: 56259ms, reverting
commenting out line Lines { lines: 1601..=1617 } in "./tmp/14/allocation_layer/AllocationJournal_v.rs"
verus failed with time: 57241ms, reverting
commenting out line Lines { lines: 405..=406 } in "./tmp/39/betree/LinkedBranch_v/Refinement_v.rs"
verus failed with time: 56923ms, reverting
commenting out line Lines { lines: 1136..=1136 } in "./tmp/18/allocation_layer/AllocationBranchBetree_v.rs"
verus succeeded with time: 62777ms, keeping it commented out
commenting out line Lines { lines: 540..=540 } in "./tmp/34/betree/FilteredBetreeRefinement_v.rs"
verus failed with time: 61572ms, reverting
commenting out line Lines { lines: 1324..=1324 } in "./tmp/21/allocation_layer/LikesBetree_v.rs"
verus succeeded with time: 60447ms, keeping it commented out
commenting out line Lines { lines: 1809..=1809 } in "./tmp/37/betree/LinkedBetree_v.rs"
verus succeeded with time: 57404ms, keeping it commented out
commenting out line Lines { lines: 562..=562 } in "./tmp/36/betree/LinkedBetreeRefinement_v.rs"
verus failed with time: 57854ms, reverting
commenting out line Lines { lines: 1619..=1619 } in "./tmp/14/allocation_layer/AllocationJournal_v.rs"
verus succeeded with time: 62370ms, keeping it commented out
commenting out line Lines { lines: 1146..=1146 } in "./tmp/18/allocation_layer/AllocationBranchBetree_v.rs"
verus succeeded with time: 62184ms, keeping it commented out
commenting out line Lines { lines: 407..=407 } in "./tmp/39/betree/LinkedBranch_v/Refinement_v.rs"
verus succeeded with time: 63784ms, keeping it commented out
commenting out line Lines { lines: 543..=543 } in "./tmp/34/betree/FilteredBetreeRefinement_v.rs"
verus failed with time: 60283ms, reverting
commenting out line Lines { lines: 1811..=1811 } in "./tmp/37/betree/LinkedBetree_v.rs"
verus succeeded with time: 58345ms, keeping it commented out
commenting out line Lines { lines: 1325..=1325 } in "./tmp/21/allocation_layer/LikesBetree_v.rs"
verus succeeded with time: 58808ms, keeping it commented out
commenting out line Lines { lines: 576..=576 } in "./tmp/36/betree/LinkedBetreeRefinement_v.rs"
verus succeeded with time: 60168ms, keeping it commented out
commenting out line Lines { lines: 1627..=1627 } in "./tmp/14/allocation_layer/AllocationJournal_v.rs"
verus succeeded with time: 63261ms, keeping it commented out
commenting out line Lines { lines: 1156..=1156 } in "./tmp/18/allocation_layer/AllocationBranchBetree_v.rs"
verus failed with time: 54932ms, reverting
commenting out line Lines { lines: 409..=409 } in "./tmp/39/betree/LinkedBranch_v/Refinement_v.rs"
verus failed with time: 59181ms, reverting
commenting out line Lines { lines: 552..=552 } in "./tmp/34/betree/FilteredBetreeRefinement_v.rs"
verus failed with time: 59795ms, reverting
commenting out line Lines { lines: 1868..=1868 } in "./tmp/37/betree/LinkedBetree_v.rs"
verus succeeded with time: 58005ms, keeping it commented out
commenting out line Lines { lines: 1326..=1326 } in "./tmp/21/allocation_layer/LikesBetree_v.rs"
verus succeeded with time: 61883ms, keeping it commented out
commenting out line Lines { lines: 583..=583 } in "./tmp/36/betree/LinkedBetreeRefinement_v.rs"
verus failed with time: 59089ms, reverting
commenting out line Lines { lines: 1628..=1628 } in "./tmp/14/allocation_layer/AllocationJournal_v.rs"
verus succeeded with time: 63308ms, keeping it commented out
commenting out line Lines { lines: 1157..=1157 } in "./tmp/18/allocation_layer/AllocationBranchBetree_v.rs"
verus succeeded with time: 63520ms, keeping it commented out
commenting out line Lines { lines: 410..=410 } in "./tmp/39/betree/LinkedBranch_v/Refinement_v.rs"
verus succeeded with time: 61940ms, keeping it commented out
commenting out line Lines { lines: 554..=554 } in "./tmp/34/betree/FilteredBetreeRefinement_v.rs"
verus failed with time: 58203ms, reverting
commenting out line Lines { lines: 1336..=1339 } in "./tmp/21/allocation_layer/LikesBetree_v.rs"
verus failed with time: 55424ms, reverting
commenting out line Lines { lines: 1889..=1889 } in "./tmp/37/betree/LinkedBetree_v.rs"
verus succeeded with time: 59161ms, keeping it commented out
commenting out line Lines { lines: 586..=586 } in "./tmp/36/betree/LinkedBetreeRefinement_v.rs"
verus succeeded with time: 58694ms, keeping it commented out
commenting out line Lines { lines: 1629..=1629 } in "./tmp/14/allocation_layer/AllocationJournal_v.rs"
verus succeeded with time: 60592ms, keeping it commented out
commenting out line Lines { lines: 1159..=1159 } in "./tmp/18/allocation_layer/AllocationBranchBetree_v.rs"
verus succeeded with time: 62365ms, keeping it commented out
commenting out line Lines { lines: 414..=414 } in "./tmp/39/betree/LinkedBranch_v/Refinement_v.rs"
verus succeeded with time: 61622ms, keeping it commented out
commenting out line Lines { lines: 556..=556 } in "./tmp/34/betree/FilteredBetreeRefinement_v.rs"
verus failed with time: 62189ms, reverting
commenting out line Lines { lines: 1903..=1903 } in "./tmp/37/betree/LinkedBetree_v.rs"
verus failed with time: 56385ms, reverting
commenting out line Lines { lines: 1343..=1343 } in "./tmp/21/allocation_layer/LikesBetree_v.rs"
verus succeeded with time: 61347ms, keeping it commented out
commenting out line Lines { lines: 590..=590 } in "./tmp/36/betree/LinkedBetreeRefinement_v.rs"
verus succeeded with time: 60856ms, keeping it commented out
commenting out line Lines { lines: 1630..=1630 } in "./tmp/14/allocation_layer/AllocationJournal_v.rs"
verus succeeded with time: 62022ms, keeping it commented out
commenting out line Lines { lines: 1162..=1162 } in "./tmp/18/allocation_layer/AllocationBranchBetree_v.rs"
verus succeeded with time: 63668ms, keeping it commented out
commenting out line Lines { lines: 472..=472 } in "./tmp/39/betree/LinkedBranch_v/Refinement_v.rs"
verus succeeded with time: 61032ms, keeping it commented out
commenting out line Lines { lines: 549..=558 } in "./tmp/34/betree/FilteredBetreeRefinement_v.rs"
verus failed with time: 60192ms, reverting
commenting out line Lines { lines: 1904..=1904 } in "./tmp/37/betree/LinkedBetree_v.rs"
verus failed with time: 54889ms, reverting
commenting out line Lines { lines: 1367..=1367 } in "./tmp/21/allocation_layer/LikesBetree_v.rs"
verus succeeded with time: 57678ms, keeping it commented out
commenting out line Lines { lines: 598..=598 } in "./tmp/36/betree/LinkedBetreeRefinement_v.rs"
verus failed with time: 55201ms, reverting
commenting out line Lines { lines: 1631..=1631 } in "./tmp/14/allocation_layer/AllocationJournal_v.rs"
verus succeeded with time: 65265ms, keeping it commented out
commenting out line Lines { lines: 1164..=1164 } in "./tmp/18/allocation_layer/AllocationBranchBetree_v.rs"
verus failed with time: 60261ms, reverting
commenting out line Lines { lines: 479..=479 } in "./tmp/39/betree/LinkedBranch_v/Refinement_v.rs"
verus succeeded with time: 62561ms, keeping it commented out
commenting out line Lines { lines: 559..=559 } in "./tmp/34/betree/FilteredBetreeRefinement_v.rs"
verus failed with time: 62373ms, reverting
commenting out line Lines { lines: 1917..=1917 } in "./tmp/37/betree/LinkedBetree_v.rs"
verus failed with time: 55823ms, reverting
commenting out line Lines { lines: 1369..=1369 } in "./tmp/21/allocation_layer/LikesBetree_v.rs"
verus succeeded with time: 58360ms, keeping it commented out
commenting out line Lines { lines: 601..=601 } in "./tmp/36/betree/LinkedBetreeRefinement_v.rs"
verus failed with time: 57194ms, reverting
commenting out line Lines { lines: 1663..=1663 } in "./tmp/14/allocation_layer/AllocationJournal_v.rs"
verus succeeded with time: 64041ms, keeping it commented out
commenting out line Lines { lines: 480..=480 } in "./tmp/39/betree/LinkedBranch_v/Refinement_v.rs"
verus failed with time: 58044ms, reverting
commenting out line Lines { lines: 1178..=1178 } in "./tmp/18/allocation_layer/AllocationBranchBetree_v.rs"
verus succeeded with time: 61794ms, keeping it commented out
commenting out line Lines { lines: 1921..=1921 } in "./tmp/37/betree/LinkedBetree_v.rs"
verus failed with time: 56884ms, reverting
commenting out line Lines { lines: 572..=572 } in "./tmp/34/betree/FilteredBetreeRefinement_v.rs"
verus failed with time: 58263ms, reverting
commenting out line Lines { lines: 592..=605 } in "./tmp/36/betree/LinkedBetreeRefinement_v.rs"
verus failed with time: 57283ms, reverting
commenting out line Lines { lines: 1372..=1372 } in "./tmp/21/allocation_layer/LikesBetree_v.rs"
verus succeeded with time: 62007ms, keeping it commented out
commenting out line Lines { lines: 1685..=1685 } in "./tmp/14/allocation_layer/AllocationJournal_v.rs"
verus succeeded with time: 62835ms, keeping it commented out
commenting out line Lines { lines: 492..=492 } in "./tmp/39/betree/LinkedBranch_v/Refinement_v.rs"
verus failed with time: 58216ms, reverting
commenting out line Lines { lines: 1179..=1179 } in "./tmp/18/allocation_layer/AllocationBranchBetree_v.rs"
verus failed with time: 59513ms, reverting
commenting out line Lines { lines: 1906..=1923 } in "./tmp/37/betree/LinkedBetree_v.rs"
verus failed with time: 57464ms, reverting
commenting out line Lines { lines: 574..=574 } in "./tmp/34/betree/FilteredBetreeRefinement_v.rs"
verus succeeded with time: 61645ms, keeping it commented out
commenting out line Lines { lines: 611..=611 } in "./tmp/36/betree/LinkedBetreeRefinement_v.rs"
verus succeeded with time: 62480ms, keeping it commented out
commenting out line Lines { lines: 1373..=1373 } in "./tmp/21/allocation_layer/LikesBetree_v.rs"
verus succeeded with time: 62772ms, keeping it commented out
commenting out line Lines { lines: 1690..=1690 } in "./tmp/14/allocation_layer/AllocationJournal_v.rs"
verus failed with time: 56456ms, reverting
minimization of ./tmp/14/allocation_layer/AllocationJournal_v.rs is completed
minimization of ./tmp/40/betree/LinkedSeq_v.rs is completed
minimization of ./tmp/41/betree/Memtable_v.rs is completed
minimization of ./tmp/42/betree/OffsetMap_v.rs is completed
commenting out line Lines { lines: 1193..=1193 } in "./tmp/18/allocation_layer/AllocationBranchBetree_v.rs"
verus failed with time: 57451ms, reverting
commenting out line Lines { lines: 493..=493 } in "./tmp/39/betree/LinkedBranch_v/Refinement_v.rs"
verus succeeded with time: 62731ms, keeping it commented out
commenting out line Lines { lines: 1924..=1924 } in "./tmp/37/betree/LinkedBetree_v.rs"
verus succeeded with time: 59779ms, keeping it commented out
commenting out line Lines { lines: 583..=583 } in "./tmp/34/betree/FilteredBetreeRefinement_v.rs"
verus failed with time: 59454ms, reverting
commenting out line Lines { lines: 1375..=1375 } in "./tmp/21/allocation_layer/LikesBetree_v.rs"
verus failed with time: 56575ms, reverting
commenting out line Lines { lines: 612..=612 } in "./tmp/36/betree/LinkedBetreeRefinement_v.rs"
verus succeeded with time: 61001ms, keeping it commented out
commenting out line Lines { lines: 58..=58 } in "./tmp/43/betree/PagedBetreeRefinement_v.rs"
verus failed with time: 57751ms, reverting
commenting out line Lines { lines: 1219..=1219 } in "./tmp/18/allocation_layer/AllocationBranchBetree_v.rs"
verus succeeded with time: 62424ms, keeping it commented out
commenting out line Lines { lines: 495..=495 } in "./tmp/39/betree/LinkedBranch_v/Refinement_v.rs"
verus succeeded with time: 61100ms, keeping it commented out
commenting out line Lines { lines: 1925..=1925 } in "./tmp/37/betree/LinkedBetree_v.rs"
verus succeeded with time: 61688ms, keeping it commented out
commenting out line Lines { lines: 585..=585 } in "./tmp/34/betree/FilteredBetreeRefinement_v.rs"
verus succeeded with time: 63567ms, keeping it commented out
commenting out line Lines { lines: 1376..=1376 } in "./tmp/21/allocation_layer/LikesBetree_v.rs"
verus succeeded with time: 60284ms, keeping it commented out
commenting out line Lines { lines: 613..=613 } in "./tmp/36/betree/LinkedBetreeRefinement_v.rs"
verus succeeded with time: 63665ms, keeping it commented out
commenting out line Lines { lines: 59..=59 } in "./tmp/43/betree/PagedBetreeRefinement_v.rs"
verus failed with time: 52738ms, reverting
commenting out line Lines { lines: 1220..=1220 } in "./tmp/18/allocation_layer/AllocationBranchBetree_v.rs"
verus failed with time: 58762ms, reverting
commenting out line Lines { lines: 497..=497 } in "./tmp/39/betree/LinkedBranch_v/Refinement_v.rs"
verus failed with time: 59387ms, reverting
commenting out line Lines { lines: 1926..=1926 } in "./tmp/37/betree/LinkedBetree_v.rs"
verus succeeded with time: 63104ms, keeping it commented out
commenting out line Lines { lines: 586..=586 } in "./tmp/34/betree/FilteredBetreeRefinement_v.rs"
verus failed with time: 58163ms, reverting
commenting out line Lines { lines: 1378..=1378 } in "./tmp/21/allocation_layer/LikesBetree_v.rs"
verus succeeded with time: 59464ms, keeping it commented out
commenting out line Lines { lines: 615..=615 } in "./tmp/36/betree/LinkedBetreeRefinement_v.rs"
verus succeeded with time: 64240ms, keeping it commented out
commenting out line Lines { lines: 53..=60 } in "./tmp/43/betree/PagedBetreeRefinement_v.rs"
verus failed with time: 59185ms, reverting
commenting out line Lines { lines: 1215..=1221 } in "./tmp/18/allocation_layer/AllocationBranchBetree_v.rs"
verus failed with time: 56848ms, reverting
commenting out line Lines { lines: 498..=498 } in "./tmp/39/betree/LinkedBranch_v/Refinement_v.rs"
verus succeeded with time: 59098ms, keeping it commented out
commenting out line Lines { lines: 1927..=1927 } in "./tmp/37/betree/LinkedBetree_v.rs"
verus succeeded with time: 58697ms, keeping it commented out
commenting out line Lines { lines: 615..=615 } in "./tmp/34/betree/FilteredBetreeRefinement_v.rs"
verus succeeded with time: 62519ms, keeping it commented out
commenting out line Lines { lines: 1379..=1379 } in "./tmp/21/allocation_layer/LikesBetree_v.rs"
verus failed with time: 53959ms, reverting
commenting out line Lines { lines: 616..=616 } in "./tmp/36/betree/LinkedBetreeRefinement_v.rs"
verus failed with time: 56046ms, reverting
commenting out line Lines { lines: 82..=82 } in "./tmp/43/betree/PagedBetreeRefinement_v.rs"
verus succeeded with time: 66646ms, keeping it commented out
commenting out line Lines { lines: 1223..=1229 } in "./tmp/18/allocation_layer/AllocationBranchBetree_v.rs"
verus failed with time: 58207ms, reverting
commenting out line Lines { lines: 501..=501 } in "./tmp/39/betree/LinkedBranch_v/Refinement_v.rs"
verus failed with time: 56938ms, reverting
commenting out line Lines { lines: 1928..=1928 } in "./tmp/37/betree/LinkedBetree_v.rs"
verus succeeded with time: 58394ms, keeping it commented out
commenting out line Lines { lines: 621..=621 } in "./tmp/34/betree/FilteredBetreeRefinement_v.rs"
verus succeeded with time: 62807ms, keeping it commented out
commenting out line Lines { lines: 1386..=1386 } in "./tmp/21/allocation_layer/LikesBetree_v.rs"
verus succeeded with time: 58909ms, keeping it commented out
commenting out line Lines { lines: 617..=617 } in "./tmp/36/betree/LinkedBetreeRefinement_v.rs"
verus failed with time: 58062ms, reverting
commenting out line Lines { lines: 90..=90 } in "./tmp/43/betree/PagedBetreeRefinement_v.rs"
verus failed with time: 56466ms, reverting
commenting out line Lines { lines: 1255..=1255 } in "./tmp/18/allocation_layer/AllocationBranchBetree_v.rs"
verus succeeded with time: 59786ms, keeping it commented out
commenting out line Lines { lines: 502..=502 } in "./tmp/39/betree/LinkedBranch_v/Refinement_v.rs"
verus succeeded with time: 60162ms, keeping it commented out
commenting out line Lines { lines: 1929..=1929 } in "./tmp/37/betree/LinkedBetree_v.rs"
verus succeeded with time: 61019ms, keeping it commented out
commenting out line Lines { lines: 627..=627 } in "./tmp/34/betree/FilteredBetreeRefinement_v.rs"
verus failed with time: 59555ms, reverting
commenting out line Lines { lines: 1388..=1388 } in "./tmp/21/allocation_layer/LikesBetree_v.rs"
verus succeeded with time: 60956ms, keeping it commented out
commenting out line Lines { lines: 607..=618 } in "./tmp/36/betree/LinkedBetreeRefinement_v.rs"
verus failed with time: 55118ms, reverting
commenting out line Lines { lines: 105..=105 } in "./tmp/43/betree/PagedBetreeRefinement_v.rs"
verus failed with time: 56965ms, reverting
commenting out line Lines { lines: 1257..=1257 } in "./tmp/18/allocation_layer/AllocationBranchBetree_v.rs"
verus failed with time: 57432ms, reverting
commenting out line Lines { lines: 508..=508 } in "./tmp/39/betree/LinkedBranch_v/Refinement_v.rs"
verus succeeded with time: 60393ms, keeping it commented out
commenting out line Lines { lines: 1954..=1954 } in "./tmp/37/betree/LinkedBetree_v.rs"
verus failed with time: 55717ms, reverting
commenting out line Lines { lines: 1389..=1389 } in "./tmp/21/allocation_layer/LikesBetree_v.rs"
verus failed with time: 55265ms, reverting
commenting out line Lines { lines: 628..=628 } in "./tmp/34/betree/FilteredBetreeRefinement_v.rs"
verus succeeded with time: 61157ms, keeping it commented out
commenting out line Lines { lines: 642..=642 } in "./tmp/36/betree/LinkedBetreeRefinement_v.rs"
verus succeeded with time: 61083ms, keeping it commented out
commenting out line Lines { lines: 115..=124 } in "./tmp/43/betree/PagedBetreeRefinement_v.rs"
verus failed with time: 56104ms, reverting
commenting out line Lines { lines: 1268..=1268 } in "./tmp/18/allocation_layer/AllocationBranchBetree_v.rs"
verus succeeded with time: 61055ms, keeping it commented out
commenting out line Lines { lines: 1955..=1955 } in "./tmp/37/betree/LinkedBetree_v.rs"
verus failed with time: 55799ms, reverting
commenting out line Lines { lines: 509..=509 } in "./tmp/39/betree/LinkedBranch_v/Refinement_v.rs"
verus succeeded with time: 63688ms, keeping it commented out
commenting out line Lines { lines: 1384..=1390 } in "./tmp/21/allocation_layer/LikesBetree_v.rs"
verus failed with time: 55423ms, reverting
commenting out line Lines { lines: 632..=632 } in "./tmp/34/betree/FilteredBetreeRefinement_v.rs"
verus succeeded with time: 62341ms, keeping it commented out
commenting out line Lines { lines: 646..=646 } in "./tmp/36/betree/LinkedBetreeRefinement_v.rs"
verus succeeded with time: 64649ms, keeping it commented out
commenting out line Lines { lines: 126..=126 } in "./tmp/43/betree/PagedBetreeRefinement_v.rs"
verus succeeded with time: 58898ms, keeping it commented out
commenting out line Lines { lines: 1946..=1965 } in "./tmp/37/betree/LinkedBetree_v.rs"
verus failed with time: 55841ms, reverting
commenting out line Lines { lines: 1272..=1272 } in "./tmp/18/allocation_layer/AllocationBranchBetree_v.rs"
verus succeeded with time: 58626ms, keeping it commented out
commenting out line Lines { lines: 512..=512 } in "./tmp/39/betree/LinkedBranch_v/Refinement_v.rs"
verus failed with time: 54537ms, reverting
commenting out line Lines { lines: 1393..=1393 } in "./tmp/21/allocation_layer/LikesBetree_v.rs"
verus succeeded with time: 60383ms, keeping it commented out
commenting out line Lines { lines: 635..=635 } in "./tmp/34/betree/FilteredBetreeRefinement_v.rs"
verus succeeded with time: 61495ms, keeping it commented out
commenting out line Lines { lines: 651..=651 } in "./tmp/36/betree/LinkedBetreeRefinement_v.rs"
verus failed with time: 56853ms, reverting
commenting out line Lines { lines: 127..=127 } in "./tmp/43/betree/PagedBetreeRefinement_v.rs"
verus succeeded with time: 63399ms, keeping it commented out
commenting out line Lines { lines: 1966..=1966 } in "./tmp/37/betree/LinkedBetree_v.rs"
verus succeeded with time: 60394ms, keeping it commented out
commenting out line Lines { lines: 1273..=1273 } in "./tmp/18/allocation_layer/AllocationBranchBetree_v.rs"
verus succeeded with time: 62208ms, keeping it commented out
commenting out line Lines { lines: 513..=513 } in "./tmp/39/betree/LinkedBranch_v/Refinement_v.rs"
verus succeeded with time: 60465ms, keeping it commented out
commenting out line Lines { lines: 1395..=1395 } in "./tmp/21/allocation_layer/LikesBetree_v.rs"
verus succeeded with time: 58957ms, keeping it commented out
commenting out line Lines { lines: 609..=637 } in "./tmp/34/betree/FilteredBetreeRefinement_v.rs"
verus failed with time: 56556ms, reverting
commenting out line Lines { lines: 652..=652 } in "./tmp/36/betree/LinkedBetreeRefinement_v.rs"
verus failed with time: 55751ms, reverting
commenting out line Lines { lines: 143..=143 } in "./tmp/43/betree/PagedBetreeRefinement_v.rs"
verus failed with time: 57162ms, reverting
commenting out line Lines { lines: 1259..=1276 } in "./tmp/18/allocation_layer/AllocationBranchBetree_v.rs"
verus failed with time: 58274ms, reverting
commenting out line Lines { lines: 1989..=1990 } in "./tmp/37/betree/LinkedBetree_v.rs"
verus succeeded with time: 60107ms, keeping it commented out
commenting out line Lines { lines: 516..=516 } in "./tmp/39/betree/LinkedBranch_v/Refinement_v.rs"
verus succeeded with time: 63071ms, keeping it commented out
commenting out line Lines { lines: 1401..=1404 } in "./tmp/21/allocation_layer/LikesBetree_v.rs"
verus failed with time: 55999ms, reverting
commenting out line Lines { lines: 664..=664 } in "./tmp/34/betree/FilteredBetreeRefinement_v.rs"
verus failed with time: 59760ms, reverting
commenting out line Lines { lines: 648..=654 } in "./tmp/36/betree/LinkedBetreeRefinement_v.rs"
verus failed with time: 57008ms, reverting
commenting out line Lines { lines: 144..=144 } in "./tmp/43/betree/PagedBetreeRefinement_v.rs"
verus failed with time: 57332ms, reverting
commenting out line Lines { lines: 1991..=1992 } in "./tmp/37/betree/LinkedBetree_v.rs"
verus succeeded with time: 60208ms, keeping it commented out
commenting out line Lines { lines: 1277..=1277 } in "./tmp/18/allocation_layer/AllocationBranchBetree_v.rs"
verus succeeded with time: 61558ms, keeping it commented out
commenting out line Lines { lines: 1426..=1426 } in "./tmp/21/allocation_layer/LikesBetree_v.rs"
verus succeeded with time: 60276ms, keeping it commented out
commenting out line Lines { lines: 517..=517 } in "./tmp/39/betree/LinkedBranch_v/Refinement_v.rs"
verus succeeded with time: 62837ms, keeping it commented out
commenting out line Lines { lines: 655..=655 } in "./tmp/36/betree/LinkedBetreeRefinement_v.rs"
verus failed with time: 56427ms, reverting
commenting out line Lines { lines: 665..=665 } in "./tmp/34/betree/FilteredBetreeRefinement_v.rs"
verus failed with time: 59079ms, reverting
commenting out line Lines { lines: 177..=177 } in "./tmp/43/betree/PagedBetreeRefinement_v.rs"
verus failed with time: 58460ms, reverting
commenting out line Lines { lines: 1278..=1278 } in "./tmp/18/allocation_layer/AllocationBranchBetree_v.rs"
verus failed with time: 56784ms, reverting
commenting out line Lines { lines: 2003..=2003 } in "./tmp/37/betree/LinkedBetree_v.rs"
verus succeeded with time: 59376ms, keeping it commented out
commenting out line Lines { lines: 1427..=1427 } in "./tmp/21/allocation_layer/LikesBetree_v.rs"
verus succeeded with time: 59193ms, keeping it commented out
commenting out line Lines { lines: 486..=519 } in "./tmp/39/betree/LinkedBranch_v/Refinement_v.rs"
verus failed with time: 57487ms, reverting
commenting out line Lines { lines: 697..=697 } in "./tmp/36/betree/LinkedBetreeRefinement_v.rs"
verus succeeded with time: 61158ms, keeping it commented out
commenting out line Lines { lines: 671..=671 } in "./tmp/34/betree/FilteredBetreeRefinement_v.rs"
verus succeeded with time: 62999ms, keeping it commented out
commenting out line Lines { lines: 183..=183 } in "./tmp/43/betree/PagedBetreeRefinement_v.rs"
verus failed with time: 55081ms, reverting
commenting out line Lines { lines: 2004..=2004 } in "./tmp/37/betree/LinkedBetree_v.rs"
verus failed with time: 55356ms, reverting
commenting out line Lines { lines: 1290..=1290 } in "./tmp/18/allocation_layer/AllocationBranchBetree_v.rs"
verus succeeded with time: 63219ms, keeping it commented out
commenting out line Lines { lines: 482..=520 } in "./tmp/39/betree/LinkedBranch_v/Refinement_v.rs"
verus failed with time: 56866ms, reverting
commenting out line Lines { lines: 1428..=1428 } in "./tmp/21/allocation_layer/LikesBetree_v.rs"
verus succeeded with time: 58525ms, keeping it commented out
commenting out line Lines { lines: 703..=703 } in "./tmp/36/betree/LinkedBetreeRefinement_v.rs"
verus failed with time: 59423ms, reverting
commenting out line Lines { lines: 658..=673 } in "./tmp/34/betree/FilteredBetreeRefinement_v.rs"
verus failed with time: 58410ms, reverting
commenting out line Lines { lines: 184..=184 } in "./tmp/43/betree/PagedBetreeRefinement_v.rs"
verus failed with time: 57274ms, reverting
commenting out line Lines { lines: 2006..=2006 } in "./tmp/37/betree/LinkedBetree_v.rs"
verus succeeded with time: 59012ms, keeping it commented out
commenting out line Lines { lines: 1281..=1293 } in "./tmp/18/allocation_layer/AllocationBranchBetree_v.rs"
verus failed with time: 58873ms, reverting
commenting out line Lines { lines: 522..=522 } in "./tmp/39/betree/LinkedBranch_v/Refinement_v.rs"
verus failed with time: 56655ms, reverting
commenting out line Lines { lines: 1423..=1429 } in "./tmp/21/allocation_layer/LikesBetree_v.rs"
verus failed with time: 55687ms, reverting
commenting out line Lines { lines: 700..=705 } in "./tmp/36/betree/LinkedBetreeRefinement_v.rs"
verus failed with time: 56665ms, reverting
commenting out line Lines { lines: 674..=674 } in "./tmp/34/betree/FilteredBetreeRefinement_v.rs"
verus failed with time: 60324ms, reverting
commenting out line Lines { lines: 178..=185 } in "./tmp/43/betree/PagedBetreeRefinement_v.rs"
verus failed with time: 57588ms, reverting
commenting out line Lines { lines: 2007..=2007 } in "./tmp/37/betree/LinkedBetree_v.rs"
verus succeeded with time: 61058ms, keeping it commented out
commenting out line Lines { lines: 1468..=1468 } in "./tmp/21/allocation_layer/LikesBetree_v.rs"
verus succeeded with time: 58387ms, keeping it commented out
commenting out line Lines { lines: 550..=550 } in "./tmp/39/betree/LinkedBranch_v/Refinement_v.rs"
verus succeeded with time: 60947ms, keeping it commented out
commenting out line Lines { lines: 1333..=1333 } in "./tmp/18/allocation_layer/AllocationBranchBetree_v.rs"
verus succeeded with time: 63544ms, keeping it commented out
commenting out line Lines { lines: 710..=710 } in "./tmp/36/betree/LinkedBetreeRefinement_v.rs"
verus failed with time: 57280ms, reverting
commenting out line Lines { lines: 687..=687 } in "./tmp/34/betree/FilteredBetreeRefinement_v.rs"
verus failed with time: 57507ms, reverting
commenting out line Lines { lines: 196..=196 } in "./tmp/43/betree/PagedBetreeRefinement_v.rs"
verus failed with time: 57022ms, reverting
commenting out line Lines { lines: 1997..=2018 } in "./tmp/37/betree/LinkedBetree_v.rs"
verus failed with time: 56128ms, reverting
commenting out line Lines { lines: 1489..=1489 } in "./tmp/21/allocation_layer/LikesBetree_v.rs"
verus succeeded with time: 57263ms, keeping it commented out
commenting out line Lines { lines: 559..=559 } in "./tmp/39/betree/LinkedBranch_v/Refinement_v.rs"
verus succeeded with time: 61444ms, keeping it commented out
commenting out line Lines { lines: 1334..=1334 } in "./tmp/18/allocation_layer/AllocationBranchBetree_v.rs"
verus succeeded with time: 63701ms, keeping it commented out
commenting out line Lines { lines: 711..=711 } in "./tmp/36/betree/LinkedBetreeRefinement_v.rs"
verus failed with time: 59466ms, reverting
commenting out line Lines { lines: 690..=690 } in "./tmp/34/betree/FilteredBetreeRefinement_v.rs"
verus succeeded with time: 63016ms, keeping it commented out
commenting out line Lines { lines: 197..=197 } in "./tmp/43/betree/PagedBetreeRefinement_v.rs"
verus failed with time: 56466ms, reverting
commenting out line Lines { lines: 2026..=2026 } in "./tmp/37/betree/LinkedBetree_v.rs"
verus succeeded with time: 56177ms, keeping it commented out
commenting out line Lines { lines: 1490..=1490 } in "./tmp/21/allocation_layer/LikesBetree_v.rs"
verus succeeded with time: 58526ms, keeping it commented out
commenting out line Lines { lines: 560..=560 } in "./tmp/39/betree/LinkedBranch_v/Refinement_v.rs"
verus failed with time: 56390ms, reverting
commenting out line Lines { lines: 707..=712 } in "./tmp/36/betree/LinkedBetreeRefinement_v.rs"
verus failed with time: 57329ms, reverting
commenting out line Lines { lines: 1336..=1336 } in "./tmp/18/allocation_layer/AllocationBranchBetree_v.rs"
verus succeeded with time: 64024ms, keeping it commented out
commenting out line Lines { lines: 234..=234 } in "./tmp/43/betree/PagedBetreeRefinement_v.rs"
verus failed with time: 56187ms, reverting
commenting out line Lines { lines: 696..=696 } in "./tmp/34/betree/FilteredBetreeRefinement_v.rs"
verus succeeded with time: 63554ms, keeping it commented out
commenting out line Lines { lines: 2027..=2027 } in "./tmp/37/betree/LinkedBetree_v.rs"
verus failed with time: 53778ms, reverting
commenting out line Lines { lines: 1493..=1493 } in "./tmp/21/allocation_layer/LikesBetree_v.rs"
verus succeeded with time: 63166ms, keeping it commented out
commenting out line Lines { lines: 572..=572 } in "./tmp/39/betree/LinkedBranch_v/Refinement_v.rs"
verus succeeded with time: 61338ms, keeping it commented out
commenting out line Lines { lines: 699..=713 } in "./tmp/36/betree/LinkedBetreeRefinement_v.rs"
verus failed with time: 57946ms, reverting
commenting out line Lines { lines: 1341..=1341 } in "./tmp/18/allocation_layer/AllocationBranchBetree_v.rs"
verus succeeded with time: 59669ms, keeping it commented out
commenting out line Lines { lines: 235..=235 } in "./tmp/43/betree/PagedBetreeRefinement_v.rs"
verus succeeded with time: 63899ms, keeping it commented out
commenting out line Lines { lines: 697..=697 } in "./tmp/34/betree/FilteredBetreeRefinement_v.rs"
verus succeeded with time: 62224ms, keeping it commented out
commenting out line Lines { lines: 2020..=2039 } in "./tmp/37/betree/LinkedBetree_v.rs"
verus failed with time: 54686ms, reverting
commenting out line Lines { lines: 1496..=1496 } in "./tmp/21/allocation_layer/LikesBetree_v.rs"
verus failed with time: 53344ms, reverting
commenting out line Lines { lines: 718..=718 } in "./tmp/36/betree/LinkedBetreeRefinement_v.rs"
verus failed with time: 57704ms, reverting
commenting out line Lines { lines: 573..=573 } in "./tmp/39/betree/LinkedBranch_v/Refinement_v.rs"
verus succeeded with time: 63816ms, keeping it commented out
commenting out line Lines { lines: 1344..=1344 } in "./tmp/18/allocation_layer/AllocationBranchBetree_v.rs"
verus succeeded with time: 63920ms, keeping it commented out
commenting out line Lines { lines: 243..=243 } in "./tmp/43/betree/PagedBetreeRefinement_v.rs"
verus succeeded with time: 63605ms, keeping it commented out
commenting out line Lines { lines: 701..=701 } in "./tmp/34/betree/FilteredBetreeRefinement_v.rs"
verus succeeded with time: 63220ms, keeping it commented out
commenting out line Lines { lines: 2040..=2040 } in "./tmp/37/betree/LinkedBetree_v.rs"
verus succeeded with time: 58952ms, keeping it commented out
commenting out line Lines { lines: 1492..=1498 } in "./tmp/21/allocation_layer/LikesBetree_v.rs"
verus failed with time: 49141ms, reverting
commenting out line Lines { lines: 715..=720 } in "./tmp/36/betree/LinkedBetreeRefinement_v.rs"
verus failed with time: 55306ms, reverting
commenting out line Lines { lines: 581..=581 } in "./tmp/39/betree/LinkedBranch_v/Refinement_v.rs"
verus succeeded with time: 62960ms, keeping it commented out
commenting out line Lines { lines: 1346..=1346 } in "./tmp/18/allocation_layer/AllocationBranchBetree_v.rs"
verus succeeded with time: 63562ms, keeping it commented out
commenting out line Lines { lines: 258..=258 } in "./tmp/43/betree/PagedBetreeRefinement_v.rs"
verus succeeded with time: 60244ms, keeping it commented out
commenting out line Lines { lines: 2060..=2060 } in "./tmp/37/betree/LinkedBetree_v.rs"
verus failed with time: 55366ms, reverting
commenting out line Lines { lines: 676..=708 } in "./tmp/34/betree/FilteredBetreeRefinement_v.rs"
verus failed with time: 58456ms, reverting
commenting out line Lines { lines: 1502..=1502 } in "./tmp/21/allocation_layer/LikesBetree_v.rs"
verus failed with time: 53041ms, reverting
commenting out line Lines { lines: 727..=727 } in "./tmp/36/betree/LinkedBetreeRefinement_v.rs"
verus succeeded with time: 60621ms, keeping it commented out
commenting out line Lines { lines: 582..=582 } in "./tmp/39/betree/LinkedBranch_v/Refinement_v.rs"
verus succeeded with time: 64315ms, keeping it commented out
commenting out line Lines { lines: 1354..=1354 } in "./tmp/18/allocation_layer/AllocationBranchBetree_v.rs"
verus succeeded with time: 63414ms, keeping it commented out
commenting out line Lines { lines: 271..=275 } in "./tmp/43/betree/PagedBetreeRefinement_v.rs"
verus failed with time: 56819ms, reverting
commenting out line Lines { lines: 2061..=2061 } in "./tmp/37/betree/LinkedBetree_v.rs"
verus failed with time: 57722ms, reverting
commenting out line Lines { lines: 1503..=1503 } in "./tmp/21/allocation_layer/LikesBetree_v.rs"
verus failed with time: 53806ms, reverting
commenting out line Lines { lines: 710..=710 } in "./tmp/34/betree/FilteredBetreeRefinement_v.rs"
verus succeeded with time: 62885ms, keeping it commented out
commenting out line Lines { lines: 728..=728 } in "./tmp/36/betree/LinkedBetreeRefinement_v.rs"
verus failed with time: 56997ms, reverting
commenting out line Lines { lines: 589..=589 } in "./tmp/39/betree/LinkedBranch_v/Refinement_v.rs"
verus succeeded with time: 65483ms, keeping it commented out
commenting out line Lines { lines: 1355..=1355 } in "./tmp/18/allocation_layer/AllocationBranchBetree_v.rs"
verus failed with time: 60142ms, reverting
commenting out line Lines { lines: 2063..=2063 } in "./tmp/37/betree/LinkedBetree_v.rs"
verus succeeded with time: 61341ms, keeping it commented out
commenting out line Lines { lines: 277..=277 } in "./tmp/43/betree/PagedBetreeRefinement_v.rs"
verus succeeded with time: 62505ms, keeping it commented out
commenting out line Lines { lines: 1504..=1504 } in "./tmp/21/allocation_layer/LikesBetree_v.rs"
verus failed with time: 60664ms, reverting
commenting out line Lines { lines: 711..=711 } in "./tmp/34/betree/FilteredBetreeRefinement_v.rs"
verus succeeded with time: 63564ms, keeping it commented out
commenting out line Lines { lines: 729..=729 } in "./tmp/36/betree/LinkedBetreeRefinement_v.rs"
verus failed with time: 56374ms, reverting
commenting out line Lines { lines: 590..=590 } in "./tmp/39/betree/LinkedBranch_v/Refinement_v.rs"
verus succeeded with time: 61153ms, keeping it commented out
commenting out line Lines { lines: 1359..=1359 } in "./tmp/18/allocation_layer/AllocationBranchBetree_v.rs"
verus succeeded with time: 63555ms, keeping it commented out
commenting out line Lines { lines: 1505..=1505 } in "./tmp/21/allocation_layer/LikesBetree_v.rs"
verus succeeded with time: 58134ms, keeping it commented out
commenting out line Lines { lines: 302..=302 } in "./tmp/43/betree/PagedBetreeRefinement_v.rs"
verus succeeded with time: 61767ms, keeping it commented out
commenting out line Lines { lines: 2064..=2064 } in "./tmp/37/betree/LinkedBetree_v.rs"
verus succeeded with time: 63005ms, keeping it commented out
commenting out line Lines { lines: 719..=719 } in "./tmp/34/betree/FilteredBetreeRefinement_v.rs"
verus failed with time: 58420ms, reverting
commenting out line Lines { lines: 730..=730 } in "./tmp/36/betree/LinkedBetreeRefinement_v.rs"
verus succeeded with time: 61784ms, keeping it commented out
commenting out line Lines { lines: 591..=591 } in "./tmp/39/betree/LinkedBranch_v/Refinement_v.rs"
verus succeeded with time: 62031ms, keeping it commented out
commenting out line Lines { lines: 1506..=1506 } in "./tmp/21/allocation_layer/LikesBetree_v.rs"
verus succeeded with time: 56755ms, keeping it commented out
commenting out line Lines { lines: 1362..=1362 } in "./tmp/18/allocation_layer/AllocationBranchBetree_v.rs"
verus succeeded with time: 63030ms, keeping it commented out
commenting out line Lines { lines: 303..=304 } in "./tmp/43/betree/PagedBetreeRefinement_v.rs"
verus failed with time: 59308ms, reverting
commenting out line Lines { lines: 2081..=2081 } in "./tmp/37/betree/LinkedBetree_v.rs"
verus succeeded with time: 60485ms, keeping it commented out
commenting out line Lines { lines: 734..=737 } in "./tmp/34/betree/FilteredBetreeRefinement_v.rs"
verus failed with time: 59444ms, reverting
commenting out line Lines { lines: 722..=732 } in "./tmp/36/betree/LinkedBetreeRefinement_v.rs"
verus failed with time: 55726ms, reverting
commenting out line Lines { lines: 1500..=1507 } in "./tmp/21/allocation_layer/LikesBetree_v.rs"
verus failed with time: 51438ms, reverting
commenting out line Lines { lines: 592..=592 } in "./tmp/39/betree/LinkedBranch_v/Refinement_v.rs"
verus succeeded with time: 63114ms, keeping it commented out
commenting out line Lines { lines: 339..=339 } in "./tmp/43/betree/PagedBetreeRefinement_v.rs"
verus failed with time: 60031ms, reverting
commenting out line Lines { lines: 1363..=1363 } in "./tmp/18/allocation_layer/AllocationBranchBetree_v.rs"
verus succeeded with time: 62962ms, keeping it commented out
commenting out line Lines { lines: 2087..=2087 } in "./tmp/37/betree/LinkedBetree_v.rs"
verus succeeded with time: 61453ms, keeping it commented out
commenting out line Lines { lines: 745..=745 } in "./tmp/34/betree/FilteredBetreeRefinement_v.rs"
verus succeeded with time: 64283ms, keeping it commented out
commenting out line Lines { lines: 800..=800 } in "./tmp/36/betree/LinkedBetreeRefinement_v.rs"
verus failed with time: 59304ms, reverting
commenting out line Lines { lines: 1511..=1511 } in "./tmp/21/allocation_layer/LikesBetree_v.rs"
verus succeeded with time: 52642ms, keeping it commented out
commenting out line Lines { lines: 352..=352 } in "./tmp/43/betree/PagedBetreeRefinement_v.rs"
verus failed with time: 58309ms, reverting
commenting out line Lines { lines: 593..=593 } in "./tmp/39/betree/LinkedBranch_v/Refinement_v.rs"
verus succeeded with time: 62229ms, keeping it commented out
commenting out line Lines { lines: 2089..=2089 } in "./tmp/37/betree/LinkedBetree_v.rs"
verus failed with time: 56646ms, reverting
commenting out line Lines { lines: 1369..=1369 } in "./tmp/18/allocation_layer/AllocationBranchBetree_v.rs"
verus succeeded with time: 62381ms, keeping it commented out
commenting out line Lines { lines: 746..=746 } in "./tmp/34/betree/FilteredBetreeRefinement_v.rs"
verus succeeded with time: 63023ms, keeping it commented out
commenting out line Lines { lines: 831..=831 } in "./tmp/36/betree/LinkedBetreeRefinement_v.rs"
verus succeeded with time: 61671ms, keeping it commented out
commenting out line Lines { lines: 1512..=1513 } in "./tmp/21/allocation_layer/LikesBetree_v.rs"
verus failed with time: 50995ms, reverting
commenting out line Lines { lines: 595..=595 } in "./tmp/39/betree/LinkedBranch_v/Refinement_v.rs"
verus failed with time: 55997ms, reverting
commenting out line Lines { lines: 2083..=2098 } in "./tmp/37/betree/LinkedBetree_v.rs"
verus failed with time: 56938ms, reverting
commenting out line Lines { lines: 358..=358 } in "./tmp/43/betree/PagedBetreeRefinement_v.rs"
verus succeeded with time: 62273ms, keeping it commented out
commenting out line Lines { lines: 1370..=1370 } in "./tmp/18/allocation_layer/AllocationBranchBetree_v.rs"
verus failed with time: 59772ms, reverting
commenting out line Lines { lines: 747..=747 } in "./tmp/34/betree/FilteredBetreeRefinement_v.rs"
verus failed with time: 59287ms, reverting
commenting out line Lines { lines: 839..=839 } in "./tmp/36/betree/LinkedBetreeRefinement_v.rs"
verus failed with time: 56343ms, reverting
commenting out line Lines { lines: 1514..=1514 } in "./tmp/21/allocation_layer/LikesBetree_v.rs"
verus succeeded with time: 56296ms, keeping it commented out
commenting out line Lines { lines: 603..=603 } in "./tmp/39/betree/LinkedBranch_v/Refinement_v.rs"
verus succeeded with time: 62792ms, keeping it commented out
commenting out line Lines { lines: 360..=360 } in "./tmp/43/betree/PagedBetreeRefinement_v.rs"
verus failed with time: 58040ms, reverting
commenting out line Lines { lines: 2104..=2104 } in "./tmp/37/betree/LinkedBetree_v.rs"
verus succeeded with time: 60777ms, keeping it commented out
commenting out line Lines { lines: 1371..=1371 } in "./tmp/18/allocation_layer/AllocationBranchBetree_v.rs"
verus succeeded with time: 62776ms, keeping it commented out
commenting out line Lines { lines: 740..=749 } in "./tmp/34/betree/FilteredBetreeRefinement_v.rs"
verus failed with time: 59589ms, reverting
commenting out line Lines { lines: 838..=841 } in "./tmp/36/betree/LinkedBetreeRefinement_v.rs"
verus failed with time: 57054ms, reverting
commenting out line Lines { lines: 1516..=1516 } in "./tmp/21/allocation_layer/LikesBetree_v.rs"
verus succeeded with time: 53655ms, keeping it commented out
commenting out line Lines { lines: 2106..=2106 } in "./tmp/37/betree/LinkedBetree_v.rs"
verus failed with time: 54972ms, reverting
commenting out line Lines { lines: 604..=604 } in "./tmp/39/betree/LinkedBranch_v/Refinement_v.rs"
verus failed with time: 58337ms, reverting
commenting out line Lines { lines: 361..=361 } in "./tmp/43/betree/PagedBetreeRefinement_v.rs"
verus succeeded with time: 62411ms, keeping it commented out
commenting out line Lines { lines: 1372..=1372 } in "./tmp/18/allocation_layer/AllocationBranchBetree_v.rs"
verus succeeded with time: 62196ms, keeping it commented out
commenting out line Lines { lines: 1509..=1517 } in "./tmp/21/allocation_layer/LikesBetree_v.rs"
verus failed with time: 52623ms, reverting
commenting out line Lines { lines: 750..=750 } in "./tmp/34/betree/FilteredBetreeRefinement_v.rs"
verus succeeded with time: 63213ms, keeping it commented out
commenting out line Lines { lines: 845..=845 } in "./tmp/36/betree/LinkedBetreeRefinement_v.rs"
verus succeeded with time: 65205ms, keeping it commented out
commenting out line Lines { lines: 2100..=2115 } in "./tmp/37/betree/LinkedBetree_v.rs"
verus failed with time: 55834ms, reverting
commenting out line Lines { lines: 605..=605 } in "./tmp/39/betree/LinkedBranch_v/Refinement_v.rs"
verus succeeded with time: 61022ms, keeping it commented out
commenting out line Lines { lines: 362..=362 } in "./tmp/43/betree/PagedBetreeRefinement_v.rs"
verus succeeded with time: 59457ms, keeping it commented out
commenting out line Lines { lines: 1524..=1527 } in "./tmp/21/allocation_layer/LikesBetree_v.rs"
verus failed with time: 53639ms, reverting
commenting out line Lines { lines: 1374..=1374 } in "./tmp/18/allocation_layer/AllocationBranchBetree_v.rs"
verus succeeded with time: 60944ms, keeping it commented out
commenting out line Lines { lines: 763..=763 } in "./tmp/34/betree/FilteredBetreeRefinement_v.rs"
verus failed with time: 57946ms, reverting
commenting out line Lines { lines: 850..=850 } in "./tmp/36/betree/LinkedBetreeRefinement_v.rs"
verus succeeded with time: 63405ms, keeping it commented out
commenting out line Lines { lines: 2135..=2135 } in "./tmp/37/betree/LinkedBetree_v.rs"
verus succeeded with time: 63759ms, keeping it commented out
commenting out line Lines { lines: 622..=622 } in "./tmp/39/betree/LinkedBranch_v/Refinement_v.rs"
verus succeeded with time: 59076ms, keeping it commented out
commenting out line Lines { lines: 381..=381 } in "./tmp/43/betree/PagedBetreeRefinement_v.rs"
verus succeeded with time: 60809ms, keeping it commented out
commenting out line Lines { lines: 1589..=1589 } in "./tmp/21/allocation_layer/LikesBetree_v.rs"
verus succeeded with time: 55766ms, keeping it commented out
commenting out line Lines { lines: 1365..=1375 } in "./tmp/18/allocation_layer/AllocationBranchBetree_v.rs"
verus failed with time: 57444ms, reverting
commenting out line Lines { lines: 781..=781 } in "./tmp/34/betree/FilteredBetreeRefinement_v.rs"
verus succeeded with time: 60510ms, keeping it commented out
commenting out line Lines { lines: 843..=852 } in "./tmp/36/betree/LinkedBetreeRefinement_v.rs"
verus failed with time: 57437ms, reverting
commenting out line Lines { lines: 2136..=2136 } in "./tmp/37/betree/LinkedBetree_v.rs"
verus succeeded with time: 59999ms, keeping it commented out
commenting out line Lines { lines: 1604..=1604 } in "./tmp/21/allocation_layer/LikesBetree_v.rs"
verus succeeded with time: 54927ms, keeping it commented out
commenting out line Lines { lines: 384..=384 } in "./tmp/43/betree/PagedBetreeRefinement_v.rs"
verus failed with time: 59142ms, reverting
commenting out line Lines { lines: 623..=623 } in "./tmp/39/betree/LinkedBranch_v/Refinement_v.rs"
verus succeeded with time: 63796ms, keeping it commented out
commenting out line Lines { lines: 1338..=1377 } in "./tmp/18/allocation_layer/AllocationBranchBetree_v.rs"
verus failed with time: 57643ms, reverting
commenting out line Lines { lines: 783..=783 } in "./tmp/34/betree/FilteredBetreeRefinement_v.rs"
verus failed with time: 58922ms, reverting
commenting out line Lines { lines: 856..=856 } in "./tmp/36/betree/LinkedBetreeRefinement_v.rs"
verus succeeded with time: 59692ms, keeping it commented out
commenting out line Lines { lines: 2146..=2146 } in "./tmp/37/betree/LinkedBetree_v.rs"
verus succeeded with time: 60695ms, keeping it commented out
commenting out line Lines { lines: 1605..=1606 } in "./tmp/21/allocation_layer/LikesBetree_v.rs"
verus succeeded with time: 58948ms, keeping it commented out
commenting out line Lines { lines: 385..=385 } in "./tmp/43/betree/PagedBetreeRefinement_v.rs"
verus succeeded with time: 61741ms, keeping it commented out
commenting out line Lines { lines: 624..=624 } in "./tmp/39/betree/LinkedBranch_v/Refinement_v.rs"
verus succeeded with time: 62851ms, keeping it commented out
commenting out line Lines { lines: 1388..=1388 } in "./tmp/18/allocation_layer/AllocationBranchBetree_v.rs"
verus succeeded with time: 61878ms, keeping it commented out
commenting out line Lines { lines: 782..=785 } in "./tmp/34/betree/FilteredBetreeRefinement_v.rs"
verus failed with time: 59119ms, reverting
commenting out line Lines { lines: 855..=858 } in "./tmp/36/betree/LinkedBetreeRefinement_v.rs"
verus failed with time: 57369ms, reverting
commenting out line Lines { lines: 1616..=1616 } in "./tmp/21/allocation_layer/LikesBetree_v.rs"
verus failed with time: 50417ms, reverting
commenting out line Lines { lines: 2147..=2147 } in "./tmp/37/betree/LinkedBetree_v.rs"
verus succeeded with time: 60550ms, keeping it commented out
commenting out line Lines { lines: 400..=400 } in "./tmp/43/betree/PagedBetreeRefinement_v.rs"
verus failed with time: 58052ms, reverting
commenting out line Lines { lines: 625..=625 } in "./tmp/39/betree/LinkedBranch_v/Refinement_v.rs"
verus succeeded with time: 61568ms, keeping it commented out
commenting out line Lines { lines: 1390..=1390 } in "./tmp/18/allocation_layer/AllocationBranchBetree_v.rs"
verus failed with time: 59149ms, reverting
commenting out line Lines { lines: 793..=793 } in "./tmp/34/betree/FilteredBetreeRefinement_v.rs"
verus succeeded with time: 63350ms, keeping it commented out
commenting out line Lines { lines: 862..=862 } in "./tmp/36/betree/LinkedBetreeRefinement_v.rs"
verus succeeded with time: 62335ms, keeping it commented out
commenting out line Lines { lines: 1617..=1617 } in "./tmp/21/allocation_layer/LikesBetree_v.rs"
verus succeeded with time: 54671ms, keeping it commented out
commenting out line Lines { lines: 2150..=2150 } in "./tmp/37/betree/LinkedBetree_v.rs"
verus failed with time: 56276ms, reverting
commenting out line Lines { lines: 411..=411 } in "./tmp/43/betree/PagedBetreeRefinement_v.rs"
verus failed with time: 58009ms, reverting
commenting out line Lines { lines: 1391..=1391 } in "./tmp/18/allocation_layer/AllocationBranchBetree_v.rs"
verus succeeded with time: 60504ms, keeping it commented out
commenting out line Lines { lines: 626..=626 } in "./tmp/39/betree/LinkedBranch_v/Refinement_v.rs"
verus succeeded with time: 63154ms, keeping it commented out
commenting out line Lines { lines: 774..=805 } in "./tmp/34/betree/FilteredBetreeRefinement_v.rs"
verus failed with time: 59087ms, reverting
commenting out line Lines { lines: 864..=864 } in "./tmp/36/betree/LinkedBetreeRefinement_v.rs"
verus succeeded with time: 63377ms, keeping it commented out
commenting out line Lines { lines: 1618..=1618 } in "./tmp/21/allocation_layer/LikesBetree_v.rs"
verus succeeded with time: 55022ms, keeping it commented out
commenting out line Lines { lines: 2151..=2151 } in "./tmp/37/betree/LinkedBetree_v.rs"
verus failed with time: 56356ms, reverting
commenting out line Lines { lines: 422..=422 } in "./tmp/43/betree/PagedBetreeRefinement_v.rs"
verus failed with time: 58003ms, reverting
commenting out line Lines { lines: 1381..=1394 } in "./tmp/18/allocation_layer/AllocationBranchBetree_v.rs"
verus failed with time: 56078ms, reverting
commenting out line Lines { lines: 634..=634 } in "./tmp/39/betree/LinkedBranch_v/Refinement_v.rs"
verus succeeded with time: 61027ms, keeping it commented out
commenting out line Lines { lines: 807..=807 } in "./tmp/34/betree/FilteredBetreeRefinement_v.rs"
verus succeeded with time: 65954ms, keeping it commented out
commenting out line Lines { lines: 869..=869 } in "./tmp/36/betree/LinkedBetreeRefinement_v.rs"
verus failed with time: 55356ms, reverting
commenting out line Lines { lines: 1615..=1619 } in "./tmp/21/allocation_layer/LikesBetree_v.rs"
verus failed with time: 53333ms, reverting
commenting out line Lines { lines: 2149..=2152 } in "./tmp/37/betree/LinkedBetree_v.rs"
verus failed with time: 58415ms, reverting
commenting out line Lines { lines: 442..=442 } in "./tmp/43/betree/PagedBetreeRefinement_v.rs"
verus failed with time: 59307ms, reverting
commenting out line Lines { lines: 1395..=1395 } in "./tmp/18/allocation_layer/AllocationBranchBetree_v.rs"
verus succeeded with time: 62366ms, keeping it commented out
commenting out line Lines { lines: 635..=635 } in "./tmp/39/betree/LinkedBranch_v/Refinement_v.rs"
verus succeeded with time: 64983ms, keeping it commented out
commenting out line Lines { lines: 870..=870 } in "./tmp/36/betree/LinkedBetreeRefinement_v.rs"
verus failed with time: 57640ms, reverting
commenting out line Lines { lines: 817..=817 } in "./tmp/34/betree/FilteredBetreeRefinement_v.rs"
verus failed with time: 59622ms, reverting
commenting out line Lines { lines: 1623..=1623 } in "./tmp/21/allocation_layer/LikesBetree_v.rs"
verus succeeded with time: 53947ms, keeping it commented out
commenting out line Lines { lines: 2156..=2156 } in "./tmp/37/betree/LinkedBetree_v.rs"
verus failed with time: 57128ms, reverting
commenting out line Lines { lines: 444..=444 } in "./tmp/43/betree/PagedBetreeRefinement_v.rs"
verus failed with time: 54244ms, reverting
commenting out line Lines { lines: 1401..=1401 } in "./tmp/18/allocation_layer/AllocationBranchBetree_v.rs"
verus succeeded with time: 63456ms, keeping it commented out
commenting out line Lines { lines: 636..=636 } in "./tmp/39/betree/LinkedBranch_v/Refinement_v.rs"
verus succeeded with time: 62847ms, keeping it commented out
commenting out line Lines { lines: 877..=877 } in "./tmp/36/betree/LinkedBetreeRefinement_v.rs"
verus succeeded with time: 61152ms, keeping it commented out
commenting out line Lines { lines: 1624..=1624 } in "./tmp/21/allocation_layer/LikesBetree_v.rs"
verus succeeded with time: 57513ms, keeping it commented out
commenting out line Lines { lines: 818..=818 } in "./tmp/34/betree/FilteredBetreeRefinement_v.rs"
verus succeeded with time: 62737ms, keeping it commented out
commenting out line Lines { lines: 2154..=2157 } in "./tmp/37/betree/LinkedBetree_v.rs"
verus failed with time: 58728ms, reverting
commenting out line Lines { lines: 460..=467 } in "./tmp/43/betree/PagedBetreeRefinement_v.rs"
verus failed with time: 55215ms, reverting
commenting out line Lines { lines: 1397..=1403 } in "./tmp/18/allocation_layer/AllocationBranchBetree_v.rs"
verus failed with time: 55995ms, reverting
commenting out line Lines { lines: 866..=879 } in "./tmp/36/betree/LinkedBetreeRefinement_v.rs"
verus failed with time: 58457ms, reverting
commenting out line Lines { lines: 1621..=1626 } in "./tmp/21/allocation_layer/LikesBetree_v.rs"
verus failed with time: 54991ms, reverting
commenting out line Lines { lines: 642..=642 } in "./tmp/39/betree/LinkedBranch_v/Refinement_v.rs"
verus succeeded with time: 63194ms, keeping it commented out
commenting out line Lines { lines: 828..=828 } in "./tmp/34/betree/FilteredBetreeRefinement_v.rs"
verus failed with time: 61667ms, reverting
commenting out line Lines { lines: 469..=469 } in "./tmp/43/betree/PagedBetreeRefinement_v.rs"
verus failed with time: 57489ms, reverting
commenting out line Lines { lines: 2159..=2159 } in "./tmp/37/betree/LinkedBetree_v.rs"
verus succeeded with time: 61666ms, keeping it commented out
commenting out line Lines { lines: 1408..=1408 } in "./tmp/18/allocation_layer/AllocationBranchBetree_v.rs"
verus failed with time: 58172ms, reverting
commenting out line Lines { lines: 1633..=1633 } in "./tmp/21/allocation_layer/LikesBetree_v.rs"
verus failed with time: 52025ms, reverting
commenting out line Lines { lines: 880..=880 } in "./tmp/36/betree/LinkedBetreeRefinement_v.rs"
verus failed with time: 55578ms, reverting
commenting out line Lines { lines: 644..=644 } in "./tmp/39/betree/LinkedBranch_v/Refinement_v.rs"
verus succeeded with time: 63532ms, keeping it commented out
commenting out line Lines { lines: 829..=829 } in "./tmp/34/betree/FilteredBetreeRefinement_v.rs"
verus succeeded with time: 62275ms, keeping it commented out
commenting out line Lines { lines: 472..=472 } in "./tmp/43/betree/PagedBetreeRefinement_v.rs"
verus failed with time: 55788ms, reverting
commenting out line Lines { lines: 2160..=2160 } in "./tmp/37/betree/LinkedBetree_v.rs"
verus succeeded with time: 60745ms, keeping it commented out
commenting out line Lines { lines: 1410..=1410 } in "./tmp/18/allocation_layer/AllocationBranchBetree_v.rs"
verus succeeded with time: 59129ms, keeping it commented out
commenting out line Lines { lines: 1634..=1634 } in "./tmp/21/allocation_layer/LikesBetree_v.rs"
verus succeeded with time: 53983ms, keeping it commented out
commenting out line Lines { lines: 957..=957 } in "./tmp/36/betree/LinkedBetreeRefinement_v.rs"
verus succeeded with time: 58543ms, keeping it commented out
commenting out line Lines { lines: 645..=645 } in "./tmp/39/betree/LinkedBranch_v/Refinement_v.rs"
verus failed with time: 59181ms, reverting
commenting out line Lines { lines: 823..=831 } in "./tmp/34/betree/FilteredBetreeRefinement_v.rs"
verus failed with time: 58535ms, reverting
commenting out line Lines { lines: 490..=497 } in "./tmp/43/betree/PagedBetreeRefinement_v.rs"
verus failed with time: 57233ms, reverting
commenting out line Lines { lines: 2183..=2183 } in "./tmp/37/betree/LinkedBetree_v.rs"
verus failed with time: 57664ms, reverting
commenting out line Lines { lines: 1635..=1635 } in "./tmp/21/allocation_layer/LikesBetree_v.rs"
verus succeeded with time: 56784ms, keeping it commented out
commenting out line Lines { lines: 1419..=1419 } in "./tmp/18/allocation_layer/AllocationBranchBetree_v.rs"
verus succeeded with time: 61237ms, keeping it commented out
commenting out line Lines { lines: 959..=959 } in "./tmp/36/betree/LinkedBetreeRefinement_v.rs"
verus succeeded with time: 59864ms, keeping it commented out
commenting out line Lines { lines: 646..=646 } in "./tmp/39/betree/LinkedBranch_v/Refinement_v.rs"
verus succeeded with time: 60250ms, keeping it commented out
commenting out line Lines { lines: 834..=834 } in "./tmp/34/betree/FilteredBetreeRefinement_v.rs"
verus failed with time: 61016ms, reverting
commenting out line Lines { lines: 499..=499 } in "./tmp/43/betree/PagedBetreeRefinement_v.rs"
verus failed with time: 55612ms, reverting
commenting out line Lines { lines: 2181..=2184 } in "./tmp/37/betree/LinkedBetree_v.rs"
verus failed with time: 55006ms, reverting
commenting out line Lines { lines: 1645..=1648 } in "./tmp/21/allocation_layer/LikesBetree_v.rs"
verus failed with time: 52132ms, reverting
commenting out line Lines { lines: 1420..=1420 } in "./tmp/18/allocation_layer/AllocationBranchBetree_v.rs"
verus succeeded with time: 60886ms, keeping it commented out
commenting out line Lines { lines: 964..=964 } in "./tmp/36/betree/LinkedBetreeRefinement_v.rs"
verus failed with time: 58191ms, reverting
commenting out line Lines { lines: 841..=841 } in "./tmp/34/betree/FilteredBetreeRefinement_v.rs"
verus failed with time: 58337ms, reverting
commenting out line Lines { lines: 654..=654 } in "./tmp/39/betree/LinkedBranch_v/Refinement_v.rs"
verus succeeded with time: 61471ms, keeping it commented out
commenting out line Lines { lines: 502..=502 } in "./tmp/43/betree/PagedBetreeRefinement_v.rs"
verus failed with time: 58283ms, reverting
commenting out line Lines { lines: 2189..=2189 } in "./tmp/37/betree/LinkedBetree_v.rs"
verus succeeded with time: 60662ms, keeping it commented out
commenting out line Lines { lines: 1718..=1718 } in "./tmp/21/allocation_layer/LikesBetree_v.rs"
verus failed with time: 50914ms, reverting
commenting out line Lines { lines: 1424..=1424 } in "./tmp/18/allocation_layer/AllocationBranchBetree_v.rs"
verus failed with time: 56607ms, reverting
commenting out line Lines { lines: 965..=965 } in "./tmp/36/betree/LinkedBetreeRefinement_v.rs"
verus succeeded with time: 62974ms, keeping it commented out
commenting out line Lines { lines: 647..=663 } in "./tmp/39/betree/LinkedBranch_v/Refinement_v.rs"
verus failed with time: 57174ms, reverting
commenting out line Lines { lines: 842..=842 } in "./tmp/34/betree/FilteredBetreeRefinement_v.rs"
verus failed with time: 60874ms, reverting
commenting out line Lines { lines: 511..=511 } in "./tmp/43/betree/PagedBetreeRefinement_v.rs"
verus failed with time: 58431ms, reverting
commenting out line Lines { lines: 2190..=2190 } in "./tmp/37/betree/LinkedBetree_v.rs"
verus failed with time: 57343ms, reverting
commenting out line Lines { lines: 531..=531 } in "./tmp/43/betree/PagedBetreeRefinement_v.rs"
verus failed with time: 7849ms, reverting
minimization of ./tmp/43/betree/PagedBetreeRefinement_v.rs is completed
minimization of ./tmp/44/betree/PagedBetree_v.rs is completed
commenting out line Lines { lines: 1719..=1719 } in "./tmp/21/allocation_layer/LikesBetree_v.rs"
verus succeeded with time: 54395ms, keeping it commented out
commenting out line Lines { lines: 1425..=1425 } in "./tmp/18/allocation_layer/AllocationBranchBetree_v.rs"
verus succeeded with time: 62039ms, keeping it commented out
commenting out line Lines { lines: 998..=998 } in "./tmp/36/betree/LinkedBetreeRefinement_v.rs"
verus failed with time: 56514ms, reverting
commenting out line Lines { lines: 848..=848 } in "./tmp/34/betree/FilteredBetreeRefinement_v.rs"
verus failed with time: 56646ms, reverting
commenting out line Lines { lines: 610..=668 } in "./tmp/39/betree/LinkedBranch_v/Refinement_v.rs"
verus failed with time: 57544ms, reverting
commenting out line Lines { lines: 86..=86 } in "./tmp/45/betree/PivotBetreeRefinement_v.rs"
verus failed with time: 58764ms, reverting
commenting out line Lines { lines: 1723..=1723 } in "./tmp/21/allocation_layer/LikesBetree_v.rs"
verus succeeded with time: 56777ms, keeping it commented out
commenting out line Lines { lines: 2192..=2192 } in "./tmp/37/betree/LinkedBetree_v.rs"
verus succeeded with time: 62166ms, keeping it commented out
commenting out line Lines { lines: 999..=999 } in "./tmp/36/betree/LinkedBetreeRefinement_v.rs"
verus failed with time: 57257ms, reverting
commenting out line Lines { lines: 1427..=1427 } in "./tmp/18/allocation_layer/AllocationBranchBetree_v.rs"
verus succeeded with time: 63478ms, keeping it commented out
commenting out line Lines { lines: 671..=671 } in "./tmp/39/betree/LinkedBranch_v/Refinement_v.rs"
verus succeeded with time: 59959ms, keeping it commented out
commenting out line Lines { lines: 849..=849 } in "./tmp/34/betree/FilteredBetreeRefinement_v.rs"
verus succeeded with time: 60523ms, keeping it commented out
commenting out line Lines { lines: 1724..=1724 } in "./tmp/21/allocation_layer/LikesBetree_v.rs"
verus succeeded with time: 57929ms, keeping it commented out
commenting out line Lines { lines: 2193..=2193 } in "./tmp/37/betree/LinkedBetree_v.rs"
verus failed with time: 58417ms, reverting
commenting out line Lines { lines: 125..=125 } in "./tmp/45/betree/PivotBetreeRefinement_v.rs"
verus succeeded with time: 61999ms, keeping it commented out
commenting out line Lines { lines: 995..=1001 } in "./tmp/36/betree/LinkedBetreeRefinement_v.rs"
verus failed with time: 57672ms, reverting
commenting out line Lines { lines: 1413..=1430 } in "./tmp/18/allocation_layer/AllocationBranchBetree_v.rs"
verus failed with time: 56448ms, reverting
commenting out line Lines { lines: 673..=675 } in "./tmp/39/betree/LinkedBranch_v/Refinement_v.rs"
verus failed with time: 55296ms, reverting
commenting out line Lines { lines: 809..=860 } in "./tmp/34/betree/FilteredBetreeRefinement_v.rs"
verus failed with time: 58662ms, reverting
commenting out line Lines { lines: 1721..=1729 } in "./tmp/21/allocation_layer/LikesBetree_v.rs"
verus failed with time: 52927ms, reverting
commenting out line Lines { lines: 2203..=2203 } in "./tmp/37/betree/LinkedBetree_v.rs"
verus failed with time: 58215ms, reverting
commenting out line Lines { lines: 126..=126 } in "./tmp/45/betree/PivotBetreeRefinement_v.rs"
verus succeeded with time: 64138ms, keeping it commented out
commenting out line Lines { lines: 1003..=1003 } in "./tmp/36/betree/LinkedBetreeRefinement_v.rs"
verus failed with time: 58712ms, reverting
commenting out line Lines { lines: 1431..=1431 } in "./tmp/18/allocation_layer/AllocationBranchBetree_v.rs"
verus succeeded with time: 63566ms, keeping it commented out
commenting out line Lines { lines: 1732..=1732 } in "./tmp/21/allocation_layer/LikesBetree_v.rs"
verus succeeded with time: 54096ms, keeping it commented out
commenting out line Lines { lines: 676..=676 } in "./tmp/39/betree/LinkedBranch_v/Refinement_v.rs"
verus succeeded with time: 63658ms, keeping it commented out
commenting out line Lines { lines: 861..=861 } in "./tmp/34/betree/FilteredBetreeRefinement_v.rs"
verus succeeded with time: 60737ms, keeping it commented out
commenting out line Lines { lines: 2207..=2207 } in "./tmp/37/betree/LinkedBetree_v.rs"
verus succeeded with time: 59397ms, keeping it commented out
commenting out line Lines { lines: 119..=128 } in "./tmp/45/betree/PivotBetreeRefinement_v.rs"
verus succeeded with time: 63345ms, keeping it commented out
commenting out line Lines { lines: 1005..=1005 } in "./tmp/36/betree/LinkedBetreeRefinement_v.rs"
verus failed with time: 56621ms, reverting
commenting out line Lines { lines: 1432..=1432 } in "./tmp/18/allocation_layer/AllocationBranchBetree_v.rs"
verus succeeded with time: 61855ms, keeping it commented out
commenting out line Lines { lines: 1731..=1733 } in "./tmp/21/allocation_layer/LikesBetree_v.rs"
verus succeeded with time: 56659ms, keeping it commented out
commenting out line Lines { lines: 904..=904 } in "./tmp/34/betree/FilteredBetreeRefinement_v.rs"
verus failed with time: 59093ms, reverting
commenting out line Lines { lines: 677..=677 } in "./tmp/39/betree/LinkedBranch_v/Refinement_v.rs"
verus succeeded with time: 60100ms, keeping it commented out
commenting out line Lines { lines: 2209..=2209 } in "./tmp/37/betree/LinkedBetree_v.rs"
verus failed with time: 57445ms, reverting
commenting out line Lines { lines: 161..=161 } in "./tmp/45/betree/PivotBetreeRefinement_v.rs"
verus failed with time: 57640ms, reverting
commenting out line Lines { lines: 1006..=1006 } in "./tmp/36/betree/LinkedBetreeRefinement_v.rs"
verus succeeded with time: 62912ms, keeping it commented out
commenting out line Lines { lines: 1406..=1433 } in "./tmp/18/allocation_layer/AllocationBranchBetree_v.rs"
verus failed with time: 55132ms, reverting
commenting out line Lines { lines: 1740..=1740 } in "./tmp/21/allocation_layer/LikesBetree_v.rs"
verus failed with time: 53757ms, reverting
commenting out line Lines { lines: 907..=907 } in "./tmp/34/betree/FilteredBetreeRefinement_v.rs"
verus failed with time: 59388ms, reverting
commenting out line Lines { lines: 692..=692 } in "./tmp/39/betree/LinkedBranch_v/Refinement_v.rs"
verus succeeded with time: 60629ms, keeping it commented out
commenting out line Lines { lines: 2195..=2216 } in "./tmp/37/betree/LinkedBetree_v.rs"
verus failed with time: 57643ms, reverting
commenting out line Lines { lines: 164..=164 } in "./tmp/45/betree/PivotBetreeRefinement_v.rs"
verus failed with time: 58981ms, reverting
commenting out line Lines { lines: 1009..=1009 } in "./tmp/36/betree/LinkedBetreeRefinement_v.rs"
verus failed with time: 59162ms, reverting
commenting out line Lines { lines: 1735..=1741 } in "./tmp/21/allocation_layer/LikesBetree_v.rs"
verus failed with time: 52834ms, reverting
commenting out line Lines { lines: 1463..=1463 } in "./tmp/18/allocation_layer/AllocationBranchBetree_v.rs"
verus failed with time: 58641ms, reverting
commenting out line Lines { lines: 908..=908 } in "./tmp/34/betree/FilteredBetreeRefinement_v.rs"
verus failed with time: 61315ms, reverting
commenting out line Lines { lines: 693..=693 } in "./tmp/39/betree/LinkedBranch_v/Refinement_v.rs"
verus succeeded with time: 63195ms, keeping it commented out
commenting out line Lines { lines: 2224..=2224 } in "./tmp/37/betree/LinkedBetree_v.rs"
verus failed with time: 59589ms, reverting
commenting out line Lines { lines: 165..=165 } in "./tmp/45/betree/PivotBetreeRefinement_v.rs"
verus succeeded with time: 64706ms, keeping it commented out
commenting out line Lines { lines: 1750..=1753 } in "./tmp/21/allocation_layer/LikesBetree_v.rs"
verus failed with time: 52367ms, reverting
commenting out line Lines { lines: 1117..=1117 } in "./tmp/36/betree/LinkedBetreeRefinement_v.rs"
verus succeeded with time: 60654ms, keeping it commented out
commenting out line Lines { lines: 1464..=1464 } in "./tmp/18/allocation_layer/AllocationBranchBetree_v.rs"
verus succeeded with time: 58874ms, keeping it commented out
commenting out line Lines { lines: 898..=909 } in "./tmp/34/betree/FilteredBetreeRefinement_v.rs"
verus failed with time: 57393ms, reverting
commenting out line Lines { lines: 2218..=2232 } in "./tmp/37/betree/LinkedBetree_v.rs"
verus failed with time: 55242ms, reverting
commenting out line Lines { lines: 695..=695 } in "./tmp/39/betree/LinkedBranch_v/Refinement_v.rs"
verus failed with time: 58181ms, reverting
commenting out line Lines { lines: 182..=182 } in "./tmp/45/betree/PivotBetreeRefinement_v.rs"
verus failed with time: 59210ms, reverting
commenting out line Lines { lines: 1785..=1785 } in "./tmp/21/allocation_layer/LikesBetree_v.rs"
verus failed with time: 52173ms, reverting
commenting out line Lines { lines: 1154..=1154 } in "./tmp/36/betree/LinkedBetreeRefinement_v.rs"
verus failed with time: 58950ms, reverting
commenting out line Lines { lines: 1466..=1466 } in "./tmp/18/allocation_layer/AllocationBranchBetree_v.rs"
verus succeeded with time: 61853ms, keeping it commented out
commenting out line Lines { lines: 1159..=1159 } in "./tmp/36/betree/LinkedBetreeRefinement_v.rs"
verus failed with time: 7094ms, reverting
minimization of ./tmp/36/betree/LinkedBetreeRefinement_v.rs is completed
minimization of ./tmp/46/betree/PivotBetree_v.rs is completed
commenting out line Lines { lines: 913..=913 } in "./tmp/34/betree/FilteredBetreeRefinement_v.rs"
verus failed with time: 58731ms, reverting
commenting out line Lines { lines: 2251..=2251 } in "./tmp/37/betree/LinkedBetree_v.rs"
verus failed with time: 56812ms, reverting
commenting out line Lines { lines: 703..=703 } in "./tmp/39/betree/LinkedBranch_v/Refinement_v.rs"
verus succeeded with time: 59870ms, keeping it commented out
commenting out line Lines { lines: 183..=183 } in "./tmp/45/betree/PivotBetreeRefinement_v.rs"
verus failed with time: 59991ms, reverting
commenting out line Lines { lines: 1843..=1843 } in "./tmp/21/allocation_layer/LikesBetree_v.rs"
verus succeeded with time: 58451ms, keeping it commented out
commenting out line Lines { lines: 1467..=1467 } in "./tmp/18/allocation_layer/AllocationBranchBetree_v.rs"
verus succeeded with time: 58784ms, keeping it commented out
commenting out line Lines { lines: 911..=915 } in "./tmp/34/betree/FilteredBetreeRefinement_v.rs"
verus failed with time: 56892ms, reverting
commenting out line Lines { lines: 68..=68 } in "./tmp/47/betree/PivotBranchRefinement_v.rs"
verus succeeded with time: 65224ms, keeping it commented out
commenting out line Lines { lines: 2252..=2252 } in "./tmp/37/betree/LinkedBetree_v.rs"
verus succeeded with time: 63181ms, keeping it commented out
commenting out line Lines { lines: 705..=705 } in "./tmp/39/betree/LinkedBranch_v/Refinement_v.rs"
verus succeeded with time: 60697ms, keeping it commented out
commenting out line Lines { lines: 191..=191 } in "./tmp/45/betree/PivotBetreeRefinement_v.rs"
verus failed with time: 58690ms, reverting
commenting out line Lines { lines: 1850..=1850 } in "./tmp/21/allocation_layer/LikesBetree_v.rs"
verus succeeded with time: 56523ms, keeping it commented out
commenting out line Lines { lines: 1457..=1469 } in "./tmp/18/allocation_layer/AllocationBranchBetree_v.rs"
verus failed with time: 54564ms, reverting
commenting out line Lines { lines: 85..=85 } in "./tmp/47/betree/PivotBranchRefinement_v.rs"
verus failed with time: 56277ms, reverting
commenting out line Lines { lines: 917..=917 } in "./tmp/34/betree/FilteredBetreeRefinement_v.rs"
verus failed with time: 57872ms, reverting
commenting out line Lines { lines: 2253..=2253 } in "./tmp/37/betree/LinkedBetree_v.rs"
verus failed with time: 58271ms, reverting
commenting out line Lines { lines: 715..=715 } in "./tmp/39/betree/LinkedBranch_v/Refinement_v.rs"
verus succeeded with time: 62770ms, keeping it commented out
commenting out line Lines { lines: 1852..=1852 } in "./tmp/21/allocation_layer/LikesBetree_v.rs"
verus succeeded with time: 57580ms, keeping it commented out
commenting out line Lines { lines: 192..=192 } in "./tmp/45/betree/PivotBetreeRefinement_v.rs"
verus failed with time: 58253ms, reverting
commenting out line Lines { lines: 1472..=1472 } in "./tmp/18/allocation_layer/AllocationBranchBetree_v.rs"
verus failed with time: 57796ms, reverting
commenting out line Lines { lines: 935..=935 } in "./tmp/34/betree/FilteredBetreeRefinement_v.rs"
verus failed with time: 58671ms, reverting
commenting out line Lines { lines: 86..=86 } in "./tmp/47/betree/PivotBranchRefinement_v.rs"
verus succeeded with time: 64034ms, keeping it commented out
commenting out line Lines { lines: 2255..=2255 } in "./tmp/37/betree/LinkedBetree_v.rs"
verus succeeded with time: 61728ms, keeping it commented out
commenting out line Lines { lines: 716..=716 } in "./tmp/39/betree/LinkedBranch_v/Refinement_v.rs"
verus failed with time: 58738ms, reverting
commenting out line Lines { lines: 1855..=1856 } in "./tmp/21/allocation_layer/LikesBetree_v.rs"
verus succeeded with time: 56399ms, keeping it commented out
commenting out line Lines { lines: 193..=193 } in "./tmp/45/betree/PivotBetreeRefinement_v.rs"
verus succeeded with time: 61725ms, keeping it commented out
commenting out line Lines { lines: 1473..=1473 } in "./tmp/18/allocation_layer/AllocationBranchBetree_v.rs"
verus succeeded with time: 59055ms, keeping it commented out
commenting out line Lines { lines: 952..=952 } in "./tmp/34/betree/FilteredBetreeRefinement_v.rs"
verus failed with time: 58380ms, reverting
commenting out line Lines { lines: 118..=118 } in "./tmp/47/betree/PivotBranchRefinement_v.rs"
verus failed with time: 58246ms, reverting
commenting out line Lines { lines: 2256..=2256 } in "./tmp/37/betree/LinkedBetree_v.rs"
verus succeeded with time: 61584ms, keeping it commented out
commenting out line Lines { lines: 719..=719 } in "./tmp/39/betree/LinkedBranch_v/Refinement_v.rs"
verus succeeded with time: 59429ms, keeping it commented out
commenting out line Lines { lines: 1861..=1861 } in "./tmp/21/allocation_layer/LikesBetree_v.rs"
verus succeeded with time: 55962ms, keeping it commented out
commenting out line Lines { lines: 194..=194 } in "./tmp/45/betree/PivotBetreeRefinement_v.rs"
verus succeeded with time: 61135ms, keeping it commented out
commenting out line Lines { lines: 1477..=1477 } in "./tmp/18/allocation_layer/AllocationBranchBetree_v.rs"
verus failed with time: 54798ms, reverting
commenting out line Lines { lines: 950..=953 } in "./tmp/34/betree/FilteredBetreeRefinement_v.rs"
verus failed with time: 59244ms, reverting
commenting out line Lines { lines: 113..=120 } in "./tmp/47/betree/PivotBranchRefinement_v.rs"
verus failed with time: 56642ms, reverting
commenting out line Lines { lines: 698..=728 } in "./tmp/39/betree/LinkedBranch_v/Refinement_v.rs"
verus failed with time: 55596ms, reverting
commenting out line Lines { lines: 2288..=2288 } in "./tmp/37/betree/LinkedBetree_v.rs"
verus failed with time: 59001ms, reverting
commenting out line Lines { lines: 1864..=1864 } in "./tmp/21/allocation_layer/LikesBetree_v.rs"
verus failed with time: 51710ms, reverting
commenting out line Lines { lines: 207..=211 } in "./tmp/45/betree/PivotBetreeRefinement_v.rs"
verus failed with time: 59245ms, reverting
commenting out line Lines { lines: 1478..=1478 } in "./tmp/18/allocation_layer/AllocationBranchBetree_v.rs"
verus succeeded with time: 63252ms, keeping it commented out
commenting out line Lines { lines: 990..=990 } in "./tmp/34/betree/FilteredBetreeRefinement_v.rs"
verus failed with time: 58470ms, reverting
commenting out line Lines { lines: 122..=126 } in "./tmp/47/betree/PivotBranchRefinement_v.rs"
verus failed with time: 59099ms, reverting
commenting out line Lines { lines: 679..=732 } in "./tmp/39/betree/LinkedBranch_v/Refinement_v.rs"
verus failed with time: 56414ms, reverting
commenting out line Lines { lines: 2289..=2289 } in "./tmp/37/betree/LinkedBetree_v.rs"
verus failed with time: 56477ms, reverting
commenting out line Lines { lines: 1865..=1865 } in "./tmp/21/allocation_layer/LikesBetree_v.rs"
verus succeeded with time: 58516ms, keeping it commented out
commenting out line Lines { lines: 217..=217 } in "./tmp/45/betree/PivotBetreeRefinement_v.rs"
verus succeeded with time: 63409ms, keeping it commented out
commenting out line Lines { lines: 1480..=1480 } in "./tmp/18/allocation_layer/AllocationBranchBetree_v.rs"
verus failed with time: 57378ms, reverting
commenting out line Lines { lines: 991..=991 } in "./tmp/34/betree/FilteredBetreeRefinement_v.rs"
verus failed with time: 58151ms, reverting
commenting out line Lines { lines: 128..=128 } in "./tmp/47/betree/PivotBranchRefinement_v.rs"
verus succeeded with time: 62380ms, keeping it commented out
commenting out line Lines { lines: 2287..=2290 } in "./tmp/37/betree/LinkedBetree_v.rs"
verus failed with time: 55592ms, reverting
commenting out line Lines { lines: 1866..=1866 } in "./tmp/21/allocation_layer/LikesBetree_v.rs"
verus succeeded with time: 53915ms, keeping it commented out
commenting out line Lines { lines: 733..=733 } in "./tmp/39/betree/LinkedBranch_v/Refinement_v.rs"
verus succeeded with time: 62584ms, keeping it commented out
commenting out line Lines { lines: 1481..=1481 } in "./tmp/18/allocation_layer/AllocationBranchBetree_v.rs"
verus failed with time: 58023ms, reverting
commenting out line Lines { lines: 218..=218 } in "./tmp/45/betree/PivotBetreeRefinement_v.rs"
verus succeeded with time: 64162ms, keeping it commented out
commenting out line Lines { lines: 992..=992 } in "./tmp/34/betree/FilteredBetreeRefinement_v.rs"
verus succeeded with time: 62136ms, keeping it commented out
commenting out line Lines { lines: 140..=140 } in "./tmp/47/betree/PivotBranchRefinement_v.rs"
verus failed with time: 57775ms, reverting
commenting out line Lines { lines: 2297..=2297 } in "./tmp/37/betree/LinkedBetree_v.rs"
verus succeeded with time: 60155ms, keeping it commented out
commenting out line Lines { lines: 1867..=1867 } in "./tmp/21/allocation_layer/LikesBetree_v.rs"
verus succeeded with time: 56919ms, keeping it commented out
commenting out line Lines { lines: 736..=736 } in "./tmp/39/betree/LinkedBranch_v/Refinement_v.rs"
verus succeeded with time: 59744ms, keeping it commented out
commenting out line Lines { lines: 251..=251 } in "./tmp/45/betree/PivotBetreeRefinement_v.rs"
verus failed with time: 55659ms, reverting
commenting out line Lines { lines: 1499..=1499 } in "./tmp/18/allocation_layer/AllocationBranchBetree_v.rs"
verus succeeded with time: 64834ms, keeping it commented out
commenting out line Lines { lines: 1006..=1006 } in "./tmp/34/betree/FilteredBetreeRefinement_v.rs"
verus succeeded with time: 62468ms, keeping it commented out
commenting out line Lines { lines: 143..=143 } in "./tmp/47/betree/PivotBranchRefinement_v.rs"
verus succeeded with time: 62832ms, keeping it commented out
commenting out line Lines { lines: 2298..=2298 } in "./tmp/37/betree/LinkedBetree_v.rs"
verus failed with time: 57888ms, reverting
commenting out line Lines { lines: 1868..=1868 } in "./tmp/21/allocation_layer/LikesBetree_v.rs"
verus succeeded with time: 56902ms, keeping it commented out
commenting out line Lines { lines: 737..=737 } in "./tmp/39/betree/LinkedBranch_v/Refinement_v.rs"
verus failed with time: 57427ms, reverting
commenting out line Lines { lines: 255..=255 } in "./tmp/45/betree/PivotBetreeRefinement_v.rs"
verus succeeded with time: 61940ms, keeping it commented out
commenting out line Lines { lines: 1501..=1501 } in "./tmp/18/allocation_layer/AllocationBranchBetree_v.rs"
verus succeeded with time: 63628ms, keeping it commented out
commenting out line Lines { lines: 1028..=1028 } in "./tmp/34/betree/FilteredBetreeRefinement_v.rs"
verus failed with time: 60199ms, reverting
commenting out line Lines { lines: 145..=148 } in "./tmp/47/betree/PivotBranchRefinement_v.rs"
verus failed with time: 57935ms, reverting
commenting out line Lines { lines: 1878..=1878 } in "./tmp/21/allocation_layer/LikesBetree_v.rs"
verus succeeded with time: 57108ms, keeping it commented out
commenting out line Lines { lines: 2299..=2299 } in "./tmp/37/betree/LinkedBetree_v.rs"
verus succeeded with time: 61867ms, keeping it commented out
commenting out line Lines { lines: 738..=738 } in "./tmp/39/betree/LinkedBranch_v/Refinement_v.rs"
verus succeeded with time: 61981ms, keeping it commented out
commenting out line Lines { lines: 256..=256 } in "./tmp/45/betree/PivotBetreeRefinement_v.rs"
verus succeeded with time: 61534ms, keeping it commented out
commenting out line Lines { lines: 1876..=1880 } in "./tmp/21/allocation_layer/LikesBetree_v.rs"
verus failed with time: 53507ms, reverting
commenting out line Lines { lines: 1504..=1504 } in "./tmp/18/allocation_layer/AllocationBranchBetree_v.rs"
verus succeeded with time: 64411ms, keeping it commented out
commenting out line Lines { lines: 1037..=1037 } in "./tmp/34/betree/FilteredBetreeRefinement_v.rs"
verus succeeded with time: 61690ms, keeping it commented out
commenting out line Lines { lines: 150..=150 } in "./tmp/47/betree/PivotBranchRefinement_v.rs"
verus succeeded with time: 61198ms, keeping it commented out
commenting out line Lines { lines: 2308..=2308 } in "./tmp/37/betree/LinkedBetree_v.rs"
verus succeeded with time: 61402ms, keeping it commented out
commenting out line Lines { lines: 740..=740 } in "./tmp/39/betree/LinkedBranch_v/Refinement_v.rs"
verus succeeded with time: 60280ms, keeping it commented out
commenting out line Lines { lines: 257..=257 } in "./tmp/45/betree/PivotBetreeRefinement_v.rs"
verus succeeded with time: 63315ms, keeping it commented out
commenting out line Lines { lines: 1882..=1882 } in "./tmp/21/allocation_layer/LikesBetree_v.rs"
verus succeeded with time: 54402ms, keeping it commented out
commenting out line Lines { lines: 1509..=1509 } in "./tmp/18/allocation_layer/AllocationBranchBetree_v.rs"
verus failed with time: 58256ms, reverting
commenting out line Lines { lines: 1042..=1042 } in "./tmp/34/betree/FilteredBetreeRefinement_v.rs"
verus failed with time: 60246ms, reverting
commenting out line Lines { lines: 2311..=2311 } in "./tmp/37/betree/LinkedBetree_v.rs"
verus failed with time: 56895ms, reverting
commenting out line Lines { lines: 151..=151 } in "./tmp/47/betree/PivotBranchRefinement_v.rs"
verus succeeded with time: 64790ms, keeping it commented out
commenting out line Lines { lines: 747..=747 } in "./tmp/39/betree/LinkedBranch_v/Refinement_v.rs"
verus succeeded with time: 62502ms, keeping it commented out
commenting out line Lines { lines: 1884..=1884 } in "./tmp/21/allocation_layer/LikesBetree_v.rs"
verus succeeded with time: 55486ms, keeping it commented out
commenting out line Lines { lines: 1514..=1514 } in "./tmp/18/allocation_layer/AllocationBranchBetree_v.rs"
verus failed with time: 54443ms, reverting
commenting out line Lines { lines: 252..=259 } in "./tmp/45/betree/PivotBetreeRefinement_v.rs"
verus succeeded with time: 59884ms, keeping it commented out
commenting out line Lines { lines: 1043..=1043 } in "./tmp/34/betree/FilteredBetreeRefinement_v.rs"
verus failed with time: 57298ms, reverting
commenting out line Lines { lines: 2312..=2312 } in "./tmp/37/betree/LinkedBetree_v.rs"
verus failed with time: 58108ms, reverting
commenting out line Lines { lines: 152..=152 } in "./tmp/47/betree/PivotBranchRefinement_v.rs"
verus succeeded with time: 62056ms, keeping it commented out
commenting out line Lines { lines: 750..=750 } in "./tmp/39/betree/LinkedBranch_v/Refinement_v.rs"
verus succeeded with time: 63544ms, keeping it commented out
commenting out line Lines { lines: 1885..=1885 } in "./tmp/21/allocation_layer/LikesBetree_v.rs"
verus succeeded with time: 59675ms, keeping it commented out
commenting out line Lines { lines: 260..=260 } in "./tmp/45/betree/PivotBetreeRefinement_v.rs"
verus succeeded with time: 59916ms, keeping it commented out
commenting out line Lines { lines: 1518..=1518 } in "./tmp/18/allocation_layer/AllocationBranchBetree_v.rs"
verus succeeded with time: 60276ms, keeping it commented out
commenting out line Lines { lines: 1039..=1044 } in "./tmp/34/betree/FilteredBetreeRefinement_v.rs"
verus failed with time: 56090ms, reverting
commenting out line Lines { lines: 2292..=2319 } in "./tmp/37/betree/LinkedBetree_v.rs"
verus failed with time: 54572ms, reverting
commenting out line Lines { lines: 154..=154 } in "./tmp/47/betree/PivotBranchRefinement_v.rs"
verus succeeded with time: 61653ms, keeping it commented out
commenting out line Lines { lines: 753..=753 } in "./tmp/39/betree/LinkedBranch_v/Refinement_v.rs"
verus failed with time: 57200ms, reverting
commenting out line Lines { lines: 1886..=1886 } in "./tmp/21/allocation_layer/LikesBetree_v.rs"
verus succeeded with time: 58313ms, keeping it commented out
commenting out line Lines { lines: 263..=263 } in "./tmp/45/betree/PivotBetreeRefinement_v.rs"
verus failed with time: 59499ms, reverting
commenting out line Lines { lines: 1521..=1521 } in "./tmp/18/allocation_layer/AllocationBranchBetree_v.rs"
verus succeeded with time: 62168ms, keeping it commented out
commenting out line Lines { lines: 1045..=1045 } in "./tmp/34/betree/FilteredBetreeRefinement_v.rs"
verus failed with time: 58616ms, reverting
commenting out line Lines { lines: 2320..=2320 } in "./tmp/37/betree/LinkedBetree_v.rs"
verus succeeded with time: 61076ms, keeping it commented out
commenting out line Lines { lines: 757..=758 } in "./tmp/39/betree/LinkedBranch_v/Refinement_v.rs"
verus failed with time: 57136ms, reverting
commenting out line Lines { lines: 156..=156 } in "./tmp/47/betree/PivotBranchRefinement_v.rs"
verus succeeded with time: 59329ms, keeping it commented out
commenting out line Lines { lines: 1890..=1890 } in "./tmp/21/allocation_layer/LikesBetree_v.rs"
verus failed with time: 52041ms, reverting
commenting out line Lines { lines: 265..=265 } in "./tmp/45/betree/PivotBetreeRefinement_v.rs"
verus succeeded with time: 60674ms, keeping it commented out
commenting out line Lines { lines: 1524..=1524 } in "./tmp/18/allocation_layer/AllocationBranchBetree_v.rs"
verus failed with time: 58259ms, reverting
commenting out line Lines { lines: 1063..=1063 } in "./tmp/34/betree/FilteredBetreeRefinement_v.rs"
verus failed with time: 60660ms, reverting
commenting out line Lines { lines: 2321..=2321 } in "./tmp/37/betree/LinkedBetree_v.rs"
verus succeeded with time: 61511ms, keeping it commented out
commenting out line Lines { lines: 759..=759 } in "./tmp/39/betree/LinkedBranch_v/Refinement_v.rs"
verus failed with time: 55788ms, reverting
commenting out line Lines { lines: 158..=158 } in "./tmp/47/betree/PivotBranchRefinement_v.rs"
verus succeeded with time: 61568ms, keeping it commented out
commenting out line Lines { lines: 1891..=1893 } in "./tmp/21/allocation_layer/LikesBetree_v.rs"
verus succeeded with time: 58072ms, keeping it commented out
commenting out line Lines { lines: 1526..=1526 } in "./tmp/18/allocation_layer/AllocationBranchBetree_v.rs"
verus succeeded with time: 59558ms, keeping it commented out
commenting out line Lines { lines: 1071..=1071 } in "./tmp/34/betree/FilteredBetreeRefinement_v.rs"
verus failed with time: 55801ms, reverting
commenting out line Lines { lines: 270..=270 } in "./tmp/45/betree/PivotBetreeRefinement_v.rs"
verus succeeded with time: 61135ms, keeping it commented out
commenting out line Lines { lines: 2341..=2341 } in "./tmp/37/betree/LinkedBetree_v.rs"
verus succeeded with time: 60768ms, keeping it commented out
commenting out line Lines { lines: 760..=760 } in "./tmp/39/betree/LinkedBranch_v/Refinement_v.rs"
verus succeeded with time: 59331ms, keeping it commented out
commenting out line Lines { lines: 174..=174 } in "./tmp/47/betree/PivotBranchRefinement_v.rs"
verus succeeded with time: 60896ms, keeping it commented out
commenting out line Lines { lines: 1897..=1897 } in "./tmp/21/allocation_layer/LikesBetree_v.rs"
verus failed with time: 54310ms, reverting
commenting out line Lines { lines: 1072..=1072 } in "./tmp/34/betree/FilteredBetreeRefinement_v.rs"
verus failed with time: 55928ms, reverting
commenting out line Lines { lines: 1529..=1529 } in "./tmp/18/allocation_layer/AllocationBranchBetree_v.rs"
verus succeeded with time: 59343ms, keeping it commented out
commenting out line Lines { lines: 271..=271 } in "./tmp/45/betree/PivotBetreeRefinement_v.rs"
verus succeeded with time: 62341ms, keeping it commented out
commenting out line Lines { lines: 2342..=2342 } in "./tmp/37/betree/LinkedBetree_v.rs"
verus succeeded with time: 60356ms, keeping it commented out
commenting out line Lines { lines: 764..=764 } in "./tmp/39/betree/LinkedBranch_v/Refinement_v.rs"
verus succeeded with time: 62195ms, keeping it commented out
commenting out line Lines { lines: 175..=175 } in "./tmp/47/betree/PivotBranchRefinement_v.rs"
verus succeeded with time: 62208ms, keeping it commented out
commenting out line Lines { lines: 1895..=1899 } in "./tmp/21/allocation_layer/LikesBetree_v.rs"
verus failed with time: 51482ms, reverting
commenting out line Lines { lines: 1068..=1073 } in "./tmp/34/betree/FilteredBetreeRefinement_v.rs"
verus failed with time: 58026ms, reverting
commenting out line Lines { lines: 1534..=1534 } in "./tmp/18/allocation_layer/AllocationBranchBetree_v.rs"
verus succeeded with time: 60208ms, keeping it commented out
commenting out line Lines { lines: 272..=272 } in "./tmp/45/betree/PivotBetreeRefinement_v.rs"
verus succeeded with time: 63445ms, keeping it commented out
commenting out line Lines { lines: 2345..=2346 } in "./tmp/37/betree/LinkedBetree_v.rs"
verus failed with time: 56085ms, reverting
commenting out line Lines { lines: 765..=765 } in "./tmp/39/betree/LinkedBranch_v/Refinement_v.rs"
verus succeeded with time: 61803ms, keeping it commented out
commenting out line Lines { lines: 1903..=1903 } in "./tmp/21/allocation_layer/LikesBetree_v.rs"
verus succeeded with time: 54513ms, keeping it commented out
commenting out line Lines { lines: 178..=178 } in "./tmp/47/betree/PivotBranchRefinement_v.rs"
verus succeeded with time: 61625ms, keeping it commented out
commenting out line Lines { lines: 1074..=1074 } in "./tmp/34/betree/FilteredBetreeRefinement_v.rs"
verus failed with time: 54776ms, reverting
commenting out line Lines { lines: 1535..=1535 } in "./tmp/18/allocation_layer/AllocationBranchBetree_v.rs"
verus succeeded with time: 60270ms, keeping it commented out
commenting out line Lines { lines: 267..=274 } in "./tmp/45/betree/PivotBetreeRefinement_v.rs"
verus succeeded with time: 60493ms, keeping it commented out
commenting out line Lines { lines: 2347..=2347 } in "./tmp/37/betree/LinkedBetree_v.rs"
verus succeeded with time: 60734ms, keeping it commented out
commenting out line Lines { lines: 767..=767 } in "./tmp/39/betree/LinkedBranch_v/Refinement_v.rs"
verus failed with time: 56616ms, reverting
commenting out line Lines { lines: 1904..=1904 } in "./tmp/21/allocation_layer/LikesBetree_v.rs"
verus succeeded with time: 56957ms, keeping it commented out
commenting out line Lines { lines: 179..=179 } in "./tmp/47/betree/PivotBranchRefinement_v.rs"
verus succeeded with time: 62481ms, keeping it commented out
commenting out line Lines { lines: 1120..=1120 } in "./tmp/34/betree/FilteredBetreeRefinement_v.rs"
verus succeeded with time: 60470ms, keeping it commented out
commenting out line Lines { lines: 1538..=1538 } in "./tmp/18/allocation_layer/AllocationBranchBetree_v.rs"
verus succeeded with time: 60359ms, keeping it commented out
commenting out line Lines { lines: 275..=275 } in "./tmp/45/betree/PivotBetreeRefinement_v.rs"
verus succeeded with time: 59115ms, keeping it commented out
commenting out line Lines { lines: 2377..=2377 } in "./tmp/37/betree/LinkedBetree_v.rs"
verus succeeded with time: 62112ms, keeping it commented out
commenting out line Lines { lines: 1906..=1909 } in "./tmp/21/allocation_layer/LikesBetree_v.rs"
verus failed with time: 51905ms, reverting
commenting out line Lines { lines: 771..=771 } in "./tmp/39/betree/LinkedBranch_v/Refinement_v.rs"
verus succeeded with time: 60315ms, keeping it commented out
commenting out line Lines { lines: 184..=184 } in "./tmp/47/betree/PivotBranchRefinement_v.rs"
verus succeeded with time: 61398ms, keeping it commented out
commenting out line Lines { lines: 1128..=1128 } in "./tmp/34/betree/FilteredBetreeRefinement_v.rs"
verus succeeded with time: 57854ms, keeping it commented out
commenting out line Lines { lines: 1540..=1540 } in "./tmp/18/allocation_layer/AllocationBranchBetree_v.rs"
verus failed with time: 55534ms, reverting
commenting out line Lines { lines: 303..=303 } in "./tmp/45/betree/PivotBetreeRefinement_v.rs"
verus succeeded with time: 60199ms, keeping it commented out
commenting out line Lines { lines: 2379..=2379 } in "./tmp/37/betree/LinkedBetree_v.rs"
verus failed with time: 57862ms, reverting
commenting out line Lines { lines: 1911..=1913 } in "./tmp/21/allocation_layer/LikesBetree_v.rs"
verus succeeded with time: 57861ms, keeping it commented out
commenting out line Lines { lines: 777..=777 } in "./tmp/39/betree/LinkedBranch_v/Refinement_v.rs"
verus failed with time: 55043ms, reverting
commenting out line Lines { lines: 185..=185 } in "./tmp/47/betree/PivotBranchRefinement_v.rs"
verus failed with time: 57853ms, reverting
commenting out line Lines { lines: 1137..=1137 } in "./tmp/34/betree/FilteredBetreeRefinement_v.rs"
verus succeeded with time: 61378ms, keeping it commented out
commenting out line Lines { lines: 1541..=1541 } in "./tmp/18/allocation_layer/AllocationBranchBetree_v.rs"
verus succeeded with time: 60907ms, keeping it commented out
commenting out line Lines { lines: 304..=304 } in "./tmp/45/betree/PivotBetreeRefinement_v.rs"
verus failed with time: 57437ms, reverting
commenting out line Lines { lines: 2367..=2386 } in "./tmp/37/betree/LinkedBetree_v.rs"
verus failed with time: 58266ms, reverting
commenting out line Lines { lines: 1914..=1914 } in "./tmp/21/allocation_layer/LikesBetree_v.rs"
verus failed with time: 55787ms, reverting
commenting out line Lines { lines: 779..=779 } in "./tmp/39/betree/LinkedBranch_v/Refinement_v.rs"
verus failed with time: 55860ms, reverting
commenting out line Lines { lines: 188..=188 } in "./tmp/47/betree/PivotBranchRefinement_v.rs"
verus succeeded with time: 65605ms, keeping it commented out
commenting out line Lines { lines: 1531..=1543 } in "./tmp/18/allocation_layer/AllocationBranchBetree_v.rs"
verus failed with time: 56415ms, reverting
commenting out line Lines { lines: 1160..=1160 } in "./tmp/34/betree/FilteredBetreeRefinement_v.rs"
verus succeeded with time: 64612ms, keeping it commented out
commenting out line Lines { lines: 313..=313 } in "./tmp/45/betree/PivotBetreeRefinement_v.rs"
verus failed with time: 58982ms, reverting
commenting out line Lines { lines: 2417..=2417 } in "./tmp/37/betree/LinkedBetree_v.rs"
verus failed with time: 57304ms, reverting
commenting out line Lines { lines: 788..=788 } in "./tmp/39/betree/LinkedBranch_v/Refinement_v.rs"
verus failed with time: 56922ms, reverting
commenting out line Lines { lines: 1915..=1916 } in "./tmp/21/allocation_layer/LikesBetree_v.rs"
verus succeeded with time: 58395ms, keeping it commented out
commenting out line Lines { lines: 189..=189 } in "./tmp/47/betree/PivotBranchRefinement_v.rs"
verus succeeded with time: 61715ms, keeping it commented out
commenting out line Lines { lines: 1545..=1545 } in "./tmp/18/allocation_layer/AllocationBranchBetree_v.rs"
verus succeeded with time: 64468ms, keeping it commented out
commenting out line Lines { lines: 1163..=1163 } in "./tmp/34/betree/FilteredBetreeRefinement_v.rs"
verus succeeded with time: 65429ms, keeping it commented out
commenting out line Lines { lines: 1901..=1917 } in "./tmp/21/allocation_layer/LikesBetree_v.rs"
verus failed with time: 53928ms, reverting
commenting out line Lines { lines: 789..=789 } in "./tmp/39/betree/LinkedBranch_v/Refinement_v.rs"
verus failed with time: 58217ms, reverting
commenting out line Lines { lines: 341..=341 } in "./tmp/45/betree/PivotBetreeRefinement_v.rs"
verus succeeded with time: 61943ms, keeping it commented out
commenting out line Lines { lines: 2447..=2447 } in "./tmp/37/betree/LinkedBetree_v.rs"
verus succeeded with time: 63672ms, keeping it commented out
commenting out line Lines { lines: 191..=191 } in "./tmp/47/betree/PivotBranchRefinement_v.rs"
verus failed with time: 59258ms, reverting
commenting out line Lines { lines: 1921..=1921 } in "./tmp/21/allocation_layer/LikesBetree_v.rs"
verus succeeded with time: 58199ms, keeping it commented out
commenting out line Lines { lines: 1546..=1546 } in "./tmp/18/allocation_layer/AllocationBranchBetree_v.rs"
verus succeeded with time: 62693ms, keeping it commented out
commenting out line Lines { lines: 1156..=1165 } in "./tmp/34/betree/FilteredBetreeRefinement_v.rs"
verus succeeded with time: 63049ms, keeping it commented out
commenting out line Lines { lines: 342..=342 } in "./tmp/45/betree/PivotBetreeRefinement_v.rs"
verus failed with time: 60940ms, reverting
commenting out line Lines { lines: 790..=790 } in "./tmp/39/betree/LinkedBranch_v/Refinement_v.rs"
verus succeeded with time: 62213ms, keeping it commented out
commenting out line Lines { lines: 2452..=2452 } in "./tmp/37/betree/LinkedBetree_v.rs"
verus succeeded with time: 63190ms, keeping it commented out
commenting out line Lines { lines: 193..=193 } in "./tmp/47/betree/PivotBranchRefinement_v.rs"
verus failed with time: 58917ms, reverting
commenting out line Lines { lines: 1922..=1922 } in "./tmp/21/allocation_layer/LikesBetree_v.rs"
verus succeeded with time: 58006ms, keeping it commented out
commenting out line Lines { lines: 1563..=1563 } in "./tmp/18/allocation_layer/AllocationBranchBetree_v.rs"
verus succeeded with time: 63797ms, keeping it commented out
commenting out line Lines { lines: 792..=792 } in "./tmp/39/betree/LinkedBranch_v/Refinement_v.rs"
verus failed with time: 59190ms, reverting
commenting out line Lines { lines: 1166..=1166 } in "./tmp/34/betree/FilteredBetreeRefinement_v.rs"
verus succeeded with time: 62640ms, keeping it commented out
commenting out line Lines { lines: 354..=354 } in "./tmp/45/betree/PivotBetreeRefinement_v.rs"
verus succeeded with time: 62819ms, keeping it commented out
commenting out line Lines { lines: 2459..=2459 } in "./tmp/37/betree/LinkedBetree_v.rs"
verus failed with time: 59510ms, reverting
commenting out line Lines { lines: 181..=196 } in "./tmp/47/betree/PivotBranchRefinement_v.rs"
verus failed with time: 57961ms, reverting
commenting out line Lines { lines: 1923..=1923 } in "./tmp/21/allocation_layer/LikesBetree_v.rs"
verus succeeded with time: 56640ms, keeping it commented out
commenting out line Lines { lines: 793..=793 } in "./tmp/39/betree/LinkedBranch_v/Refinement_v.rs"
verus succeeded with time: 62441ms, keeping it commented out
commenting out line Lines { lines: 1559..=1564 } in "./tmp/18/allocation_layer/AllocationBranchBetree_v.rs"
verus succeeded with time: 63159ms, keeping it commented out
commenting out line Lines { lines: 1168..=1168 } in "./tmp/34/betree/FilteredBetreeRefinement_v.rs"
verus succeeded with time: 63791ms, keeping it commented out
commenting out line Lines { lines: 351..=357 } in "./tmp/45/betree/PivotBetreeRefinement_v.rs"
verus succeeded with time: 62050ms, keeping it commented out
commenting out line Lines { lines: 2463..=2463 } in "./tmp/37/betree/LinkedBetree_v.rs"
verus succeeded with time: 64428ms, keeping it commented out
commenting out line Lines { lines: 202..=202 } in "./tmp/47/betree/PivotBranchRefinement_v.rs"
verus succeeded with time: 65032ms, keeping it commented out
commenting out line Lines { lines: 1926..=1926 } in "./tmp/21/allocation_layer/LikesBetree_v.rs"
verus succeeded with time: 53500ms, keeping it commented out
commenting out line Lines { lines: 797..=797 } in "./tmp/39/betree/LinkedBranch_v/Refinement_v.rs"
verus failed with time: 57537ms, reverting
commenting out line Lines { lines: 1169..=1169 } in "./tmp/34/betree/FilteredBetreeRefinement_v.rs"
verus failed with time: 58330ms, reverting
commenting out line Lines { lines: 358..=358 } in "./tmp/45/betree/PivotBetreeRefinement_v.rs"
verus failed with time: 58210ms, reverting
commenting out line Lines { lines: 1585..=1585 } in "./tmp/18/allocation_layer/AllocationBranchBetree_v.rs"
verus succeeded with time: 61521ms, keeping it commented out
commenting out line Lines { lines: 2464..=2464 } in "./tmp/37/betree/LinkedBetree_v.rs"
verus failed with time: 58251ms, reverting
commenting out line Lines { lines: 1927..=1927 } in "./tmp/21/allocation_layer/LikesBetree_v.rs"
verus succeeded with time: 58639ms, keeping it commented out
commenting out line Lines { lines: 207..=207 } in "./tmp/47/betree/PivotBranchRefinement_v.rs"
verus succeeded with time: 65018ms, keeping it commented out
commenting out line Lines { lines: 799..=799 } in "./tmp/39/betree/LinkedBranch_v/Refinement_v.rs"
verus succeeded with time: 60926ms, keeping it commented out
commenting out line Lines { lines: 1592..=1592 } in "./tmp/18/allocation_layer/AllocationBranchBetree_v.rs"
verus failed with time: 59500ms, reverting
commenting out line Lines { lines: 1170..=1170 } in "./tmp/34/betree/FilteredBetreeRefinement_v.rs"
verus succeeded with time: 61517ms, keeping it commented out
commenting out line Lines { lines: 2454..=2467 } in "./tmp/37/betree/LinkedBetree_v.rs"
verus failed with time: 57970ms, reverting
commenting out line Lines { lines: 382..=382 } in "./tmp/45/betree/PivotBetreeRefinement_v.rs"
verus succeeded with time: 61795ms, keeping it commented out
commenting out line Lines { lines: 1933..=1933 } in "./tmp/21/allocation_layer/LikesBetree_v.rs"
verus succeeded with time: 57326ms, keeping it commented out
commenting out line Lines { lines: 208..=208 } in "./tmp/47/betree/PivotBranchRefinement_v.rs"
verus succeeded with time: 62679ms, keeping it commented out
commenting out line Lines { lines: 1589..=1594 } in "./tmp/18/allocation_layer/AllocationBranchBetree_v.rs"
verus failed with time: 59818ms, reverting
commenting out line Lines { lines: 1171..=1171 } in "./tmp/34/betree/FilteredBetreeRefinement_v.rs"
verus failed with time: 59567ms, reverting
commenting out line Lines { lines: 800..=800 } in "./tmp/39/betree/LinkedBranch_v/Refinement_v.rs"
verus succeeded with time: 62503ms, keeping it commented out
commenting out line Lines { lines: 400..=400 } in "./tmp/45/betree/PivotBetreeRefinement_v.rs"
verus succeeded with time: 62494ms, keeping it commented out
commenting out line Lines { lines: 2469..=2469 } in "./tmp/37/betree/LinkedBetree_v.rs"
verus succeeded with time: 63460ms, keeping it commented out
commenting out line Lines { lines: 1936..=1936 } in "./tmp/21/allocation_layer/LikesBetree_v.rs"
verus succeeded with time: 53613ms, keeping it commented out
commenting out line Lines { lines: 209..=209 } in "./tmp/47/betree/PivotBranchRefinement_v.rs"
verus succeeded with time: 61525ms, keeping it commented out
commenting out line Lines { lines: 1174..=1174 } in "./tmp/34/betree/FilteredBetreeRefinement_v.rs"
verus succeeded with time: 62950ms, keeping it commented out
commenting out line Lines { lines: 1596..=1596 } in "./tmp/18/allocation_layer/AllocationBranchBetree_v.rs"
verus succeeded with time: 63107ms, keeping it commented out
commenting out line Lines { lines: 801..=801 } in "./tmp/39/betree/LinkedBranch_v/Refinement_v.rs"
verus succeeded with time: 63075ms, keeping it commented out
commenting out line Lines { lines: 2470..=2470 } in "./tmp/37/betree/LinkedBetree_v.rs"
verus failed with time: 58617ms, reverting
commenting out line Lines { lines: 417..=417 } in "./tmp/45/betree/PivotBetreeRefinement_v.rs"
verus succeeded with time: 62898ms, keeping it commented out
commenting out line Lines { lines: 1920..=1940 } in "./tmp/21/allocation_layer/LikesBetree_v.rs"
verus failed with time: 49355ms, reverting
commenting out line Lines { lines: 210..=210 } in "./tmp/47/betree/PivotBranchRefinement_v.rs"
verus succeeded with time: 61590ms, keeping it commented out
commenting out line Lines { lines: 803..=803 } in "./tmp/39/betree/LinkedBranch_v/Refinement_v.rs"
verus failed with time: 59365ms, reverting
commenting out line Lines { lines: 2509..=2509 } in "./tmp/37/betree/LinkedBetree_v.rs"
verus failed with time: 59410ms, reverting
commenting out line Lines { lines: 1599..=1599 } in "./tmp/18/allocation_layer/AllocationBranchBetree_v.rs"
verus succeeded with time: 62420ms, keeping it commented out
commenting out line Lines { lines: 1183..=1183 } in "./tmp/34/betree/FilteredBetreeRefinement_v.rs"
verus succeeded with time: 62712ms, keeping it commented out
commenting out line Lines { lines: 418..=418 } in "./tmp/45/betree/PivotBetreeRefinement_v.rs"
verus succeeded with time: 62791ms, keeping it commented out
commenting out line Lines { lines: 1945..=1948 } in "./tmp/21/allocation_layer/LikesBetree_v.rs"
verus succeeded with time: 56519ms, keeping it commented out
commenting out line Lines { lines: 211..=211 } in "./tmp/47/betree/PivotBranchRefinement_v.rs"
verus succeeded with time: 63598ms, keeping it commented out
commenting out line Lines { lines: 807..=807 } in "./tmp/39/betree/LinkedBranch_v/Refinement_v.rs"
verus succeeded with time: 64367ms, keeping it commented out
commenting out line Lines { lines: 1600..=1600 } in "./tmp/18/allocation_layer/AllocationBranchBetree_v.rs"
verus succeeded with time: 61629ms, keeping it commented out
commenting out line Lines { lines: 2510..=2510 } in "./tmp/37/betree/LinkedBetree_v.rs"
verus succeeded with time: 63286ms, keeping it commented out
commenting out line Lines { lines: 1184..=1184 } in "./tmp/34/betree/FilteredBetreeRefinement_v.rs"
verus succeeded with time: 62302ms, keeping it commented out
commenting out line Lines { lines: 405..=420 } in "./tmp/45/betree/PivotBetreeRefinement_v.rs"
verus failed with time: 58254ms, reverting
commenting out line Lines { lines: 1950..=1951 } in "./tmp/21/allocation_layer/LikesBetree_v.rs"
verus failed with time: 54466ms, reverting
commenting out line Lines { lines: 214..=214 } in "./tmp/47/betree/PivotBranchRefinement_v.rs"
verus succeeded with time: 65571ms, keeping it commented out
commenting out line Lines { lines: 743..=810 } in "./tmp/39/betree/LinkedBranch_v/Refinement_v.rs"
verus failed with time: 59175ms, reverting
commenting out line Lines { lines: 2527..=2527 } in "./tmp/37/betree/LinkedBetree_v.rs"
verus failed with time: 59974ms, reverting
commenting out line Lines { lines: 421..=421 } in "./tmp/45/betree/PivotBetreeRefinement_v.rs"
verus failed with time: 60730ms, reverting
commenting out line Lines { lines: 1954..=1954 } in "./tmp/21/allocation_layer/LikesBetree_v.rs"
verus succeeded with time: 59402ms, keeping it commented out
commenting out line Lines { lines: 1602..=1602 } in "./tmp/18/allocation_layer/AllocationBranchBetree_v.rs"
verus succeeded with time: 63466ms, keeping it commented out
minimization of ./tmp/18/allocation_layer/AllocationBranchBetree_v.rs is completed
minimization of ./tmp/48/betree/PivotBranch_v.rs is completed
commenting out line Lines { lines: 1187..=1187 } in "./tmp/34/betree/FilteredBetreeRefinement_v.rs"
verus succeeded with time: 63425ms, keeping it commented out
commenting out line Lines { lines: 217..=217 } in "./tmp/47/betree/PivotBranchRefinement_v.rs"
verus succeeded with time: 63308ms, keeping it commented out
commenting out line Lines { lines: 1955..=1955 } in "./tmp/21/allocation_layer/LikesBetree_v.rs"
verus failed with time: 55075ms, reverting
commenting out line Lines { lines: 97..=97 } in "./tmp/49/betree/PivotTable_v.rs"
verus failed with time: 59698ms, reverting
commenting out line Lines { lines: 811..=811 } in "./tmp/39/betree/LinkedBranch_v/Refinement_v.rs"
verus succeeded with time: 65116ms, keeping it commented out
commenting out line Lines { lines: 2529..=2529 } in "./tmp/37/betree/LinkedBetree_v.rs"
verus succeeded with time: 65566ms, keeping it commented out
commenting out line Lines { lines: 429..=429 } in "./tmp/45/betree/PivotBetreeRefinement_v.rs"
verus succeeded with time: 63973ms, keeping it commented out
commenting out line Lines { lines: 1203..=1203 } in "./tmp/34/betree/FilteredBetreeRefinement_v.rs"
verus succeeded with time: 63909ms, keeping it commented out
commenting out line Lines { lines: 1958..=1960 } in "./tmp/21/allocation_layer/LikesBetree_v.rs"
verus succeeded with time: 58142ms, keeping it commented out
commenting out line Lines { lines: 218..=218 } in "./tmp/47/betree/PivotBranchRefinement_v.rs"
verus succeeded with time: 64631ms, keeping it commented out
commenting out line Lines { lines: 99..=99 } in "./tmp/49/betree/PivotTable_v.rs"
verus failed with time: 59352ms, reverting
commenting out line Lines { lines: 854..=854 } in "./tmp/39/betree/LinkedBranch_v/Refinement_v.rs"
verus failed with time: 59713ms, reverting
commenting out line Lines { lines: 2530..=2530 } in "./tmp/37/betree/LinkedBetree_v.rs"
verus failed with time: 59951ms, reverting
commenting out line Lines { lines: 430..=430 } in "./tmp/45/betree/PivotBetreeRefinement_v.rs"
verus failed with time: 60015ms, reverting
commenting out line Lines { lines: 1219..=1219 } in "./tmp/34/betree/FilteredBetreeRefinement_v.rs"
verus succeeded with time: 63115ms, keeping it commented out
commenting out line Lines { lines: 1964..=1966 } in "./tmp/21/allocation_layer/LikesBetree_v.rs"
verus succeeded with time: 57640ms, keeping it commented out
commenting out line Lines { lines: 223..=223 } in "./tmp/47/betree/PivotBranchRefinement_v.rs"
verus succeeded with time: 61815ms, keeping it commented out
commenting out line Lines { lines: 93..=101 } in "./tmp/49/betree/PivotTable_v.rs"
verus failed with time: 60050ms, reverting
minimization of ./tmp/49/betree/PivotTable_v.rs is completed
minimization of ./tmp/50/betree/SplitRequest_v.rs is completed
commenting out line Lines { lines: 2532..=2532 } in "./tmp/37/betree/LinkedBetree_v.rs"
verus failed with time: 59547ms, reverting
commenting out line Lines { lines: 860..=860 } in "./tmp/39/betree/LinkedBranch_v/Refinement_v.rs"
verus succeeded with time: 62999ms, keeping it commented out
commenting out line Lines { lines: 431..=431 } in "./tmp/45/betree/PivotBetreeRefinement_v.rs"
verus succeeded with time: 64713ms, keeping it commented out
commenting out line Lines { lines: 1232..=1232 } in "./tmp/34/betree/FilteredBetreeRefinement_v.rs"
verus succeeded with time: 63293ms, keeping it commented out
commenting out line Lines { lines: 1970..=1971 } in "./tmp/21/allocation_layer/LikesBetree_v.rs"
verus failed with time: 51219ms, reverting
commenting out line Lines { lines: 224..=224 } in "./tmp/47/betree/PivotBranchRefinement_v.rs"
verus succeeded with time: 63370ms, keeping it commented out
commenting out line Lines { lines: 25..=25 } in "./tmp/51/betree/Utils_v.rs"
verus succeeded with time: 62823ms, keeping it commented out
commenting out line Lines { lines: 2533..=2533 } in "./tmp/37/betree/LinkedBetree_v.rs"
verus succeeded with time: 62744ms, keeping it commented out
commenting out line Lines { lines: 869..=869 } in "./tmp/39/betree/LinkedBranch_v/Refinement_v.rs"
verus succeeded with time: 63711ms, keeping it commented out
commenting out line Lines { lines: 445..=445 } in "./tmp/45/betree/PivotBetreeRefinement_v.rs"
verus failed with time: 60557ms, reverting
commenting out line Lines { lines: 1241..=1241 } in "./tmp/34/betree/FilteredBetreeRefinement_v.rs"
verus succeeded with time: 63521ms, keeping it commented out
commenting out line Lines { lines: 1263..=1263 } in "./tmp/34/betree/FilteredBetreeRefinement_v.rs"
verus failed with time: 9259ms, reverting
minimization of ./tmp/34/betree/FilteredBetreeRefinement_v.rs is completed
minimization of ./tmp/52/disk.rs is completed
commenting out line Lines { lines: 1942..=1974 } in "./tmp/21/allocation_layer/LikesBetree_v.rs"
verus failed with time: 47786ms, reverting
commenting out line Lines { lines: 226..=226 } in "./tmp/47/betree/PivotBranchRefinement_v.rs"
verus succeeded with time: 62499ms, keeping it commented out
commenting out line Lines { lines: 2522..=2535 } in "./tmp/37/betree/LinkedBetree_v.rs"
verus failed with time: 58112ms, reverting
commenting out line Lines { lines: 870..=870 } in "./tmp/39/betree/LinkedBranch_v/Refinement_v.rs"
verus failed with time: 58638ms, reverting
commenting out line Lines { lines: 46..=46 } in "./tmp/51/betree/Utils_v.rs"
verus succeeded with time: 63722ms, keeping it commented out
commenting out line Lines { lines: 458..=458 } in "./tmp/45/betree/PivotBetreeRefinement_v.rs"
verus failed with time: 59284ms, reverting
commenting out line Lines { lines: 104..=104 } in "./tmp/53/disk/GenericDisk_v.rs"
verus failed with time: 57492ms, reverting
commenting out line Lines { lines: 1976..=1977 } in "./tmp/21/allocation_layer/LikesBetree_v.rs"
verus succeeded with time: 53753ms, keeping it commented out
minimization of ./tmp/21/allocation_layer/LikesBetree_v.rs is completed
minimization of ./tmp/54/journal.rs is completed
commenting out line Lines { lines: 871..=871 } in "./tmp/39/betree/LinkedBranch_v/Refinement_v.rs"
verus failed with time: 58685ms, reverting
commenting out line Lines { lines: 464..=464 } in "./tmp/45/betree/PivotBetreeRefinement_v.rs"
verus failed with time: 56838ms, reverting
commenting out line Lines { lines: 2567..=2567 } in "./tmp/37/betree/LinkedBetree_v.rs"
verus succeeded with time: 64273ms, keeping it commented out
commenting out line Lines { lines: 227..=227 } in "./tmp/47/betree/PivotBranchRefinement_v.rs"
verus succeeded with time: 65218ms, keeping it commented out
commenting out line Lines { lines: 48..=48 } in "./tmp/51/betree/Utils_v.rs"
verus succeeded with time: 64115ms, keeping it commented out
commenting out line Lines { lines: 73..=73 } in "./tmp/55/journal/LinkedJournalRefinement_v.rs"
verus failed with time: 57272ms, reverting
commenting out line Lines { lines: 102..=105 } in "./tmp/53/disk/GenericDisk_v.rs"
verus failed with time: 60332ms, reverting
commenting out line Lines { lines: 873..=879 } in "./tmp/39/betree/LinkedBranch_v/Refinement_v.rs"
verus failed with time: 58695ms, reverting
commenting out line Lines { lines: 481..=481 } in "./tmp/45/betree/PivotBetreeRefinement_v.rs"
verus failed with time: 59167ms, reverting
commenting out line Lines { lines: 49..=49 } in "./tmp/51/betree/Utils_v.rs"
verus failed with time: 58793ms, reverting
commenting out line Lines { lines: 2578..=2578 } in "./tmp/37/betree/LinkedBetree_v.rs"
verus succeeded with time: 62730ms, keeping it commented out
commenting out line Lines { lines: 228..=228 } in "./tmp/47/betree/PivotBranchRefinement_v.rs"
verus succeeded with time: 62304ms, keeping it commented out
commenting out line Lines { lines: 75..=75 } in "./tmp/55/journal/LinkedJournalRefinement_v.rs"
verus failed with time: 58121ms, reverting
commenting out line Lines { lines: 116..=116 } in "./tmp/53/disk/GenericDisk_v.rs"
verus succeeded with time: 63241ms, keeping it commented out
commenting out line Lines { lines: 861..=882 } in "./tmp/39/betree/LinkedBranch_v/Refinement_v.rs"
verus failed with time: 55741ms, reverting
commenting out line Lines { lines: 515..=518 } in "./tmp/45/betree/PivotBetreeRefinement_v.rs"
verus failed with time: 57874ms, reverting
commenting out line Lines { lines: 2584..=2584 } in "./tmp/37/betree/LinkedBetree_v.rs"
verus failed with time: 58576ms, reverting
commenting out line Lines { lines: 221..=230 } in "./tmp/47/betree/PivotBranchRefinement_v.rs"
verus succeeded with time: 60755ms, keeping it commented out
commenting out line Lines { lines: 50..=50 } in "./tmp/51/betree/Utils_v.rs"
verus succeeded with time: 62152ms, keeping it commented out
commenting out line Lines { lines: 77..=77 } in "./tmp/55/journal/LinkedJournalRefinement_v.rs"
verus succeeded with time: 62971ms, keeping it commented out
commenting out line Lines { lines: 112..=118 } in "./tmp/53/disk/GenericDisk_v.rs"
verus failed with time: 58922ms, reverting
commenting out line Lines { lines: 883..=883 } in "./tmp/39/betree/LinkedBranch_v/Refinement_v.rs"
verus failed with time: 54275ms, reverting
commenting out line Lines { lines: 522..=522 } in "./tmp/45/betree/PivotBetreeRefinement_v.rs"
verus failed with time: 58048ms, reverting
commenting out line Lines { lines: 2585..=2592 } in "./tmp/37/betree/LinkedBetree_v.rs"
verus failed with time: 58412ms, reverting
commenting out line Lines { lines: 215..=233 } in "./tmp/47/betree/PivotBranchRefinement_v.rs"
verus failed with time: 58476ms, reverting
commenting out line Lines { lines: 51..=51 } in "./tmp/51/betree/Utils_v.rs"
verus succeeded with time: 61844ms, keeping it commented out
commenting out line Lines { lines: 114..=114 } in "./tmp/55/journal/LinkedJournalRefinement_v.rs"
verus failed with time: 60058ms, reverting
commenting out line Lines { lines: 126..=126 } in "./tmp/53/disk/GenericDisk_v.rs"
verus failed with time: 59171ms, reverting
commenting out line Lines { lines: 885..=885 } in "./tmp/39/betree/LinkedBranch_v/Refinement_v.rs"
verus succeeded with time: 61016ms, keeping it commented out
commenting out line Lines { lines: 520..=524 } in "./tmp/45/betree/PivotBetreeRefinement_v.rs"
verus failed with time: 58507ms, reverting
commenting out line Lines { lines: 2593..=2593 } in "./tmp/37/betree/LinkedBetree_v.rs"
verus succeeded with time: 63052ms, keeping it commented out
commenting out line Lines { lines: 234..=234 } in "./tmp/47/betree/PivotBranchRefinement_v.rs"
verus succeeded with time: 63167ms, keeping it commented out
commenting out line Lines { lines: 53..=53 } in "./tmp/51/betree/Utils_v.rs"
verus succeeded with time: 61588ms, keeping it commented out
commenting out line Lines { lines: 136..=136 } in "./tmp/53/disk/GenericDisk_v.rs"
verus failed with time: 57814ms, reverting
commenting out line Lines { lines: 125..=125 } in "./tmp/55/journal/LinkedJournalRefinement_v.rs"
verus succeeded with time: 61889ms, keeping it commented out
commenting out line Lines { lines: 528..=528 } in "./tmp/45/betree/PivotBetreeRefinement_v.rs"
verus failed with time: 54996ms, reverting
commenting out line Lines { lines: 895..=895 } in "./tmp/39/betree/LinkedBranch_v/Refinement_v.rs"
verus succeeded with time: 59111ms, keeping it commented out
commenting out line Lines { lines: 2602..=2602 } in "./tmp/37/betree/LinkedBetree_v.rs"
verus succeeded with time: 62779ms, keeping it commented out
commenting out line Lines { lines: 236..=236 } in "./tmp/47/betree/PivotBranchRefinement_v.rs"
verus succeeded with time: 60255ms, keeping it commented out
commenting out line Lines { lines: 78..=78 } in "./tmp/51/betree/Utils_v.rs"
verus succeeded with time: 61507ms, keeping it commented out
commenting out line Lines { lines: 137..=137 } in "./tmp/53/disk/GenericDisk_v.rs"
verus failed with time: 58612ms, reverting
commenting out line Lines { lines: 132..=132 } in "./tmp/55/journal/LinkedJournalRefinement_v.rs"
verus failed with time: 56746ms, reverting
commenting out line Lines { lines: 526..=529 } in "./tmp/45/betree/PivotBetreeRefinement_v.rs"
verus failed with time: 53881ms, reverting
commenting out line Lines { lines: 896..=896 } in "./tmp/39/betree/LinkedBranch_v/Refinement_v.rs"
verus failed with time: 58939ms, reverting
commenting out line Lines { lines: 2603..=2603 } in "./tmp/37/betree/LinkedBetree_v.rs"
verus failed with time: 59302ms, reverting
commenting out line Lines { lines: 239..=239 } in "./tmp/47/betree/PivotBranchRefinement_v.rs"
verus succeeded with time: 63333ms, keeping it commented out
commenting out line Lines { lines: 79..=79 } in "./tmp/51/betree/Utils_v.rs"
verus succeeded with time: 62495ms, keeping it commented out
commenting out line Lines { lines: 138..=138 } in "./tmp/53/disk/GenericDisk_v.rs"
verus succeeded with time: 61101ms, keeping it commented out
commenting out line Lines { lines: 133..=133 } in "./tmp/55/journal/LinkedJournalRefinement_v.rs"
verus succeeded with time: 61658ms, keeping it commented out
commenting out line Lines { lines: 572..=572 } in "./tmp/45/betree/PivotBetreeRefinement_v.rs"
verus failed with time: 56752ms, reverting
commenting out line Lines { lines: 898..=898 } in "./tmp/39/betree/LinkedBranch_v/Refinement_v.rs"
verus failed with time: 56144ms, reverting
commenting out line Lines { lines: 2604..=2604 } in "./tmp/37/betree/LinkedBetree_v.rs"
verus succeeded with time: 61437ms, keeping it commented out
commenting out line Lines { lines: 240..=240 } in "./tmp/47/betree/PivotBranchRefinement_v.rs"
verus succeeded with time: 63039ms, keeping it commented out
commenting out line Lines { lines: 98..=98 } in "./tmp/51/betree/Utils_v.rs"
verus succeeded with time: 60791ms, keeping it commented out
commenting out line Lines { lines: 139..=139 } in "./tmp/53/disk/GenericDisk_v.rs"
verus succeeded with time: 61084ms, keeping it commented out
commenting out line Lines { lines: 134..=134 } in "./tmp/55/journal/LinkedJournalRefinement_v.rs"
verus succeeded with time: 61797ms, keeping it commented out
commenting out line Lines { lines: 620..=620 } in "./tmp/45/betree/PivotBetreeRefinement_v.rs"
verus failed with time: 56990ms, reverting
commenting out line Lines { lines: 900..=906 } in "./tmp/39/betree/LinkedBranch_v/Refinement_v.rs"
verus failed with time: 55639ms, reverting
commenting out line Lines { lines: 2607..=2607 } in "./tmp/37/betree/LinkedBetree_v.rs"
verus succeeded with time: 61232ms, keeping it commented out
commenting out line Lines { lines: 243..=243 } in "./tmp/47/betree/PivotBranchRefinement_v.rs"
verus succeeded with time: 61771ms, keeping it commented out
commenting out line Lines { lines: 150..=150 } in "./tmp/53/disk/GenericDisk_v.rs"
verus succeeded with time: 61325ms, keeping it commented out
commenting out line Lines { lines: 99..=99 } in "./tmp/51/betree/Utils_v.rs"
verus succeeded with time: 63271ms, keeping it commented out
commenting out line Lines { lines: 137..=137 } in "./tmp/55/journal/LinkedJournalRefinement_v.rs"
verus failed with time: 60287ms, reverting
commenting out line Lines { lines: 621..=621 } in "./tmp/45/betree/PivotBetreeRefinement_v.rs"
verus failed with time: 55842ms, reverting
commenting out line Lines { lines: 886..=909 } in "./tmp/39/betree/LinkedBranch_v/Refinement_v.rs"
verus failed with time: 55812ms, reverting
commenting out line Lines { lines: 2609..=2609 } in "./tmp/37/betree/LinkedBetree_v.rs"
verus succeeded with time: 63169ms, keeping it commented out
commenting out line Lines { lines: 151..=151 } in "./tmp/53/disk/GenericDisk_v.rs"
verus failed with time: 58389ms, reverting
commenting out line Lines { lines: 244..=244 } in "./tmp/47/betree/PivotBranchRefinement_v.rs"
verus succeeded with time: 63595ms, keeping it commented out
commenting out line Lines { lines: 112..=112 } in "./tmp/51/betree/Utils_v.rs"
verus succeeded with time: 62989ms, keeping it commented out
commenting out line Lines { lines: 138..=138 } in "./tmp/55/journal/LinkedJournalRefinement_v.rs"
verus succeeded with time: 63149ms, keeping it commented out
commenting out line Lines { lines: 910..=910 } in "./tmp/39/betree/LinkedBranch_v/Refinement_v.rs"
verus failed with time: 58403ms, reverting
commenting out line Lines { lines: 622..=622 } in "./tmp/45/betree/PivotBetreeRefinement_v.rs"
verus succeeded with time: 61858ms, keeping it commented out
commenting out line Lines { lines: 2598..=2616 } in "./tmp/37/betree/LinkedBetree_v.rs"
verus failed with time: 59548ms, reverting
minimization of ./tmp/37/betree/LinkedBetree_v.rs is completed
commenting out line Lines { lines: 152..=152 } in "./tmp/53/disk/GenericDisk_v.rs"
verus failed with time: 58230ms, reverting
commenting out line Lines { lines: 237..=247 } in "./tmp/47/betree/PivotBranchRefinement_v.rs"
verus failed with time: 60399ms, reverting
commenting out line Lines { lines: 114..=114 } in "./tmp/51/betree/Utils_v.rs"
verus succeeded with time: 60956ms, keeping it commented out
commenting out line Lines { lines: 139..=139 } in "./tmp/55/journal/LinkedJournalRefinement_v.rs"
verus succeeded with time: 63270ms, keeping it commented out
commenting out line Lines { lines: 641..=641 } in "./tmp/45/betree/PivotBetreeRefinement_v.rs"
verus succeeded with time: 61753ms, keeping it commented out
commenting out line Lines { lines: 920..=920 } in "./tmp/39/betree/LinkedBranch_v/Refinement_v.rs"
verus succeeded with time: 63791ms, keeping it commented out
commenting out line Lines { lines: 196..=196 } in "./tmp/56/journal/LinkedJournal_v.rs"
verus failed with time: 56458ms, reverting
commenting out line Lines { lines: 159..=159 } in "./tmp/53/disk/GenericDisk_v.rs"
verus succeeded with time: 61498ms, keeping it commented out
commenting out line Lines { lines: 116..=116 } in "./tmp/51/betree/Utils_v.rs"
verus failed with time: 56588ms, reverting
commenting out line Lines { lines: 248..=248 } in "./tmp/47/betree/PivotBranchRefinement_v.rs"
verus succeeded with time: 60354ms, keeping it commented out
commenting out line Lines { lines: 141..=141 } in "./tmp/55/journal/LinkedJournalRefinement_v.rs"
verus succeeded with time: 64017ms, keeping it commented out
commenting out line Lines { lines: 922..=922 } in "./tmp/39/betree/LinkedBranch_v/Refinement_v.rs"
verus succeeded with time: 60259ms, keeping it commented out
commenting out line Lines { lines: 659..=659 } in "./tmp/45/betree/PivotBetreeRefinement_v.rs"
verus succeeded with time: 62116ms, keeping it commented out
commenting out line Lines { lines: 197..=197 } in "./tmp/56/journal/LinkedJournal_v.rs"
verus succeeded with time: 61439ms, keeping it commented out
commenting out line Lines { lines: 160..=160 } in "./tmp/53/disk/GenericDisk_v.rs"
verus succeeded with time: 61642ms, keeping it commented out
commenting out line Lines { lines: 200..=251 } in "./tmp/47/betree/PivotBranchRefinement_v.rs"
verus failed with time: 59143ms, reverting
commenting out line Lines { lines: 118..=118 } in "./tmp/51/betree/Utils_v.rs"
verus succeeded with time: 62436ms, keeping it commented out
commenting out line Lines { lines: 142..=142 } in "./tmp/55/journal/LinkedJournalRefinement_v.rs"
verus succeeded with time: 61241ms, keeping it commented out
commenting out line Lines { lines: 925..=925 } in "./tmp/39/betree/LinkedBranch_v/Refinement_v.rs"
verus succeeded with time: 59875ms, keeping it commented out
commenting out line Lines { lines: 662..=662 } in "./tmp/45/betree/PivotBetreeRefinement_v.rs"
verus succeeded with time: 61195ms, keeping it commented out
commenting out line Lines { lines: 194..=198 } in "./tmp/56/journal/LinkedJournal_v.rs"
verus failed with time: 57510ms, reverting
commenting out line Lines { lines: 166..=166 } in "./tmp/53/disk/GenericDisk_v.rs"
verus failed with time: 56895ms, reverting
commenting out line Lines { lines: 253..=253 } in "./tmp/47/betree/PivotBranchRefinement_v.rs"
verus failed with time: 57373ms, reverting
commenting out line Lines { lines: 119..=119 } in "./tmp/51/betree/Utils_v.rs"
verus succeeded with time: 59642ms, keeping it commented out
commenting out line Lines { lines: 929..=929 } in "./tmp/39/betree/LinkedBranch_v/Refinement_v.rs"
verus failed with time: 56213ms, reverting
commenting out line Lines { lines: 146..=146 } in "./tmp/55/journal/LinkedJournalRefinement_v.rs"
verus succeeded with time: 61597ms, keeping it commented out
commenting out line Lines { lines: 667..=669 } in "./tmp/45/betree/PivotBetreeRefinement_v.rs"
verus failed with time: 57711ms, reverting
commenting out line Lines { lines: 193..=199 } in "./tmp/56/journal/LinkedJournal_v.rs"
verus failed with time: 57317ms, reverting
commenting out line Lines { lines: 167..=167 } in "./tmp/53/disk/GenericDisk_v.rs"
verus succeeded with time: 61710ms, keeping it commented out
commenting out line Lines { lines: 121..=121 } in "./tmp/51/betree/Utils_v.rs"
verus failed with time: 57580ms, reverting
commenting out line Lines { lines: 254..=254 } in "./tmp/47/betree/PivotBranchRefinement_v.rs"
verus succeeded with time: 61928ms, keeping it commented out
commenting out line Lines { lines: 932..=932 } in "./tmp/39/betree/LinkedBranch_v/Refinement_v.rs"
verus failed with time: 56130ms, reverting
commenting out line Lines { lines: 129..=147 } in "./tmp/55/journal/LinkedJournalRefinement_v.rs"
verus failed with time: 56497ms, reverting
commenting out line Lines { lines: 712..=712 } in "./tmp/45/betree/PivotBetreeRefinement_v.rs"
verus failed with time: 56731ms, reverting
commenting out line Lines { lines: 328..=333 } in "./tmp/56/journal/LinkedJournal_v.rs"
verus failed with time: 60910ms, reverting
commenting out line Lines { lines: 169..=169 } in "./tmp/53/disk/GenericDisk_v.rs"
verus succeeded with time: 62195ms, keeping it commented out
commenting out line Lines { lines: 123..=123 } in "./tmp/51/betree/Utils_v.rs"
verus succeeded with time: 61529ms, keeping it commented out
commenting out line Lines { lines: 266..=266 } in "./tmp/47/betree/PivotBranchRefinement_v.rs"
verus succeeded with time: 61698ms, keeping it commented out
commenting out line Lines { lines: 722..=722 } in "./tmp/45/betree/PivotBetreeRefinement_v.rs"
verus failed with time: 57094ms, reverting
commenting out line Lines { lines: 935..=935 } in "./tmp/39/betree/LinkedBranch_v/Refinement_v.rs"
verus succeeded with time: 63521ms, keeping it commented out
commenting out line Lines { lines: 149..=149 } in "./tmp/55/journal/LinkedJournalRefinement_v.rs"
verus succeeded with time: 62699ms, keeping it commented out
commenting out line Lines { lines: 421..=421 } in "./tmp/56/journal/LinkedJournal_v.rs"
verus failed with time: 59218ms, reverting
commenting out line Lines { lines: 171..=171 } in "./tmp/53/disk/GenericDisk_v.rs"
verus failed with time: 57656ms, reverting
commenting out line Lines { lines: 110..=124 } in "./tmp/51/betree/Utils_v.rs"
verus failed with time: 57242ms, reverting
commenting out line Lines { lines: 267..=267 } in "./tmp/47/betree/PivotBranchRefinement_v.rs"
verus succeeded with time: 61709ms, keeping it commented out
commenting out line Lines { lines: 733..=733 } in "./tmp/45/betree/PivotBetreeRefinement_v.rs"
verus failed with time: 58665ms, reverting
commenting out line Lines { lines: 942..=942 } in "./tmp/39/betree/LinkedBranch_v/Refinement_v.rs"
verus succeeded with time: 60994ms, keeping it commented out
commenting out line Lines { lines: 150..=150 } in "./tmp/55/journal/LinkedJournalRefinement_v.rs"
verus succeeded with time: 62579ms, keeping it commented out
commenting out line Lines { lines: 419..=423 } in "./tmp/56/journal/LinkedJournal_v.rs"
verus failed with time: 57875ms, reverting
commenting out line Lines { lines: 172..=172 } in "./tmp/53/disk/GenericDisk_v.rs"
verus succeeded with time: 60959ms, keeping it commented out
commenting out line Lines { lines: 125..=125 } in "./tmp/51/betree/Utils_v.rs"
verus succeeded with time: 60471ms, keeping it commented out
commenting out line Lines { lines: 269..=270 } in "./tmp/47/betree/PivotBranchRefinement_v.rs"
verus succeeded with time: 60596ms, keeping it commented out
commenting out line Lines { lines: 753..=753 } in "./tmp/45/betree/PivotBetreeRefinement_v.rs"
verus succeeded with time: 62852ms, keeping it commented out
commenting out line Lines { lines: 945..=945 } in "./tmp/39/betree/LinkedBranch_v/Refinement_v.rs"
verus succeeded with time: 60306ms, keeping it commented out
commenting out line Lines { lines: 151..=151 } in "./tmp/55/journal/LinkedJournalRefinement_v.rs"
verus succeeded with time: 61572ms, keeping it commented out
commenting out line Lines { lines: 548..=548 } in "./tmp/56/journal/LinkedJournal_v.rs"
verus failed with time: 54023ms, reverting
commenting out line Lines { lines: 154..=175 } in "./tmp/53/disk/GenericDisk_v.rs"
verus failed with time: 54855ms, reverting
commenting out line Lines { lines: 135..=135 } in "./tmp/51/betree/Utils_v.rs"
verus succeeded with time: 59692ms, keeping it commented out
minimization of ./tmp/51/betree/Utils_v.rs is completed
commenting out line Lines { lines: 271..=272 } in "./tmp/47/betree/PivotBranchRefinement_v.rs"
verus succeeded with time: 60023ms, keeping it commented out
commenting out line Lines { lines: 754..=754 } in "./tmp/45/betree/PivotBetreeRefinement_v.rs"
verus failed with time: 58564ms, reverting
commenting out line Lines { lines: 916..=949 } in "./tmp/39/betree/LinkedBranch_v/Refinement_v.rs"
verus failed with time: 55984ms, reverting
commenting out line Lines { lines: 155..=155 } in "./tmp/55/journal/LinkedJournalRefinement_v.rs"
verus succeeded with time: 62262ms, keeping it commented out
commenting out line Lines { lines: 780..=780 } in "./tmp/56/journal/LinkedJournal_v.rs"
verus failed with time: 57095ms, reverting
minimization of ./tmp/56/journal/LinkedJournal_v.rs is completed
commenting out line Lines { lines: 91..=101 } in "./tmp/57/journal/PagedJournalRefinement_v.rs"
verus failed with time: 55170ms, reverting
commenting out line Lines { lines: 176..=176 } in "./tmp/53/disk/GenericDisk_v.rs"
verus succeeded with time: 63366ms, keeping it commented out
commenting out line Lines { lines: 275..=275 } in "./tmp/47/betree/PivotBranchRefinement_v.rs"
verus succeeded with time: 60719ms, keeping it commented out
commenting out line Lines { lines: 756..=756 } in "./tmp/45/betree/PivotBetreeRefinement_v.rs"
verus failed with time: 57128ms, reverting
commenting out line Lines { lines: 950..=950 } in "./tmp/39/betree/LinkedBranch_v/Refinement_v.rs"
verus failed with time: 58986ms, reverting
commenting out line Lines { lines: 157..=157 } in "./tmp/55/journal/LinkedJournalRefinement_v.rs"
verus succeeded with time: 63898ms, keeping it commented out
commenting out line Lines { lines: 151..=158 } in "./tmp/58/journal/PagedJournal_v.rs"
verus failed with time: 54577ms, reverting
commenting out line Lines { lines: 134..=138 } in "./tmp/57/journal/PagedJournalRefinement_v.rs"
verus failed with time: 57804ms, reverting
commenting out line Lines { lines: 191..=191 } in "./tmp/53/disk/GenericDisk_v.rs"
verus succeeded with time: 60318ms, keeping it commented out
commenting out line Lines { lines: 770..=770 } in "./tmp/45/betree/PivotBetreeRefinement_v.rs"
verus failed with time: 57407ms, reverting
commenting out line Lines { lines: 977..=977 } in "./tmp/39/betree/LinkedBranch_v/Refinement_v.rs"
verus failed with time: 56840ms, reverting
commenting out line Lines { lines: 276..=276 } in "./tmp/47/betree/PivotBranchRefinement_v.rs"
verus failed with time: 60020ms, reverting
commenting out line Lines { lines: 158..=158 } in "./tmp/55/journal/LinkedJournalRefinement_v.rs"
verus succeeded with time: 63614ms, keeping it commented out
commenting out line Lines { lines: 187..=187 } in "./tmp/58/journal/PagedJournal_v.rs"
verus succeeded with time: 64772ms, keeping it commented out
commenting out line Lines { lines: 192..=192 } in "./tmp/53/disk/GenericDisk_v.rs"
verus failed with time: 54679ms, reverting
commenting out line Lines { lines: 163..=163 } in "./tmp/57/journal/PagedJournalRefinement_v.rs"
verus succeeded with time: 64498ms, keeping it commented out
commenting out line Lines { lines: 274..=277 } in "./tmp/47/betree/PivotBranchRefinement_v.rs"
verus failed with time: 55820ms, reverting
commenting out line Lines { lines: 771..=771 } in "./tmp/45/betree/PivotBetreeRefinement_v.rs"
verus failed with time: 59324ms, reverting
commenting out line Lines { lines: 978..=978 } in "./tmp/39/betree/LinkedBranch_v/Refinement_v.rs"
verus succeeded with time: 62393ms, keeping it commented out
commenting out line Lines { lines: 159..=159 } in "./tmp/55/journal/LinkedJournalRefinement_v.rs"
verus succeeded with time: 61951ms, keeping it commented out
commenting out line Lines { lines: 190..=190 } in "./tmp/58/journal/PagedJournal_v.rs"
verus succeeded with time: 64952ms, keeping it commented out
minimization of ./tmp/58/journal/PagedJournal_v.rs is completed
minimization of ./tmp/59/spec.rs is completed
minimization of ./tmp/60/spec/AsyncDisk_t.rs is completed
minimization of ./tmp/61/spec/ImplDisk_t.rs is completed
commenting out line Lines { lines: 193..=193 } in "./tmp/53/disk/GenericDisk_v.rs"
verus succeeded with time: 59539ms, keeping it commented out
commenting out line Lines { lines: 280..=280 } in "./tmp/47/betree/PivotBranchRefinement_v.rs"
verus failed with time: 57572ms, reverting
commenting out line Lines { lines: 792..=792 } in "./tmp/45/betree/PivotBetreeRefinement_v.rs"
verus failed with time: 56381ms, reverting
commenting out line Lines { lines: 160..=165 } in "./tmp/57/journal/PagedJournalRefinement_v.rs"
verus succeeded with time: 61899ms, keeping it commented out
commenting out line Lines { lines: 979..=979 } in "./tmp/39/betree/LinkedBranch_v/Refinement_v.rs"
verus succeeded with time: 59751ms, keeping it commented out
commenting out line Lines { lines: 160..=160 } in "./tmp/55/journal/LinkedJournalRefinement_v.rs"
verus succeeded with time: 62318ms, keeping it commented out
commenting out line Lines { lines: 191..=191 } in "./tmp/62/spec/FloatingSeq_t.rs"
verus failed with time: 58538ms, reverting
commenting out line Lines { lines: 813..=813 } in "./tmp/45/betree/PivotBetreeRefinement_v.rs"
verus failed with time: 56943ms, reverting
commenting out line Lines { lines: 194..=194 } in "./tmp/53/disk/GenericDisk_v.rs"
verus succeeded with time: 63102ms, keeping it commented out
commenting out line Lines { lines: 186..=186 } in "./tmp/57/journal/PagedJournalRefinement_v.rs"
verus failed with time: 57724ms, reverting
commenting out line Lines { lines: 281..=281 } in "./tmp/47/betree/PivotBranchRefinement_v.rs"
verus failed with time: 59142ms, reverting
commenting out line Lines { lines: 980..=980 } in "./tmp/39/betree/LinkedBranch_v/Refinement_v.rs"
verus failed with time: 56102ms, reverting
commenting out line Lines { lines: 116..=161 } in "./tmp/55/journal/LinkedJournalRefinement_v.rs"
verus failed with time: 57356ms, reverting
commenting out line Lines { lines: 189..=192 } in "./tmp/62/spec/FloatingSeq_t.rs"
verus failed with time: 59042ms, reverting
commenting out line Lines { lines: 279..=282 } in "./tmp/47/betree/PivotBranchRefinement_v.rs"
verus failed with time: 57980ms, reverting
commenting out line Lines { lines: 825..=825 } in "./tmp/45/betree/PivotBetreeRefinement_v.rs"
verus failed with time: 59420ms, reverting
commenting out line Lines { lines: 256..=256 } in "./tmp/57/journal/PagedJournalRefinement_v.rs"
verus failed with time: 58794ms, reverting
commenting out line Lines { lines: 197..=197 } in "./tmp/53/disk/GenericDisk_v.rs"
verus succeeded with time: 62505ms, keeping it commented out
commenting out line Lines { lines: 845..=845 } in "./tmp/45/betree/PivotBetreeRefinement_v.rs"
verus failed with time: 7412ms, reverting
minimization of ./tmp/45/betree/PivotBetreeRefinement_v.rs is completed
commenting out line Lines { lines: 981..=981 } in "./tmp/39/betree/LinkedBranch_v/Refinement_v.rs"
verus failed with time: 59137ms, reverting
commenting out line Lines { lines: 162..=162 } in "./tmp/55/journal/LinkedJournalRefinement_v.rs"
verus succeeded with time: 61540ms, keeping it commented out
commenting out line Lines { lines: 193..=193 } in "./tmp/62/spec/FloatingSeq_t.rs"
verus succeeded with time: 60884ms, keeping it commented out
commenting out line Lines { lines: 258..=258 } in "./tmp/57/journal/PagedJournalRefinement_v.rs"
verus failed with time: 57479ms, reverting
commenting out line Lines { lines: 316..=316 } in "./tmp/47/betree/PivotBranchRefinement_v.rs"
verus succeeded with time: 62049ms, keeping it commented out
commenting out line Lines { lines: 198..=198 } in "./tmp/53/disk/GenericDisk_v.rs"
verus succeeded with time: 60945ms, keeping it commented out
commenting out line Lines { lines: 982..=982 } in "./tmp/39/betree/LinkedBranch_v/Refinement_v.rs"
verus failed with time: 57986ms, reverting
commenting out line Lines { lines: 124..=124 } in "./tmp/63/spec/KeyType_t.rs"
verus failed with time: 58286ms, reverting
commenting out line Lines { lines: 163..=163 } in "./tmp/55/journal/LinkedJournalRefinement_v.rs"
verus succeeded with time: 61952ms, keeping it commented out
commenting out line Lines { lines: 216..=216 } in "./tmp/62/spec/FloatingSeq_t.rs"
verus failed with time: 59099ms, reverting
commenting out line Lines { lines: 420..=420 } in "./tmp/57/journal/PagedJournalRefinement_v.rs"
verus failed with time: 57173ms, reverting
commenting out line Lines { lines: 992..=992 } in "./tmp/39/betree/LinkedBranch_v/Refinement_v.rs"
verus failed with time: 58487ms, reverting
commenting out line Lines { lines: 323..=323 } in "./tmp/47/betree/PivotBranchRefinement_v.rs"
verus succeeded with time: 62119ms, keeping it commented out
commenting out line Lines { lines: 122..=126 } in "./tmp/63/spec/KeyType_t.rs"
verus failed with time: 58987ms, reverting
commenting out line Lines { lines: 201..=201 } in "./tmp/53/disk/GenericDisk_v.rs"
verus succeeded with time: 61387ms, keeping it commented out
commenting out line Lines { lines: 115..=164 } in "./tmp/55/journal/LinkedJournalRefinement_v.rs"
verus failed with time: 58185ms, reverting
commenting out line Lines { lines: 211..=218 } in "./tmp/62/spec/FloatingSeq_t.rs"
verus failed with time: 57642ms, reverting
minimization of ./tmp/62/spec/FloatingSeq_t.rs is completed
commenting out line Lines { lines: 439..=439 } in "./tmp/57/journal/PagedJournalRefinement_v.rs"
verus failed with time: 60067ms, reverting
commenting out line Lines { lines: 994..=994 } in "./tmp/39/betree/LinkedBranch_v/Refinement_v.rs"
verus failed with time: 57813ms, reverting
commenting out line Lines { lines: 135..=135 } in "./tmp/63/spec/KeyType_t.rs"
verus failed with time: 59210ms, reverting
commenting out line Lines { lines: 203..=203 } in "./tmp/53/disk/GenericDisk_v.rs"
verus failed with time: 58512ms, reverting
commenting out line Lines { lines: 327..=327 } in "./tmp/47/betree/PivotBranchRefinement_v.rs"
verus succeeded with time: 63331ms, keeping it commented out
commenting out line Lines { lines: 181..=181 } in "./tmp/55/journal/LinkedJournalRefinement_v.rs"
verus succeeded with time: 62062ms, keeping it commented out
commenting out line Lines { lines: 170..=170 } in "./tmp/64/spec/MapSpec_t.rs"
verus succeeded with time: 63324ms, keeping it commented out
minimization of ./tmp/64/spec/MapSpec_t.rs is completed
minimization of ./tmp/65/spec/Messages_t.rs is completed
commenting out line Lines { lines: 468..=468 } in "./tmp/57/journal/PagedJournalRefinement_v.rs"
verus failed with time: 57237ms, reverting
commenting out line Lines { lines: 996..=996 } in "./tmp/39/betree/LinkedBranch_v/Refinement_v.rs"
verus succeeded with time: 59873ms, keeping it commented out
commenting out line Lines { lines: 137..=137 } in "./tmp/63/spec/KeyType_t.rs"
verus succeeded with time: 60634ms, keeping it commented out
commenting out line Lines { lines: 204..=204 } in "./tmp/53/disk/GenericDisk_v.rs"
verus succeeded with time: 61869ms, keeping it commented out
commenting out line Lines { lines: 332..=332 } in "./tmp/47/betree/PivotBranchRefinement_v.rs"
verus succeeded with time: 60636ms, keeping it commented out
commenting out line Lines { lines: 183..=183 } in "./tmp/55/journal/LinkedJournalRefinement_v.rs"
verus failed with time: 55324ms, reverting
commenting out line Lines { lines: 75..=79 } in "./tmp/66/spec/TotalKMMap_t.rs"
verus failed with time: 55223ms, reverting
minimization of ./tmp/66/spec/TotalKMMap_t.rs is completed
minimization of ./tmp/67/exec.rs is completed
commenting out line Lines { lines: 484..=484 } in "./tmp/57/journal/PagedJournalRefinement_v.rs"
verus failed with time: 54396ms, reverting
commenting out line Lines { lines: 133..=139 } in "./tmp/63/spec/KeyType_t.rs"
verus failed with time: 58433ms, reverting
commenting out line Lines { lines: 998..=998 } in "./tmp/39/betree/LinkedBranch_v/Refinement_v.rs"
verus succeeded with time: 62429ms, keeping it commented out
commenting out line Lines { lines: 205..=205 } in "./tmp/53/disk/GenericDisk_v.rs"
verus succeeded with time: 62476ms, keeping it commented out
commenting out line Lines { lines: 334..=334 } in "./tmp/47/betree/PivotBranchRefinement_v.rs"
verus succeeded with time: 63088ms, keeping it commented out
commenting out line Lines { lines: 193..=193 } in "./tmp/55/journal/LinkedJournalRefinement_v.rs"
verus succeeded with time: 60210ms, keeping it commented out
commenting out line Lines { lines: 510..=510 } in "./tmp/57/journal/PagedJournalRefinement_v.rs"
verus failed with time: 54772ms, reverting
commenting out line Lines { lines: 69..=69 } in "./tmp/68/exec/MiniAllocator_v.rs"
verus succeeded with time: 60942ms, keeping it commented out
commenting out line Lines { lines: 1001..=1001 } in "./tmp/39/betree/LinkedBranch_v/Refinement_v.rs"
verus succeeded with time: 56871ms, keeping it commented out
commenting out line Lines { lines: 202..=202 } in "./tmp/63/spec/KeyType_t.rs"
verus succeeded with time: 59232ms, keeping it commented out
commenting out line Lines { lines: 337..=337 } in "./tmp/47/betree/PivotBranchRefinement_v.rs"
verus failed with time: 54214ms, reverting
commenting out line Lines { lines: 206..=206 } in "./tmp/53/disk/GenericDisk_v.rs"
verus succeeded with time: 63143ms, keeping it commented out
commenting out line Lines { lines: 514..=514 } in "./tmp/57/journal/PagedJournalRefinement_v.rs"
verus failed with time: 57261ms, reverting
commenting out line Lines { lines: 82..=82 } in "./tmp/68/exec/MiniAllocator_v.rs"
verus failed with time: 57673ms, reverting
commenting out line Lines { lines: 194..=194 } in "./tmp/55/journal/LinkedJournalRefinement_v.rs"
verus succeeded with time: 61890ms, keeping it commented out
commenting out line Lines { lines: 988..=1003 } in "./tmp/39/betree/LinkedBranch_v/Refinement_v.rs"
verus failed with time: 53614ms, reverting
commenting out line Lines { lines: 203..=203 } in "./tmp/63/spec/KeyType_t.rs"
verus succeeded with time: 63152ms, keeping it commented out
commenting out line Lines { lines: 340..=340 } in "./tmp/47/betree/PivotBranchRefinement_v.rs"
verus succeeded with time: 61582ms, keeping it commented out
commenting out line Lines { lines: 208..=208 } in "./tmp/53/disk/GenericDisk_v.rs"
verus failed with time: 56186ms, reverting
commenting out line Lines { lines: 524..=524 } in "./tmp/57/journal/PagedJournalRefinement_v.rs"
verus failed with time: 55362ms, reverting
commenting out line Lines { lines: 91..=91 } in "./tmp/68/exec/MiniAllocator_v.rs"
verus failed with time: 56525ms, reverting
commenting out line Lines { lines: 184..=195 } in "./tmp/55/journal/LinkedJournalRefinement_v.rs"
verus failed with time: 58103ms, reverting
commenting out line Lines { lines: 526..=526 } in "./tmp/57/journal/PagedJournalRefinement_v.rs"
verus failed with time: 7782ms, reverting
minimization of ./tmp/57/journal/PagedJournalRefinement_v.rs is completed
commenting out line Lines { lines: 984..=1004 } in "./tmp/39/betree/LinkedBranch_v/Refinement_v.rs"
verus failed with time: 53771ms, reverting
commenting out line Lines { lines: 207..=207 } in "./tmp/63/spec/KeyType_t.rs"
verus succeeded with time: 58980ms, keeping it commented out
commenting out line Lines { lines: 343..=343 } in "./tmp/47/betree/PivotBranchRefinement_v.rs"
verus succeeded with time: 58704ms, keeping it commented out
commenting out line Lines { lines: 209..=209 } in "./tmp/53/disk/GenericDisk_v.rs"
verus succeeded with time: 58120ms, keeping it commented out
commenting out line Lines { lines: 216..=216 } in "./tmp/55/journal/LinkedJournalRefinement_v.rs"
verus failed with time: 48132ms, reverting
commenting out line Lines { lines: 172..=172 } in "./tmp/68/exec/MiniAllocator_v.rs"
verus failed with time: 50529ms, reverting
commenting out line Lines { lines: 1020..=1020 } in "./tmp/39/betree/LinkedBranch_v/Refinement_v.rs"
verus failed with time: 50445ms, reverting
commenting out line Lines { lines: 209..=209 } in "./tmp/63/spec/KeyType_t.rs"
verus succeeded with time: 54933ms, keeping it commented out
commenting out line Lines { lines: 187..=211 } in "./tmp/53/disk/GenericDisk_v.rs"
verus failed with time: 52661ms, reverting
commenting out line Lines { lines: 344..=344 } in "./tmp/47/betree/PivotBranchRefinement_v.rs"
verus succeeded with time: 55182ms, keeping it commented out
commenting out line Lines { lines: 223..=223 } in "./tmp/55/journal/LinkedJournalRefinement_v.rs"
verus succeeded with time: 54397ms, keeping it commented out
commenting out line Lines { lines: 175..=175 } in "./tmp/68/exec/MiniAllocator_v.rs"
verus succeeded with time: 56674ms, keeping it commented out
commenting out line Lines { lines: 1039..=1039 } in "./tmp/39/betree/LinkedBranch_v/Refinement_v.rs"
verus failed with time: 51277ms, reverting
commenting out line Lines { lines: 210..=210 } in "./tmp/63/spec/KeyType_t.rs"
verus succeeded with time: 52884ms, keeping it commented out
commenting out line Lines { lines: 212..=212 } in "./tmp/53/disk/GenericDisk_v.rs"
verus succeeded with time: 53187ms, keeping it commented out
minimization of ./tmp/53/disk/GenericDisk_v.rs is completed
commenting out line Lines { lines: 346..=346 } in "./tmp/47/betree/PivotBranchRefinement_v.rs"
verus succeeded with time: 54644ms, keeping it commented out
commenting out line Lines { lines: 225..=225 } in "./tmp/55/journal/LinkedJournalRefinement_v.rs"
verus failed with time: 50372ms, reverting
commenting out line Lines { lines: 191..=191 } in "./tmp/68/exec/MiniAllocator_v.rs"
verus failed with time: 50891ms, reverting
minimization of ./tmp/68/exec/MiniAllocator_v.rs is completed
commenting out line Lines { lines: 1040..=1040 } in "./tmp/39/betree/LinkedBranch_v/Refinement_v.rs"
verus succeeded with time: 54718ms, keeping it commented out
commenting out line Lines { lines: 215..=215 } in "./tmp/63/spec/KeyType_t.rs"
verus succeeded with time: 49807ms, keeping it commented out
commenting out line Lines { lines: 349..=349 } in "./tmp/47/betree/PivotBranchRefinement_v.rs"
verus succeeded with time: 50734ms, keeping it commented out
commenting out line Lines { lines: 226..=226 } in "./tmp/55/journal/LinkedJournalRefinement_v.rs"
verus succeeded with time: 49387ms, keeping it commented out
commenting out line Lines { lines: 1042..=1042 } in "./tmp/39/betree/LinkedBranch_v/Refinement_v.rs"
verus failed with time: 44647ms, reverting
commenting out line Lines { lines: 216..=216 } in "./tmp/63/spec/KeyType_t.rs"
verus succeeded with time: 48756ms, keeping it commented out
commenting out line Lines { lines: 350..=350 } in "./tmp/47/betree/PivotBranchRefinement_v.rs"
verus succeeded with time: 48206ms, keeping it commented out
commenting out line Lines { lines: 245..=245 } in "./tmp/55/journal/LinkedJournalRefinement_v.rs"
verus failed with time: 44684ms, reverting
commenting out line Lines { lines: 1043..=1043 } in "./tmp/39/betree/LinkedBranch_v/Refinement_v.rs"
verus succeeded with time: 47713ms, keeping it commented out
commenting out line Lines { lines: 263..=266 } in "./tmp/63/spec/KeyType_t.rs"
verus succeeded with time: 49263ms, keeping it commented out
commenting out line Lines { lines: 352..=352 } in "./tmp/47/betree/PivotBranchRefinement_v.rs"
verus succeeded with time: 50557ms, keeping it commented out
commenting out line Lines { lines: 246..=246 } in "./tmp/55/journal/LinkedJournalRefinement_v.rs"
verus failed with time: 44181ms, reverting
commenting out line Lines { lines: 1063..=1063 } in "./tmp/39/betree/LinkedBranch_v/Refinement_v.rs"
verus failed with time: 43617ms, reverting
commenting out line Lines { lines: 283..=286 } in "./tmp/63/spec/KeyType_t.rs"
verus succeeded with time: 48247ms, keeping it commented out
commenting out line Lines { lines: 353..=353 } in "./tmp/47/betree/PivotBranchRefinement_v.rs"
verus succeeded with time: 48510ms, keeping it commented out
commenting out line Lines { lines: 263..=263 } in "./tmp/55/journal/LinkedJournalRefinement_v.rs"
verus succeeded with time: 48287ms, keeping it commented out
commenting out line Lines { lines: 1087..=1087 } in "./tmp/39/betree/LinkedBranch_v/Refinement_v.rs"
verus succeeded with time: 47869ms, keeping it commented out
commenting out line Lines { lines: 317..=317 } in "./tmp/63/spec/KeyType_t.rs"
verus failed with time: 44979ms, reverting
commenting out line Lines { lines: 354..=354 } in "./tmp/47/betree/PivotBranchRefinement_v.rs"
verus succeeded with time: 48574ms, keeping it commented out
commenting out line Lines { lines: 266..=266 } in "./tmp/55/journal/LinkedJournalRefinement_v.rs"
verus succeeded with time: 47535ms, keeping it commented out
commenting out line Lines { lines: 1093..=1093 } in "./tmp/39/betree/LinkedBranch_v/Refinement_v.rs"
verus succeeded with time: 48561ms, keeping it commented out
commenting out line Lines { lines: 312..=319 } in "./tmp/63/spec/KeyType_t.rs"
verus failed with time: 44414ms, reverting
commenting out line Lines { lines: 355..=355 } in "./tmp/47/betree/PivotBranchRefinement_v.rs"
verus succeeded with time: 47968ms, keeping it commented out
commenting out line Lines { lines: 301..=301 } in "./tmp/55/journal/LinkedJournalRefinement_v.rs"
verus succeeded with time: 48262ms, keeping it commented out
commenting out line Lines { lines: 1094..=1094 } in "./tmp/39/betree/LinkedBranch_v/Refinement_v.rs"
verus failed with time: 45180ms, reverting
commenting out line Lines { lines: 347..=347 } in "./tmp/63/spec/KeyType_t.rs"
verus failed with time: 43162ms, reverting
commenting out line Lines { lines: 321..=356 } in "./tmp/47/betree/PivotBranchRefinement_v.rs"
verus failed with time: 45155ms, reverting
commenting out line Lines { lines: 342..=342 } in "./tmp/55/journal/LinkedJournalRefinement_v.rs"
verus failed with time: 45071ms, reverting
commenting out line Lines { lines: 1133..=1133 } in "./tmp/39/betree/LinkedBranch_v/Refinement_v.rs"
verus failed with time: 44733ms, reverting
commenting out line Lines { lines: 348..=348 } in "./tmp/63/spec/KeyType_t.rs"
verus succeeded with time: 49622ms, keeping it commented out
commenting out line Lines { lines: 380..=380 } in "./tmp/55/journal/LinkedJournalRefinement_v.rs"
verus succeeded with time: 48275ms, keeping it commented out
commenting out line Lines { lines: 358..=358 } in "./tmp/47/betree/PivotBranchRefinement_v.rs"
verus succeeded with time: 49546ms, keeping it commented out
commenting out line Lines { lines: 1143..=1143 } in "./tmp/39/betree/LinkedBranch_v/Refinement_v.rs"
verus succeeded with time: 49975ms, keeping it commented out
commenting out line Lines { lines: 355..=355 } in "./tmp/63/spec/KeyType_t.rs"
verus failed with time: 43480ms, reverting
commenting out line Lines { lines: 399..=399 } in "./tmp/55/journal/LinkedJournalRefinement_v.rs"
verus succeeded with time: 50028ms, keeping it commented out
commenting out line Lines { lines: 378..=378 } in "./tmp/47/betree/PivotBranchRefinement_v.rs"
verus succeeded with time: 49544ms, keeping it commented out
commenting out line Lines { lines: 1140..=1144 } in "./tmp/39/betree/LinkedBranch_v/Refinement_v.rs"
verus failed with time: 45379ms, reverting
commenting out line Lines { lines: 353..=356 } in "./tmp/63/spec/KeyType_t.rs"
verus failed with time: 44079ms, reverting
commenting out line Lines { lines: 389..=389 } in "./tmp/47/betree/PivotBranchRefinement_v.rs"
verus succeeded with time: 47773ms, keeping it commented out
commenting out line Lines { lines: 401..=401 } in "./tmp/55/journal/LinkedJournalRefinement_v.rs"
verus succeeded with time: 48743ms, keeping it commented out
commenting out line Lines { lines: 1171..=1171 } in "./tmp/39/betree/LinkedBranch_v/Refinement_v.rs"
verus succeeded with time: 48792ms, keeping it commented out
commenting out line Lines { lines: 360..=360 } in "./tmp/63/spec/KeyType_t.rs"
verus failed with time: 44192ms, reverting
commenting out line Lines { lines: 390..=390 } in "./tmp/47/betree/PivotBranchRefinement_v.rs"
verus failed with time: 45124ms, reverting
commenting out line Lines { lines: 440..=440 } in "./tmp/55/journal/LinkedJournalRefinement_v.rs"
verus failed with time: 44893ms, reverting
commenting out line Lines { lines: 1174..=1174 } in "./tmp/39/betree/LinkedBranch_v/Refinement_v.rs"
verus failed with time: 44184ms, reverting
commenting out line Lines { lines: 361..=361 } in "./tmp/63/spec/KeyType_t.rs"
verus succeeded with time: 48826ms, keeping it commented out
commenting out line Lines { lines: 450..=450 } in "./tmp/55/journal/LinkedJournalRefinement_v.rs"
verus failed with time: 44098ms, reverting
commenting out line Lines { lines: 393..=393 } in "./tmp/47/betree/PivotBranchRefinement_v.rs"
verus succeeded with time: 48126ms, keeping it commented out
commenting out line Lines { lines: 1175..=1175 } in "./tmp/39/betree/LinkedBranch_v/Refinement_v.rs"
verus failed with time: 44027ms, reverting
commenting out line Lines { lines: 363..=363 } in "./tmp/63/spec/KeyType_t.rs"
verus succeeded with time: 47493ms, keeping it commented out
commenting out line Lines { lines: 463..=463 } in "./tmp/55/journal/LinkedJournalRefinement_v.rs"
verus succeeded with time: 49350ms, keeping it commented out
commenting out line Lines { lines: 394..=394 } in "./tmp/47/betree/PivotBranchRefinement_v.rs"
verus succeeded with time: 49292ms, keeping it commented out
commenting out line Lines { lines: 1176..=1176 } in "./tmp/39/betree/LinkedBranch_v/Refinement_v.rs"
verus succeeded with time: 48460ms, keeping it commented out
commenting out line Lines { lines: 364..=364 } in "./tmp/63/spec/KeyType_t.rs"
verus succeeded with time: 47620ms, keeping it commented out
commenting out line Lines { lines: 476..=476 } in "./tmp/55/journal/LinkedJournalRefinement_v.rs"
verus failed with time: 44061ms, reverting
commenting out line Lines { lines: 1182..=1182 } in "./tmp/39/betree/LinkedBranch_v/Refinement_v.rs"
verus failed with time: 45215ms, reverting
commenting out line Lines { lines: 397..=397 } in "./tmp/47/betree/PivotBranchRefinement_v.rs"
verus succeeded with time: 48401ms, keeping it commented out
commenting out line Lines { lines: 366..=366 } in "./tmp/63/spec/KeyType_t.rs"
verus succeeded with time: 46862ms, keeping it commented out
commenting out line Lines { lines: 556..=557 } in "./tmp/55/journal/LinkedJournalRefinement_v.rs"
verus failed with time: 46467ms, reverting
commenting out line Lines { lines: 1183..=1183 } in "./tmp/39/betree/LinkedBranch_v/Refinement_v.rs"
verus succeeded with time: 50598ms, keeping it commented out
commenting out line Lines { lines: 399..=399 } in "./tmp/47/betree/PivotBranchRefinement_v.rs"
verus succeeded with time: 49534ms, keeping it commented out
commenting out line Lines { lines: 368..=368 } in "./tmp/63/spec/KeyType_t.rs"
verus succeeded with time: 48007ms, keeping it commented out
commenting out line Lines { lines: 606..=617 } in "./tmp/55/journal/LinkedJournalRefinement_v.rs"
verus failed with time: 44369ms, reverting
commenting out line Lines { lines: 1184..=1184 } in "./tmp/39/betree/LinkedBranch_v/Refinement_v.rs"
verus failed with time: 45416ms, reverting
commenting out line Lines { lines: 400..=400 } in "./tmp/47/betree/PivotBranchRefinement_v.rs"
verus succeeded with time: 49118ms, keeping it commented out
commenting out line Lines { lines: 369..=369 } in "./tmp/63/spec/KeyType_t.rs"
verus succeeded with time: 49630ms, keeping it commented out
commenting out line Lines { lines: 621..=626 } in "./tmp/55/journal/LinkedJournalRefinement_v.rs"
verus failed with time: 43756ms, reverting
commenting out line Lines { lines: 1185..=1185 } in "./tmp/39/betree/LinkedBranch_v/Refinement_v.rs"
verus succeeded with time: 47243ms, keeping it commented out
commenting out line Lines { lines: 404..=404 } in "./tmp/47/betree/PivotBranchRefinement_v.rs"
verus succeeded with time: 49210ms, keeping it commented out
commenting out line Lines { lines: 370..=370 } in "./tmp/63/spec/KeyType_t.rs"
verus failed with time: 43723ms, reverting
minimization of ./tmp/63/spec/KeyType_t.rs is completed
commenting out line Lines { lines: 634..=634 } in "./tmp/55/journal/LinkedJournalRefinement_v.rs"
verus failed with time: 44251ms, reverting
commenting out line Lines { lines: 1186..=1186 } in "./tmp/39/betree/LinkedBranch_v/Refinement_v.rs"
verus succeeded with time: 46606ms, keeping it commented out
commenting out line Lines { lines: 408..=408 } in "./tmp/47/betree/PivotBranchRefinement_v.rs"
verus succeeded with time: 47280ms, keeping it commented out
commenting out line Lines { lines: 688..=688 } in "./tmp/55/journal/LinkedJournalRefinement_v.rs"
verus succeeded with time: 45160ms, keeping it commented out
commenting out line Lines { lines: 1187..=1187 } in "./tmp/39/betree/LinkedBranch_v/Refinement_v.rs"
verus succeeded with time: 45880ms, keeping it commented out
commenting out line Lines { lines: 410..=410 } in "./tmp/47/betree/PivotBranchRefinement_v.rs"
verus succeeded with time: 46968ms, keeping it commented out
commenting out line Lines { lines: 722..=722 } in "./tmp/55/journal/LinkedJournalRefinement_v.rs"
verus failed with time: 42071ms, reverting
commenting out line Lines { lines: 1188..=1188 } in "./tmp/39/betree/LinkedBranch_v/Refinement_v.rs"
verus failed with time: 42435ms, reverting
commenting out line Lines { lines: 411..=411 } in "./tmp/47/betree/PivotBranchRefinement_v.rs"
verus succeeded with time: 46500ms, keeping it commented out
commenting out line Lines { lines: 767..=767 } in "./tmp/55/journal/LinkedJournalRefinement_v.rs"
verus failed with time: 41644ms, reverting
commenting out line Lines { lines: 1189..=1189 } in "./tmp/39/betree/LinkedBranch_v/Refinement_v.rs"
verus succeeded with time: 46742ms, keeping it commented out
commenting out line Lines { lines: 413..=413 } in "./tmp/47/betree/PivotBranchRefinement_v.rs"
verus succeeded with time: 46261ms, keeping it commented out
commenting out line Lines { lines: 794..=794 } in "./tmp/55/journal/LinkedJournalRefinement_v.rs"
verus failed with time: 41181ms, reverting
commenting out line Lines { lines: 1192..=1192 } in "./tmp/39/betree/LinkedBranch_v/Refinement_v.rs"
verus failed with time: 42136ms, reverting
commenting out line Lines { lines: 800..=800 } in "./tmp/55/journal/LinkedJournalRefinement_v.rs"
verus failed with time: 41644ms, reverting
commenting out line Lines { lines: 414..=414 } in "./tmp/47/betree/PivotBranchRefinement_v.rs"
verus succeeded with time: 46999ms, keeping it commented out
commenting out line Lines { lines: 1220..=1220 } in "./tmp/39/betree/LinkedBranch_v/Refinement_v.rs"
verus succeeded with time: 46697ms, keeping it commented out
commenting out line Lines { lines: 803..=803 } in "./tmp/55/journal/LinkedJournalRefinement_v.rs"
verus failed with time: 40993ms, reverting
commenting out line Lines { lines: 416..=416 } in "./tmp/47/betree/PivotBranchRefinement_v.rs"
verus succeeded with time: 45868ms, keeping it commented out
commenting out line Lines { lines: 1226..=1226 } in "./tmp/39/betree/LinkedBranch_v/Refinement_v.rs"
verus failed with time: 41788ms, reverting
commenting out line Lines { lines: 810..=810 } in "./tmp/55/journal/LinkedJournalRefinement_v.rs"
verus failed with time: 43248ms, reverting
commenting out line Lines { lines: 417..=417 } in "./tmp/47/betree/PivotBranchRefinement_v.rs"
verus succeeded with time: 46952ms, keeping it commented out
commenting out line Lines { lines: 1227..=1227 } in "./tmp/39/betree/LinkedBranch_v/Refinement_v.rs"
verus succeeded with time: 46154ms, keeping it commented out
commenting out line Lines { lines: 813..=813 } in "./tmp/55/journal/LinkedJournalRefinement_v.rs"
verus failed with time: 40777ms, reverting
commenting out line Lines { lines: 815..=815 } in "./tmp/55/journal/LinkedJournalRefinement_v.rs"
verus failed with time: 6521ms, reverting
minimization of ./tmp/55/journal/LinkedJournalRefinement_v.rs is completed
commenting out line Lines { lines: 424..=424 } in "./tmp/47/betree/PivotBranchRefinement_v.rs"
verus succeeded with time: 45276ms, keeping it commented out
commenting out line Lines { lines: 1231..=1231 } in "./tmp/39/betree/LinkedBranch_v/Refinement_v.rs"
verus succeeded with time: 43638ms, keeping it commented out
commenting out line Lines { lines: 422..=426 } in "./tmp/47/betree/PivotBranchRefinement_v.rs"
verus succeeded with time: 42918ms, keeping it commented out
commenting out line Lines { lines: 1235..=1235 } in "./tmp/39/betree/LinkedBranch_v/Refinement_v.rs"
verus failed with time: 39997ms, reverting
commenting out line Lines { lines: 427..=427 } in "./tmp/47/betree/PivotBranchRefinement_v.rs"
verus succeeded with time: 43870ms, keeping it commented out
commenting out line Lines { lines: 1237..=1237 } in "./tmp/39/betree/LinkedBranch_v/Refinement_v.rs"
verus failed with time: 40210ms, reverting
commenting out line Lines { lines: 429..=429 } in "./tmp/47/betree/PivotBranchRefinement_v.rs"
verus succeeded with time: 44023ms, keeping it commented out
commenting out line Lines { lines: 1234..=1239 } in "./tmp/39/betree/LinkedBranch_v/Refinement_v.rs"
verus failed with time: 40246ms, reverting
commenting out line Lines { lines: 430..=430 } in "./tmp/47/betree/PivotBranchRefinement_v.rs"
verus succeeded with time: 43306ms, keeping it commented out
commenting out line Lines { lines: 1242..=1242 } in "./tmp/39/betree/LinkedBranch_v/Refinement_v.rs"
verus failed with time: 39930ms, reverting
commenting out line Lines { lines: 432..=432 } in "./tmp/47/betree/PivotBranchRefinement_v.rs"
verus succeeded with time: 43517ms, keeping it commented out
commenting out line Lines { lines: 1244..=1244 } in "./tmp/39/betree/LinkedBranch_v/Refinement_v.rs"
verus failed with time: 40466ms, reverting
commenting out line Lines { lines: 433..=433 } in "./tmp/47/betree/PivotBranchRefinement_v.rs"
verus succeeded with time: 43005ms, keeping it commented out
commenting out line Lines { lines: 1241..=1246 } in "./tmp/39/betree/LinkedBranch_v/Refinement_v.rs"
verus failed with time: 39909ms, reverting
commenting out line Lines { lines: 383..=435 } in "./tmp/47/betree/PivotBranchRefinement_v.rs"
verus failed with time: 41280ms, reverting
commenting out line Lines { lines: 1247..=1247 } in "./tmp/39/betree/LinkedBranch_v/Refinement_v.rs"
verus succeeded with time: 44888ms, keeping it commented out
commenting out line Lines { lines: 437..=437 } in "./tmp/47/betree/PivotBranchRefinement_v.rs"
verus succeeded with time: 43405ms, keeping it commented out
commenting out line Lines { lines: 1250..=1250 } in "./tmp/39/betree/LinkedBranch_v/Refinement_v.rs"
verus succeeded with time: 44598ms, keeping it commented out
commenting out line Lines { lines: 483..=483 } in "./tmp/47/betree/PivotBranchRefinement_v.rs"
verus failed with time: 40822ms, reverting
commenting out line Lines { lines: 1278..=1278 } in "./tmp/39/betree/LinkedBranch_v/Refinement_v.rs"
verus succeeded with time: 44748ms, keeping it commented out
commenting out line Lines { lines: 484..=484 } in "./tmp/47/betree/PivotBranchRefinement_v.rs"
verus succeeded with time: 43566ms, keeping it commented out
commenting out line Lines { lines: 1280..=1280 } in "./tmp/39/betree/LinkedBranch_v/Refinement_v.rs"
verus succeeded with time: 43478ms, keeping it commented out
commenting out line Lines { lines: 516..=516 } in "./tmp/47/betree/PivotBranchRefinement_v.rs"
verus succeeded with time: 43929ms, keeping it commented out
commenting out line Lines { lines: 1281..=1281 } in "./tmp/39/betree/LinkedBranch_v/Refinement_v.rs"
verus failed with time: 40050ms, reverting
commenting out line Lines { lines: 517..=517 } in "./tmp/47/betree/PivotBranchRefinement_v.rs"
verus succeeded with time: 43888ms, keeping it commented out
commenting out line Lines { lines: 1282..=1282 } in "./tmp/39/betree/LinkedBranch_v/Refinement_v.rs"
verus failed with time: 41100ms, reverting
commenting out line Lines { lines: 522..=522 } in "./tmp/47/betree/PivotBranchRefinement_v.rs"
verus failed with time: 40858ms, reverting
commenting out line Lines { lines: 1286..=1286 } in "./tmp/39/betree/LinkedBranch_v/Refinement_v.rs"
verus succeeded with time: 43739ms, keeping it commented out
commenting out line Lines { lines: 523..=523 } in "./tmp/47/betree/PivotBranchRefinement_v.rs"
verus failed with time: 40752ms, reverting
commenting out line Lines { lines: 1287..=1287 } in "./tmp/39/betree/LinkedBranch_v/Refinement_v.rs"
verus failed with time: 40936ms, reverting
commenting out line Lines { lines: 526..=526 } in "./tmp/47/betree/PivotBranchRefinement_v.rs"
verus succeeded with time: 43806ms, keeping it commented out
commenting out line Lines { lines: 1288..=1288 } in "./tmp/39/betree/LinkedBranch_v/Refinement_v.rs"
verus failed with time: 40806ms, reverting
commenting out line Lines { lines: 528..=528 } in "./tmp/47/betree/PivotBranchRefinement_v.rs"
verus succeeded with time: 44679ms, keeping it commented out
commenting out line Lines { lines: 1289..=1289 } in "./tmp/39/betree/LinkedBranch_v/Refinement_v.rs"
verus succeeded with time: 44188ms, keeping it commented out
commenting out line Lines { lines: 529..=529 } in "./tmp/47/betree/PivotBranchRefinement_v.rs"
verus succeeded with time: 44271ms, keeping it commented out
commenting out line Lines { lines: 1293..=1293 } in "./tmp/39/betree/LinkedBranch_v/Refinement_v.rs"
verus succeeded with time: 43545ms, keeping it commented out
commenting out line Lines { lines: 1294..=1294 } in "./tmp/39/betree/LinkedBranch_v/Refinement_v.rs"
verus failed with time: 41578ms, reverting
commenting out line Lines { lines: 530..=530 } in "./tmp/47/betree/PivotBranchRefinement_v.rs"
verus succeeded with time: 45007ms, keeping it commented out
commenting out line Lines { lines: 1295..=1295 } in "./tmp/39/betree/LinkedBranch_v/Refinement_v.rs"
verus succeeded with time: 44270ms, keeping it commented out
commenting out line Lines { lines: 531..=531 } in "./tmp/47/betree/PivotBranchRefinement_v.rs"
verus succeeded with time: 44322ms, keeping it commented out
commenting out line Lines { lines: 1301..=1301 } in "./tmp/39/betree/LinkedBranch_v/Refinement_v.rs"
verus succeeded with time: 43686ms, keeping it commented out
commenting out line Lines { lines: 537..=537 } in "./tmp/47/betree/PivotBranchRefinement_v.rs"
verus succeeded with time: 44222ms, keeping it commented out
commenting out line Lines { lines: 1303..=1303 } in "./tmp/39/betree/LinkedBranch_v/Refinement_v.rs"
verus succeeded with time: 44372ms, keeping it commented out
commenting out line Lines { lines: 540..=540 } in "./tmp/47/betree/PivotBranchRefinement_v.rs"
verus succeeded with time: 43742ms, keeping it commented out
commenting out line Lines { lines: 1305..=1305 } in "./tmp/39/betree/LinkedBranch_v/Refinement_v.rs"
verus failed with time: 40939ms, reverting
commenting out line Lines { lines: 541..=541 } in "./tmp/47/betree/PivotBranchRefinement_v.rs"
verus failed with time: 41806ms, reverting
commenting out line Lines { lines: 1306..=1306 } in "./tmp/39/betree/LinkedBranch_v/Refinement_v.rs"
verus succeeded with time: 44619ms, keeping it commented out
commenting out line Lines { lines: 542..=542 } in "./tmp/47/betree/PivotBranchRefinement_v.rs"
verus failed with time: 42086ms, reverting
commenting out line Lines { lines: 544..=544 } in "./tmp/47/betree/PivotBranchRefinement_v.rs"
verus failed with time: 41225ms, reverting
commenting out line Lines { lines: 1308..=1308 } in "./tmp/39/betree/LinkedBranch_v/Refinement_v.rs"
verus succeeded with time: 44415ms, keeping it commented out
commenting out line Lines { lines: 546..=546 } in "./tmp/47/betree/PivotBranchRefinement_v.rs"
verus succeeded with time: 44137ms, keeping it commented out
commenting out line Lines { lines: 1335..=1335 } in "./tmp/39/betree/LinkedBranch_v/Refinement_v.rs"
verus succeeded with time: 44343ms, keeping it commented out
commenting out line Lines { lines: 548..=548 } in "./tmp/47/betree/PivotBranchRefinement_v.rs"
verus succeeded with time: 42980ms, keeping it commented out
commenting out line Lines { lines: 1342..=1342 } in "./tmp/39/betree/LinkedBranch_v/Refinement_v.rs"
verus succeeded with time: 43702ms, keeping it commented out
commenting out line Lines { lines: 534..=550 } in "./tmp/47/betree/PivotBranchRefinement_v.rs"
verus failed with time: 41058ms, reverting
commenting out line Lines { lines: 1343..=1343 } in "./tmp/39/betree/LinkedBranch_v/Refinement_v.rs"
verus succeeded with time: 44734ms, keeping it commented out
commenting out line Lines { lines: 557..=557 } in "./tmp/47/betree/PivotBranchRefinement_v.rs"
verus failed with time: 41456ms, reverting
commenting out line Lines { lines: 1344..=1344 } in "./tmp/39/betree/LinkedBranch_v/Refinement_v.rs"
verus succeeded with time: 44058ms, keeping it commented out
commenting out line Lines { lines: 559..=559 } in "./tmp/47/betree/PivotBranchRefinement_v.rs"
verus succeeded with time: 43670ms, keeping it commented out
commenting out line Lines { lines: 1347..=1347 } in "./tmp/39/betree/LinkedBranch_v/Refinement_v.rs"
verus failed with time: 40455ms, reverting
commenting out line Lines { lines: 560..=560 } in "./tmp/47/betree/PivotBranchRefinement_v.rs"
verus succeeded with time: 42590ms, keeping it commented out
commenting out line Lines { lines: 1348..=1348 } in "./tmp/39/betree/LinkedBranch_v/Refinement_v.rs"
verus succeeded with time: 43001ms, keeping it commented out
commenting out line Lines { lines: 565..=565 } in "./tmp/47/betree/PivotBranchRefinement_v.rs"
verus failed with time: 40780ms, reverting
commenting out line Lines { lines: 1387..=1387 } in "./tmp/39/betree/LinkedBranch_v/Refinement_v.rs"
verus succeeded with time: 43725ms, keeping it commented out
commenting out line Lines { lines: 566..=566 } in "./tmp/47/betree/PivotBranchRefinement_v.rs"
verus failed with time: 39935ms, reverting
commenting out line Lines { lines: 1389..=1389 } in "./tmp/39/betree/LinkedBranch_v/Refinement_v.rs"
verus succeeded with time: 43348ms, keeping it commented out
commenting out line Lines { lines: 568..=568 } in "./tmp/47/betree/PivotBranchRefinement_v.rs"
verus failed with time: 39994ms, reverting
commenting out line Lines { lines: 1390..=1390 } in "./tmp/39/betree/LinkedBranch_v/Refinement_v.rs"
verus succeeded with time: 43282ms, keeping it commented out
commenting out line Lines { lines: 570..=570 } in "./tmp/47/betree/PivotBranchRefinement_v.rs"
verus succeeded with time: 43851ms, keeping it commented out
commenting out line Lines { lines: 1391..=1391 } in "./tmp/39/betree/LinkedBranch_v/Refinement_v.rs"
verus succeeded with time: 43264ms, keeping it commented out
commenting out line Lines { lines: 571..=571 } in "./tmp/47/betree/PivotBranchRefinement_v.rs"
verus succeeded with time: 43340ms, keeping it commented out
commenting out line Lines { lines: 1397..=1397 } in "./tmp/39/betree/LinkedBranch_v/Refinement_v.rs"
verus succeeded with time: 43223ms, keeping it commented out
commenting out line Lines { lines: 552..=573 } in "./tmp/47/betree/PivotBranchRefinement_v.rs"
verus failed with time: 39695ms, reverting
commenting out line Lines { lines: 1398..=1398 } in "./tmp/39/betree/LinkedBranch_v/Refinement_v.rs"
verus succeeded with time: 43530ms, keeping it commented out
commenting out line Lines { lines: 579..=579 } in "./tmp/47/betree/PivotBranchRefinement_v.rs"
verus failed with time: 39923ms, reverting
commenting out line Lines { lines: 1399..=1399 } in "./tmp/39/betree/LinkedBranch_v/Refinement_v.rs"
verus succeeded with time: 43486ms, keeping it commented out
commenting out line Lines { lines: 581..=581 } in "./tmp/47/betree/PivotBranchRefinement_v.rs"
verus succeeded with time: 43587ms, keeping it commented out
commenting out line Lines { lines: 1404..=1404 } in "./tmp/39/betree/LinkedBranch_v/Refinement_v.rs"
verus failed with time: 40145ms, reverting
commenting out line Lines { lines: 584..=584 } in "./tmp/47/betree/PivotBranchRefinement_v.rs"
verus succeeded with time: 43798ms, keeping it commented out
commenting out line Lines { lines: 1405..=1405 } in "./tmp/39/betree/LinkedBranch_v/Refinement_v.rs"
verus succeeded with time: 42947ms, keeping it commented out
commenting out line Lines { lines: 585..=585 } in "./tmp/47/betree/PivotBranchRefinement_v.rs"
verus failed with time: 40710ms, reverting
commenting out line Lines { lines: 1424..=1424 } in "./tmp/39/betree/LinkedBranch_v/Refinement_v.rs"
verus succeeded with time: 44006ms, keeping it commented out
commenting out line Lines { lines: 586..=586 } in "./tmp/47/betree/PivotBranchRefinement_v.rs"
verus failed with time: 40363ms, reverting
commenting out line Lines { lines: 1426..=1426 } in "./tmp/39/betree/LinkedBranch_v/Refinement_v.rs"
verus failed with time: 41086ms, reverting
commenting out line Lines { lines: 588..=588 } in "./tmp/47/betree/PivotBranchRefinement_v.rs"
verus failed with time: 39914ms, reverting
commenting out line Lines { lines: 1428..=1428 } in "./tmp/39/betree/LinkedBranch_v/Refinement_v.rs"
verus failed with time: 39514ms, reverting
commenting out line Lines { lines: 590..=590 } in "./tmp/47/betree/PivotBranchRefinement_v.rs"
verus succeeded with time: 44679ms, keeping it commented out
commenting out line Lines { lines: 1430..=1430 } in "./tmp/39/betree/LinkedBranch_v/Refinement_v.rs"
verus failed with time: 39307ms, reverting
commenting out line Lines { lines: 575..=594 } in "./tmp/47/betree/PivotBranchRefinement_v.rs"
verus failed with time: 40768ms, reverting
commenting out line Lines { lines: 1432..=1432 } in "./tmp/39/betree/LinkedBranch_v/Refinement_v.rs"
verus failed with time: 41009ms, reverting
commenting out line Lines { lines: 601..=601 } in "./tmp/47/betree/PivotBranchRefinement_v.rs"
verus succeeded with time: 44609ms, keeping it commented out
commenting out line Lines { lines: 1433..=1433 } in "./tmp/39/betree/LinkedBranch_v/Refinement_v.rs"
verus failed with time: 39579ms, reverting
commenting out line Lines { lines: 603..=603 } in "./tmp/47/betree/PivotBranchRefinement_v.rs"
verus failed with time: 40509ms, reverting
commenting out line Lines { lines: 1434..=1434 } in "./tmp/39/betree/LinkedBranch_v/Refinement_v.rs"
verus failed with time: 39314ms, reverting
commenting out line Lines { lines: 605..=605 } in "./tmp/47/betree/PivotBranchRefinement_v.rs"
verus succeeded with time: 42507ms, keeping it commented out
commenting out line Lines { lines: 1435..=1435 } in "./tmp/39/betree/LinkedBranch_v/Refinement_v.rs"
verus failed with time: 39910ms, reverting
commenting out line Lines { lines: 606..=606 } in "./tmp/47/betree/PivotBranchRefinement_v.rs"
verus succeeded with time: 42989ms, keeping it commented out
commenting out line Lines { lines: 1436..=1436 } in "./tmp/39/betree/LinkedBranch_v/Refinement_v.rs"
verus succeeded with time: 43654ms, keeping it commented out
commenting out line Lines { lines: 612..=612 } in "./tmp/47/betree/PivotBranchRefinement_v.rs"
verus failed with time: 40609ms, reverting
commenting out line Lines { lines: 1455..=1455 } in "./tmp/39/betree/LinkedBranch_v/Refinement_v.rs"
verus failed with time: 40024ms, reverting
commenting out line Lines { lines: 613..=613 } in "./tmp/47/betree/PivotBranchRefinement_v.rs"
verus failed with time: 39725ms, reverting
commenting out line Lines { lines: 1481..=1481 } in "./tmp/39/betree/LinkedBranch_v/Refinement_v.rs"
verus succeeded with time: 44171ms, keeping it commented out
commenting out line Lines { lines: 615..=615 } in "./tmp/47/betree/PivotBranchRefinement_v.rs"
verus failed with time: 40325ms, reverting
commenting out line Lines { lines: 1482..=1482 } in "./tmp/39/betree/LinkedBranch_v/Refinement_v.rs"
verus succeeded with time: 44705ms, keeping it commented out
commenting out line Lines { lines: 617..=617 } in "./tmp/47/betree/PivotBranchRefinement_v.rs"
verus succeeded with time: 42915ms, keeping it commented out
commenting out line Lines { lines: 1483..=1483 } in "./tmp/39/betree/LinkedBranch_v/Refinement_v.rs"
verus succeeded with time: 44813ms, keeping it commented out
commenting out line Lines { lines: 618..=618 } in "./tmp/47/betree/PivotBranchRefinement_v.rs"
verus succeeded with time: 43243ms, keeping it commented out
commenting out line Lines { lines: 1485..=1485 } in "./tmp/39/betree/LinkedBranch_v/Refinement_v.rs"
verus succeeded with time: 42631ms, keeping it commented out
commenting out line Lines { lines: 596..=620 } in "./tmp/47/betree/PivotBranchRefinement_v.rs"
verus failed with time: 40370ms, reverting
commenting out line Lines { lines: 1489..=1489 } in "./tmp/39/betree/LinkedBranch_v/Refinement_v.rs"
verus failed with time: 39615ms, reverting
commenting out line Lines { lines: 663..=663 } in "./tmp/47/betree/PivotBranchRefinement_v.rs"
verus failed with time: 40841ms, reverting
commenting out line Lines { lines: 1492..=1492 } in "./tmp/39/betree/LinkedBranch_v/Refinement_v.rs"
verus failed with time: 40316ms, reverting
commenting out line Lines { lines: 1494..=1494 } in "./tmp/39/betree/LinkedBranch_v/Refinement_v.rs"
verus failed with time: 6438ms, reverting
commenting out line Lines { lines: 668..=668 } in "./tmp/47/betree/PivotBranchRefinement_v.rs"
verus succeeded with time: 42746ms, keeping it commented out
commenting out line Lines { lines: 1514..=1514 } in "./tmp/39/betree/LinkedBranch_v/Refinement_v.rs"
verus succeeded with time: 42951ms, keeping it commented out
commenting out line Lines { lines: 669..=669 } in "./tmp/47/betree/PivotBranchRefinement_v.rs"
verus succeeded with time: 43221ms, keeping it commented out
commenting out line Lines { lines: 1531..=1531 } in "./tmp/39/betree/LinkedBranch_v/Refinement_v.rs"
verus succeeded with time: 42581ms, keeping it commented out
commenting out line Lines { lines: 665..=671 } in "./tmp/47/betree/PivotBranchRefinement_v.rs"
verus failed with time: 40355ms, reverting
commenting out line Lines { lines: 1550..=1550 } in "./tmp/39/betree/LinkedBranch_v/Refinement_v.rs"
verus succeeded with time: 43790ms, keeping it commented out
commenting out line Lines { lines: 715..=715 } in "./tmp/47/betree/PivotBranchRefinement_v.rs"
verus failed with time: 40453ms, reverting
commenting out line Lines { lines: 1553..=1553 } in "./tmp/39/betree/LinkedBranch_v/Refinement_v.rs"
verus failed with time: 39427ms, reverting
commenting out line Lines { lines: 716..=716 } in "./tmp/47/betree/PivotBranchRefinement_v.rs"
verus succeeded with time: 44023ms, keeping it commented out
commenting out line Lines { lines: 1555..=1555 } in "./tmp/39/betree/LinkedBranch_v/Refinement_v.rs"
verus failed with time: 39158ms, reverting
commenting out line Lines { lines: 719..=719 } in "./tmp/47/betree/PivotBranchRefinement_v.rs"
verus succeeded with time: 43351ms, keeping it commented out
commenting out line Lines { lines: 1557..=1557 } in "./tmp/39/betree/LinkedBranch_v/Refinement_v.rs"
verus succeeded with time: 44542ms, keeping it commented out
commenting out line Lines { lines: 721..=721 } in "./tmp/47/betree/PivotBranchRefinement_v.rs"
verus succeeded with time: 42989ms, keeping it commented out
commenting out line Lines { lines: 1579..=1579 } in "./tmp/39/betree/LinkedBranch_v/Refinement_v.rs"
verus failed with time: 40972ms, reverting
commenting out line Lines { lines: 743..=743 } in "./tmp/47/betree/PivotBranchRefinement_v.rs"
verus succeeded with time: 43801ms, keeping it commented out
commenting out line Lines { lines: 1580..=1580 } in "./tmp/39/betree/LinkedBranch_v/Refinement_v.rs"
verus succeeded with time: 43505ms, keeping it commented out
commenting out line Lines { lines: 749..=749 } in "./tmp/47/betree/PivotBranchRefinement_v.rs"
verus failed with time: 39600ms, reverting
commenting out line Lines { lines: 1575..=1582 } in "./tmp/39/betree/LinkedBranch_v/Refinement_v.rs"
verus failed with time: 40622ms, reverting
commenting out line Lines { lines: 753..=753 } in "./tmp/47/betree/PivotBranchRefinement_v.rs"
verus succeeded with time: 43903ms, keeping it commented out
commenting out line Lines { lines: 1586..=1586 } in "./tmp/39/betree/LinkedBranch_v/Refinement_v.rs"
verus failed with time: 40398ms, reverting
commenting out line Lines { lines: 754..=755 } in "./tmp/47/betree/PivotBranchRefinement_v.rs"
verus failed with time: 40919ms, reverting
commenting out line Lines { lines: 1588..=1588 } in "./tmp/39/betree/LinkedBranch_v/Refinement_v.rs"
verus failed with time: 39945ms, reverting
commenting out line Lines { lines: 758..=758 } in "./tmp/47/betree/PivotBranchRefinement_v.rs"
verus succeeded with time: 43648ms, keeping it commented out
commenting out line Lines { lines: 1592..=1592 } in "./tmp/39/betree/LinkedBranch_v/Refinement_v.rs"
verus succeeded with time: 43648ms, keeping it commented out
commenting out line Lines { lines: 778..=778 } in "./tmp/47/betree/PivotBranchRefinement_v.rs"
verus succeeded with time: 43644ms, keeping it commented out
commenting out line Lines { lines: 1593..=1593 } in "./tmp/39/betree/LinkedBranch_v/Refinement_v.rs"
verus succeeded with time: 43478ms, keeping it commented out
commenting out line Lines { lines: 784..=784 } in "./tmp/47/betree/PivotBranchRefinement_v.rs"
verus succeeded with time: 43300ms, keeping it commented out
commenting out line Lines { lines: 1589..=1594 } in "./tmp/39/betree/LinkedBranch_v/Refinement_v.rs"
verus failed with time: 39703ms, reverting
commenting out line Lines { lines: 785..=785 } in "./tmp/47/betree/PivotBranchRefinement_v.rs"
verus succeeded with time: 43584ms, keeping it commented out
commenting out line Lines { lines: 1584..=1595 } in "./tmp/39/betree/LinkedBranch_v/Refinement_v.rs"
verus failed with time: 39842ms, reverting
commenting out line Lines { lines: 789..=789 } in "./tmp/47/betree/PivotBranchRefinement_v.rs"
verus succeeded with time: 43358ms, keeping it commented out
commenting out line Lines { lines: 1599..=1599 } in "./tmp/39/betree/LinkedBranch_v/Refinement_v.rs"
verus failed with time: 39756ms, reverting
commenting out line Lines { lines: 794..=794 } in "./tmp/47/betree/PivotBranchRefinement_v.rs"
verus failed with time: 40573ms, reverting
commenting out line Lines { lines: 1601..=1601 } in "./tmp/39/betree/LinkedBranch_v/Refinement_v.rs"
verus failed with time: 40409ms, reverting
commenting out line Lines { lines: 795..=795 } in "./tmp/47/betree/PivotBranchRefinement_v.rs"
verus succeeded with time: 43926ms, keeping it commented out
commenting out line Lines { lines: 1605..=1605 } in "./tmp/39/betree/LinkedBranch_v/Refinement_v.rs"
verus succeeded with time: 43643ms, keeping it commented out
commenting out line Lines { lines: 796..=796 } in "./tmp/47/betree/PivotBranchRefinement_v.rs"
verus succeeded with time: 44281ms, keeping it commented out
commenting out line Lines { lines: 1606..=1606 } in "./tmp/39/betree/LinkedBranch_v/Refinement_v.rs"
verus succeeded with time: 43873ms, keeping it commented out
commenting out line Lines { lines: 800..=800 } in "./tmp/47/betree/PivotBranchRefinement_v.rs"
verus failed with time: 40463ms, reverting
commenting out line Lines { lines: 1602..=1607 } in "./tmp/39/betree/LinkedBranch_v/Refinement_v.rs"
verus failed with time: 40253ms, reverting
commenting out line Lines { lines: 801..=801 } in "./tmp/47/betree/PivotBranchRefinement_v.rs"
verus succeeded with time: 43753ms, keeping it commented out
commenting out line Lines { lines: 1597..=1608 } in "./tmp/39/betree/LinkedBranch_v/Refinement_v.rs"
verus failed with time: 40894ms, reverting
commenting out line Lines { lines: 802..=802 } in "./tmp/47/betree/PivotBranchRefinement_v.rs"
verus succeeded with time: 44329ms, keeping it commented out
commenting out line Lines { lines: 1627..=1627 } in "./tmp/39/betree/LinkedBranch_v/Refinement_v.rs"
verus succeeded with time: 44858ms, keeping it commented out
commenting out line Lines { lines: 810..=810 } in "./tmp/47/betree/PivotBranchRefinement_v.rs"
verus failed with time: 40717ms, reverting
commenting out line Lines { lines: 1630..=1630 } in "./tmp/39/betree/LinkedBranch_v/Refinement_v.rs"
verus failed with time: 41112ms, reverting
commenting out line Lines { lines: 807..=811 } in "./tmp/47/betree/PivotBranchRefinement_v.rs"
verus failed with time: 41982ms, reverting
commenting out line Lines { lines: 1632..=1632 } in "./tmp/39/betree/LinkedBranch_v/Refinement_v.rs"
verus failed with time: 40991ms, reverting
commenting out line Lines { lines: 816..=816 } in "./tmp/47/betree/PivotBranchRefinement_v.rs"
verus failed with time: 41391ms, reverting
commenting out line Lines { lines: 1623..=1635 } in "./tmp/39/betree/LinkedBranch_v/Refinement_v.rs"
verus failed with time: 40590ms, reverting
commenting out line Lines { lines: 813..=817 } in "./tmp/47/betree/PivotBranchRefinement_v.rs"
verus failed with time: 41986ms, reverting
commenting out line Lines { lines: 1655..=1655 } in "./tmp/39/betree/LinkedBranch_v/Refinement_v.rs"
verus failed with time: 42096ms, reverting
commenting out line Lines { lines: 1647..=1659 } in "./tmp/39/betree/LinkedBranch_v/Refinement_v.rs"
verus failed with time: 41787ms, reverting
commenting out line Lines { lines: 851..=851 } in "./tmp/47/betree/PivotBranchRefinement_v.rs"
verus succeeded with time: 45415ms, keeping it commented out
commenting out line Lines { lines: 1676..=1676 } in "./tmp/39/betree/LinkedBranch_v/Refinement_v.rs"
verus failed with time: 40753ms, reverting
commenting out line Lines { lines: 867..=867 } in "./tmp/47/betree/PivotBranchRefinement_v.rs"
verus succeeded with time: 44710ms, keeping it commented out
commenting out line Lines { lines: 1696..=1696 } in "./tmp/39/betree/LinkedBranch_v/Refinement_v.rs"
verus succeeded with time: 43650ms, keeping it commented out
commenting out line Lines { lines: 868..=868 } in "./tmp/47/betree/PivotBranchRefinement_v.rs"
verus succeeded with time: 43432ms, keeping it commented out
commenting out line Lines { lines: 1697..=1697 } in "./tmp/39/betree/LinkedBranch_v/Refinement_v.rs"
verus succeeded with time: 44164ms, keeping it commented out
commenting out line Lines { lines: 869..=869 } in "./tmp/47/betree/PivotBranchRefinement_v.rs"
verus succeeded with time: 43991ms, keeping it commented out
commenting out line Lines { lines: 1699..=1699 } in "./tmp/39/betree/LinkedBranch_v/Refinement_v.rs"
verus failed with time: 39955ms, reverting
commenting out line Lines { lines: 870..=870 } in "./tmp/47/betree/PivotBranchRefinement_v.rs"
verus succeeded with time: 43777ms, keeping it commented out
commenting out line Lines { lines: 1700..=1700 } in "./tmp/39/betree/LinkedBranch_v/Refinement_v.rs"
verus failed with time: 40080ms, reverting
commenting out line Lines { lines: 871..=871 } in "./tmp/47/betree/PivotBranchRefinement_v.rs"
verus failed with time: 40666ms, reverting
commenting out line Lines { lines: 1701..=1701 } in "./tmp/39/betree/LinkedBranch_v/Refinement_v.rs"
verus succeeded with time: 44075ms, keeping it commented out
commenting out line Lines { lines: 876..=876 } in "./tmp/47/betree/PivotBranchRefinement_v.rs"
verus succeeded with time: 43533ms, keeping it commented out
commenting out line Lines { lines: 1704..=1714 } in "./tmp/39/betree/LinkedBranch_v/Refinement_v.rs"
verus failed with time: 39380ms, reverting
commenting out line Lines { lines: 878..=878 } in "./tmp/47/betree/PivotBranchRefinement_v.rs"
verus succeeded with time: 43738ms, keeping it commented out
commenting out line Lines { lines: 1715..=1715 } in "./tmp/39/betree/LinkedBranch_v/Refinement_v.rs"
verus failed with time: 40603ms, reverting
commenting out line Lines { lines: 891..=891 } in "./tmp/47/betree/PivotBranchRefinement_v.rs"
verus succeeded with time: 42872ms, keeping it commented out
commenting out line Lines { lines: 1716..=1717 } in "./tmp/39/betree/LinkedBranch_v/Refinement_v.rs"
verus failed with time: 40351ms, reverting
commenting out line Lines { lines: 892..=892 } in "./tmp/47/betree/PivotBranchRefinement_v.rs"
verus succeeded with time: 42777ms, keeping it commented out
commenting out line Lines { lines: 1718..=1719 } in "./tmp/39/betree/LinkedBranch_v/Refinement_v.rs"
verus failed with time: 39679ms, reverting
commenting out line Lines { lines: 918..=918 } in "./tmp/47/betree/PivotBranchRefinement_v.rs"
verus succeeded with time: 43056ms, keeping it commented out
commenting out line Lines { lines: 1740..=1740 } in "./tmp/39/betree/LinkedBranch_v/Refinement_v.rs"
verus succeeded with time: 43205ms, keeping it commented out
commenting out line Lines { lines: 914..=919 } in "./tmp/47/betree/PivotBranchRefinement_v.rs"
verus failed with time: 39806ms, reverting
commenting out line Lines { lines: 1743..=1743 } in "./tmp/39/betree/LinkedBranch_v/Refinement_v.rs"
verus failed with time: 39554ms, reverting
commenting out line Lines { lines: 944..=944 } in "./tmp/47/betree/PivotBranchRefinement_v.rs"
verus failed with time: 39969ms, reverting
commenting out line Lines { lines: 1746..=1746 } in "./tmp/39/betree/LinkedBranch_v/Refinement_v.rs"
verus failed with time: 40082ms, reverting
commenting out line Lines { lines: 948..=948 } in "./tmp/47/betree/PivotBranchRefinement_v.rs"
verus succeeded with time: 42658ms, keeping it commented out
commenting out line Lines { lines: 1748..=1748 } in "./tmp/39/betree/LinkedBranch_v/Refinement_v.rs"
verus failed with time: 39632ms, reverting
commenting out line Lines { lines: 952..=952 } in "./tmp/47/betree/PivotBranchRefinement_v.rs"
verus failed with time: 40047ms, reverting
commenting out line Lines { lines: 1749..=1749 } in "./tmp/39/betree/LinkedBranch_v/Refinement_v.rs"
verus succeeded with time: 42953ms, keeping it commented out
commenting out line Lines { lines: 954..=954 } in "./tmp/47/betree/PivotBranchRefinement_v.rs"
verus failed with time: 40115ms, reverting
commenting out line Lines { lines: 1751..=1751 } in "./tmp/39/betree/LinkedBranch_v/Refinement_v.rs"
verus succeeded with time: 44226ms, keeping it commented out
commenting out line Lines { lines: 951..=956 } in "./tmp/47/betree/PivotBranchRefinement_v.rs"
verus failed with time: 40080ms, reverting
commenting out line Lines { lines: 1750..=1752 } in "./tmp/39/betree/LinkedBranch_v/Refinement_v.rs"
verus succeeded with time: 43776ms, keeping it commented out
commenting out line Lines { lines: 959..=959 } in "./tmp/47/betree/PivotBranchRefinement_v.rs"
verus failed with time: 39514ms, reverting
commenting out line Lines { lines: 1745..=1754 } in "./tmp/39/betree/LinkedBranch_v/Refinement_v.rs"
verus failed with time: 39954ms, reverting
commenting out line Lines { lines: 961..=961 } in "./tmp/47/betree/PivotBranchRefinement_v.rs"
verus failed with time: 39932ms, reverting
commenting out line Lines { lines: 1758..=1758 } in "./tmp/39/betree/LinkedBranch_v/Refinement_v.rs"
verus failed with time: 40664ms, reverting
commenting out line Lines { lines: 958..=963 } in "./tmp/47/betree/PivotBranchRefinement_v.rs"
verus failed with time: 40077ms, reverting
commenting out line Lines { lines: 1760..=1760 } in "./tmp/39/betree/LinkedBranch_v/Refinement_v.rs"
verus succeeded with time: 44170ms, keeping it commented out
commenting out line Lines { lines: 964..=964 } in "./tmp/47/betree/PivotBranchRefinement_v.rs"
verus succeeded with time: 42641ms, keeping it commented out
commenting out line Lines { lines: 1761..=1761 } in "./tmp/39/betree/LinkedBranch_v/Refinement_v.rs"
verus succeeded with time: 43369ms, keeping it commented out
commenting out line Lines { lines: 990..=990 } in "./tmp/47/betree/PivotBranchRefinement_v.rs"
verus succeeded with time: 42483ms, keeping it commented out
commenting out line Lines { lines: 1756..=1764 } in "./tmp/39/betree/LinkedBranch_v/Refinement_v.rs"
verus succeeded with time: 43343ms, keeping it commented out
commenting out line Lines { lines: 997..=997 } in "./tmp/47/betree/PivotBranchRefinement_v.rs"
verus succeeded with time: 43099ms, keeping it commented out
commenting out line Lines { lines: 1768..=1768 } in "./tmp/39/betree/LinkedBranch_v/Refinement_v.rs"
verus failed with time: 39680ms, reverting
commenting out line Lines { lines: 998..=998 } in "./tmp/47/betree/PivotBranchRefinement_v.rs"
verus succeeded with time: 42574ms, keeping it commented out
commenting out line Lines { lines: 1769..=1769 } in "./tmp/39/betree/LinkedBranch_v/Refinement_v.rs"
verus succeeded with time: 44176ms, keeping it commented out
commenting out line Lines { lines: 999..=999 } in "./tmp/47/betree/PivotBranchRefinement_v.rs"
verus succeeded with time: 43301ms, keeping it commented out
commenting out line Lines { lines: 1770..=1770 } in "./tmp/39/betree/LinkedBranch_v/Refinement_v.rs"
verus failed with time: 40039ms, reverting
commenting out line Lines { lines: 1001..=1001 } in "./tmp/47/betree/PivotBranchRefinement_v.rs"
verus failed with time: 39849ms, reverting
commenting out line Lines { lines: 1771..=1771 } in "./tmp/39/betree/LinkedBranch_v/Refinement_v.rs"
verus failed with time: 40176ms, reverting
commenting out line Lines { lines: 1002..=1002 } in "./tmp/47/betree/PivotBranchRefinement_v.rs"
verus succeeded with time: 42991ms, keeping it commented out
commenting out line Lines { lines: 1773..=1773 } in "./tmp/39/betree/LinkedBranch_v/Refinement_v.rs"
verus succeeded with time: 43328ms, keeping it commented out
commenting out line Lines { lines: 1026..=1026 } in "./tmp/47/betree/PivotBranchRefinement_v.rs"
verus succeeded with time: 43287ms, keeping it commented out
commenting out line Lines { lines: 1774..=1774 } in "./tmp/39/betree/LinkedBranch_v/Refinement_v.rs"
verus succeeded with time: 43456ms, keeping it commented out
commenting out line Lines { lines: 1027..=1027 } in "./tmp/47/betree/PivotBranchRefinement_v.rs"
verus succeeded with time: 42864ms, keeping it commented out
commenting out line Lines { lines: 1766..=1776 } in "./tmp/39/betree/LinkedBranch_v/Refinement_v.rs"
verus failed with time: 39729ms, reverting
commenting out line Lines { lines: 1032..=1032 } in "./tmp/47/betree/PivotBranchRefinement_v.rs"
verus failed with time: 40686ms, reverting
commenting out line Lines { lines: 1780..=1780 } in "./tmp/39/betree/LinkedBranch_v/Refinement_v.rs"
verus succeeded with time: 43845ms, keeping it commented out
commenting out line Lines { lines: 1033..=1033 } in "./tmp/47/betree/PivotBranchRefinement_v.rs"
verus succeeded with time: 42656ms, keeping it commented out
commenting out line Lines { lines: 1781..=1781 } in "./tmp/39/betree/LinkedBranch_v/Refinement_v.rs"
verus failed with time: 39914ms, reverting
commenting out line Lines { lines: 1034..=1034 } in "./tmp/47/betree/PivotBranchRefinement_v.rs"
verus succeeded with time: 43206ms, keeping it commented out
commenting out line Lines { lines: 1782..=1782 } in "./tmp/39/betree/LinkedBranch_v/Refinement_v.rs"
verus failed with time: 39966ms, reverting
commenting out line Lines { lines: 1035..=1035 } in "./tmp/47/betree/PivotBranchRefinement_v.rs"
verus succeeded with time: 43978ms, keeping it commented out
commenting out line Lines { lines: 1784..=1784 } in "./tmp/39/betree/LinkedBranch_v/Refinement_v.rs"
verus succeeded with time: 42571ms, keeping it commented out
commenting out line Lines { lines: 1036..=1036 } in "./tmp/47/betree/PivotBranchRefinement_v.rs"
verus succeeded with time: 42605ms, keeping it commented out
commenting out line Lines { lines: 1785..=1785 } in "./tmp/39/betree/LinkedBranch_v/Refinement_v.rs"
verus succeeded with time: 43135ms, keeping it commented out
commenting out line Lines { lines: 1039..=1040 } in "./tmp/47/betree/PivotBranchRefinement_v.rs"
verus succeeded with time: 43567ms, keeping it commented out
commenting out line Lines { lines: 1778..=1787 } in "./tmp/39/betree/LinkedBranch_v/Refinement_v.rs"
verus failed with time: 40226ms, reverting
commenting out line Lines { lines: 1041..=1042 } in "./tmp/47/betree/PivotBranchRefinement_v.rs"
verus succeeded with time: 43558ms, keeping it commented out
commenting out line Lines { lines: 1802..=1802 } in "./tmp/39/betree/LinkedBranch_v/Refinement_v.rs"
verus succeeded with time: 42632ms, keeping it commented out
commenting out line Lines { lines: 1045..=1045 } in "./tmp/47/betree/PivotBranchRefinement_v.rs"
verus succeeded with time: 43224ms, keeping it commented out
commenting out line Lines { lines: 1803..=1803 } in "./tmp/39/betree/LinkedBranch_v/Refinement_v.rs"
verus succeeded with time: 43032ms, keeping it commented out
commenting out line Lines { lines: 1046..=1047 } in "./tmp/47/betree/PivotBranchRefinement_v.rs"
verus succeeded with time: 42825ms, keeping it commented out
commenting out line Lines { lines: 1807..=1807 } in "./tmp/39/betree/LinkedBranch_v/Refinement_v.rs"
verus failed with time: 40614ms, reverting
commenting out line Lines { lines: 1049..=1049 } in "./tmp/47/betree/PivotBranchRefinement_v.rs"
verus failed with time: 41236ms, reverting
commenting out line Lines { lines: 1805..=1809 } in "./tmp/39/betree/LinkedBranch_v/Refinement_v.rs"
verus failed with time: 40397ms, reverting
commenting out line Lines { lines: 1075..=1075 } in "./tmp/47/betree/PivotBranchRefinement_v.rs"
verus succeeded with time: 43459ms, keeping it commented out
commenting out line Lines { lines: 1810..=1810 } in "./tmp/39/betree/LinkedBranch_v/Refinement_v.rs"
verus failed with time: 40294ms, reverting
commenting out line Lines { lines: 1076..=1076 } in "./tmp/47/betree/PivotBranchRefinement_v.rs"
verus failed with time: 40935ms, reverting
commenting out line Lines { lines: 1812..=1812 } in "./tmp/39/betree/LinkedBranch_v/Refinement_v.rs"
verus succeeded with time: 43573ms, keeping it commented out
commenting out line Lines { lines: 1077..=1077 } in "./tmp/47/betree/PivotBranchRefinement_v.rs"
verus failed with time: 40048ms, reverting
commenting out line Lines { lines: 1828..=1828 } in "./tmp/39/betree/LinkedBranch_v/Refinement_v.rs"
verus failed with time: 40560ms, reverting
commenting out line Lines { lines: 1081..=1081 } in "./tmp/47/betree/PivotBranchRefinement_v.rs"
verus succeeded with time: 43270ms, keeping it commented out
commenting out line Lines { lines: 1831..=1831 } in "./tmp/39/betree/LinkedBranch_v/Refinement_v.rs"
verus succeeded with time: 43270ms, keeping it commented out
commenting out line Lines { lines: 1082..=1082 } in "./tmp/47/betree/PivotBranchRefinement_v.rs"
verus failed with time: 40016ms, reverting
commenting out line Lines { lines: 1833..=1833 } in "./tmp/39/betree/LinkedBranch_v/Refinement_v.rs"
verus succeeded with time: 44156ms, keeping it commented out
commenting out line Lines { lines: 1083..=1083 } in "./tmp/47/betree/PivotBranchRefinement_v.rs"
verus failed with time: 39490ms, reverting
commenting out line Lines { lines: 1851..=1851 } in "./tmp/39/betree/LinkedBranch_v/Refinement_v.rs"
verus failed with time: 40698ms, reverting
commenting out line Lines { lines: 1084..=1084 } in "./tmp/47/betree/PivotBranchRefinement_v.rs"
verus succeeded with time: 42824ms, keeping it commented out
commenting out line Lines { lines: 1853..=1853 } in "./tmp/39/betree/LinkedBranch_v/Refinement_v.rs"
verus succeeded with time: 43031ms, keeping it commented out
commenting out line Lines { lines: 1088..=1088 } in "./tmp/47/betree/PivotBranchRefinement_v.rs"
verus succeeded with time: 42174ms, keeping it commented out
commenting out line Lines { lines: 1854..=1854 } in "./tmp/39/betree/LinkedBranch_v/Refinement_v.rs"
verus succeeded with time: 42863ms, keeping it commented out
commenting out line Lines { lines: 1089..=1089 } in "./tmp/47/betree/PivotBranchRefinement_v.rs"
verus succeeded with time: 43115ms, keeping it commented out
commenting out line Lines { lines: 1858..=1858 } in "./tmp/39/betree/LinkedBranch_v/Refinement_v.rs"
verus succeeded with time: 42726ms, keeping it commented out
commenting out line Lines { lines: 1090..=1090 } in "./tmp/47/betree/PivotBranchRefinement_v.rs"
verus succeeded with time: 43211ms, keeping it commented out
commenting out line Lines { lines: 1859..=1859 } in "./tmp/39/betree/LinkedBranch_v/Refinement_v.rs"
verus failed with time: 39889ms, reverting
commenting out line Lines { lines: 1094..=1094 } in "./tmp/47/betree/PivotBranchRefinement_v.rs"
verus succeeded with time: 42917ms, keeping it commented out
commenting out line Lines { lines: 1850..=1861 } in "./tmp/39/betree/LinkedBranch_v/Refinement_v.rs"
verus failed with time: 39703ms, reverting
commenting out line Lines { lines: 1096..=1096 } in "./tmp/47/betree/PivotBranchRefinement_v.rs"
verus succeeded with time: 42909ms, keeping it commented out
commenting out line Lines { lines: 1863..=1863 } in "./tmp/39/betree/LinkedBranch_v/Refinement_v.rs"
verus succeeded with time: 43149ms, keeping it commented out
minimization of ./tmp/39/betree/LinkedBranch_v/Refinement_v.rs is completed
commenting out line Lines { lines: 1098..=1098 } in "./tmp/47/betree/PivotBranchRefinement_v.rs"
verus failed with time: 37985ms, reverting
commenting out line Lines { lines: 1099..=1099 } in "./tmp/47/betree/PivotBranchRefinement_v.rs"
verus succeeded with time: 41549ms, keeping it commented out
commenting out line Lines { lines: 1101..=1101 } in "./tmp/47/betree/PivotBranchRefinement_v.rs"
verus succeeded with time: 41215ms, keeping it commented out
commenting out line Lines { lines: 1136..=1136 } in "./tmp/47/betree/PivotBranchRefinement_v.rs"
verus succeeded with time: 40714ms, keeping it commented out
commenting out line Lines { lines: 1139..=1139 } in "./tmp/47/betree/PivotBranchRefinement_v.rs"
verus succeeded with time: 40820ms, keeping it commented out
commenting out line Lines { lines: 1140..=1140 } in "./tmp/47/betree/PivotBranchRefinement_v.rs"
verus succeeded with time: 41566ms, keeping it commented out
commenting out line Lines { lines: 1141..=1141 } in "./tmp/47/betree/PivotBranchRefinement_v.rs"
verus succeeded with time: 41215ms, keeping it commented out
commenting out line Lines { lines: 1142..=1142 } in "./tmp/47/betree/PivotBranchRefinement_v.rs"
verus succeeded with time: 40990ms, keeping it commented out
commenting out line Lines { lines: 1148..=1148 } in "./tmp/47/betree/PivotBranchRefinement_v.rs"
verus succeeded with time: 41151ms, keeping it commented out
commenting out line Lines { lines: 1149..=1149 } in "./tmp/47/betree/PivotBranchRefinement_v.rs"
verus succeeded with time: 40952ms, keeping it commented out
commenting out line Lines { lines: 1150..=1150 } in "./tmp/47/betree/PivotBranchRefinement_v.rs"
verus succeeded with time: 41414ms, keeping it commented out
commenting out line Lines { lines: 1152..=1152 } in "./tmp/47/betree/PivotBranchRefinement_v.rs"
verus failed with time: 38631ms, reverting
commenting out line Lines { lines: 1153..=1153 } in "./tmp/47/betree/PivotBranchRefinement_v.rs"
verus succeeded with time: 40923ms, keeping it commented out
commenting out line Lines { lines: 1157..=1157 } in "./tmp/47/betree/PivotBranchRefinement_v.rs"
verus succeeded with time: 41302ms, keeping it commented out
commenting out line Lines { lines: 1162..=1162 } in "./tmp/47/betree/PivotBranchRefinement_v.rs"
verus succeeded with time: 40790ms, keeping it commented out
commenting out line Lines { lines: 1159..=1164 } in "./tmp/47/betree/PivotBranchRefinement_v.rs"
verus succeeded with time: 41138ms, keeping it commented out
commenting out line Lines { lines: 1169..=1169 } in "./tmp/47/betree/PivotBranchRefinement_v.rs"
verus succeeded with time: 41425ms, keeping it commented out
commenting out line Lines { lines: 1172..=1172 } in "./tmp/47/betree/PivotBranchRefinement_v.rs"
verus failed with time: 37726ms, reverting
commenting out line Lines { lines: 1166..=1175 } in "./tmp/47/betree/PivotBranchRefinement_v.rs"
verus failed with time: 37984ms, reverting
commenting out line Lines { lines: 1184..=1184 } in "./tmp/47/betree/PivotBranchRefinement_v.rs"
verus failed with time: 37649ms, reverting
commenting out line Lines { lines: 1185..=1185 } in "./tmp/47/betree/PivotBranchRefinement_v.rs"
verus succeeded with time: 41519ms, keeping it commented out
commenting out line Lines { lines: 1182..=1187 } in "./tmp/47/betree/PivotBranchRefinement_v.rs"
verus failed with time: 38548ms, reverting
commenting out line Lines { lines: 1188..=1188 } in "./tmp/47/betree/PivotBranchRefinement_v.rs"
verus succeeded with time: 40865ms, keeping it commented out
commenting out line Lines { lines: 1177..=1190 } in "./tmp/47/betree/PivotBranchRefinement_v.rs"
verus failed with time: 37929ms, reverting
commenting out line Lines { lines: 1192..=1192 } in "./tmp/47/betree/PivotBranchRefinement_v.rs"
verus succeeded with time: 41334ms, keeping it commented out
commenting out line Lines { lines: 1231..=1231 } in "./tmp/47/betree/PivotBranchRefinement_v.rs"
verus succeeded with time: 41063ms, keeping it commented out
commenting out line Lines { lines: 1232..=1232 } in "./tmp/47/betree/PivotBranchRefinement_v.rs"
verus succeeded with time: 41095ms, keeping it commented out
commenting out line Lines { lines: 1233..=1233 } in "./tmp/47/betree/PivotBranchRefinement_v.rs"
verus succeeded with time: 41145ms, keeping it commented out
commenting out line Lines { lines: 1236..=1236 } in "./tmp/47/betree/PivotBranchRefinement_v.rs"
verus succeeded with time: 41661ms, keeping it commented out
commenting out line Lines { lines: 1237..=1237 } in "./tmp/47/betree/PivotBranchRefinement_v.rs"
verus succeeded with time: 40851ms, keeping it commented out
commenting out line Lines { lines: 1238..=1238 } in "./tmp/47/betree/PivotBranchRefinement_v.rs"
verus succeeded with time: 41477ms, keeping it commented out
commenting out line Lines { lines: 1239..=1239 } in "./tmp/47/betree/PivotBranchRefinement_v.rs"
verus succeeded with time: 40952ms, keeping it commented out
commenting out line Lines { lines: 1243..=1243 } in "./tmp/47/betree/PivotBranchRefinement_v.rs"
verus succeeded with time: 41203ms, keeping it commented out
commenting out line Lines { lines: 1244..=1244 } in "./tmp/47/betree/PivotBranchRefinement_v.rs"
verus succeeded with time: 41194ms, keeping it commented out
commenting out line Lines { lines: 1245..=1245 } in "./tmp/47/betree/PivotBranchRefinement_v.rs"
verus succeeded with time: 40848ms, keeping it commented out
commenting out line Lines { lines: 1248..=1248 } in "./tmp/47/betree/PivotBranchRefinement_v.rs"
verus succeeded with time: 41450ms, keeping it commented out
commenting out line Lines { lines: 1251..=1251 } in "./tmp/47/betree/PivotBranchRefinement_v.rs"
verus succeeded with time: 40844ms, keeping it commented out
commenting out line Lines { lines: 1257..=1257 } in "./tmp/47/betree/PivotBranchRefinement_v.rs"
verus succeeded with time: 40946ms, keeping it commented out
commenting out line Lines { lines: 1258..=1258 } in "./tmp/47/betree/PivotBranchRefinement_v.rs"
verus succeeded with time: 41711ms, keeping it commented out
commenting out line Lines { lines: 1271..=1271 } in "./tmp/47/betree/PivotBranchRefinement_v.rs"
verus succeeded with time: 41979ms, keeping it commented out
commenting out line Lines { lines: 1274..=1274 } in "./tmp/47/betree/PivotBranchRefinement_v.rs"
verus succeeded with time: 41310ms, keeping it commented out
commenting out line Lines { lines: 1276..=1276 } in "./tmp/47/betree/PivotBranchRefinement_v.rs"
verus failed with time: 38380ms, reverting
commenting out line Lines { lines: 1277..=1277 } in "./tmp/47/betree/PivotBranchRefinement_v.rs"
verus succeeded with time: 41941ms, keeping it commented out
commenting out line Lines { lines: 1280..=1280 } in "./tmp/47/betree/PivotBranchRefinement_v.rs"
verus succeeded with time: 40703ms, keeping it commented out
commenting out line Lines { lines: 1283..=1283 } in "./tmp/47/betree/PivotBranchRefinement_v.rs"
verus succeeded with time: 40654ms, keeping it commented out
commenting out line Lines { lines: 1285..=1285 } in "./tmp/47/betree/PivotBranchRefinement_v.rs"
verus succeeded with time: 41654ms, keeping it commented out
commenting out line Lines { lines: 1286..=1286 } in "./tmp/47/betree/PivotBranchRefinement_v.rs"
verus succeeded with time: 40797ms, keeping it commented out
commenting out line Lines { lines: 1291..=1291 } in "./tmp/47/betree/PivotBranchRefinement_v.rs"
verus failed with time: 37594ms, reverting
commenting out line Lines { lines: 1290..=1292 } in "./tmp/47/betree/PivotBranchRefinement_v.rs"
verus failed with time: 38194ms, reverting
commenting out line Lines { lines: 1293..=1293 } in "./tmp/47/betree/PivotBranchRefinement_v.rs"
verus succeeded with time: 40968ms, keeping it commented out
commenting out line Lines { lines: 1295..=1295 } in "./tmp/47/betree/PivotBranchRefinement_v.rs"
verus failed with time: 38326ms, reverting
commenting out line Lines { lines: 1294..=1296 } in "./tmp/47/betree/PivotBranchRefinement_v.rs"
verus failed with time: 38378ms, reverting
commenting out line Lines { lines: 1297..=1297 } in "./tmp/47/betree/PivotBranchRefinement_v.rs"
verus succeeded with time: 41289ms, keeping it commented out
commenting out line Lines { lines: 1256..=1299 } in "./tmp/47/betree/PivotBranchRefinement_v.rs"
verus failed with time: 38401ms, reverting
commenting out line Lines { lines: 1304..=1304 } in "./tmp/47/betree/PivotBranchRefinement_v.rs"
verus succeeded with time: 41588ms, keeping it commented out
commenting out line Lines { lines: 1305..=1305 } in "./tmp/47/betree/PivotBranchRefinement_v.rs"
verus succeeded with time: 41439ms, keeping it commented out
commenting out line Lines { lines: 1307..=1307 } in "./tmp/47/betree/PivotBranchRefinement_v.rs"
verus succeeded with time: 41085ms, keeping it commented out
commenting out line Lines { lines: 1309..=1309 } in "./tmp/47/betree/PivotBranchRefinement_v.rs"
verus failed with time: 38522ms, reverting
commenting out line Lines { lines: 1315..=1315 } in "./tmp/47/betree/PivotBranchRefinement_v.rs"
verus succeeded with time: 40835ms, keeping it commented out
commenting out line Lines { lines: 1317..=1317 } in "./tmp/47/betree/PivotBranchRefinement_v.rs"
verus failed with time: 38043ms, reverting
commenting out line Lines { lines: 1320..=1320 } in "./tmp/47/betree/PivotBranchRefinement_v.rs"
verus succeeded with time: 41398ms, keeping it commented out
commenting out line Lines { lines: 1322..=1322 } in "./tmp/47/betree/PivotBranchRefinement_v.rs"
verus succeeded with time: 40959ms, keeping it commented out
commenting out line Lines { lines: 1324..=1324 } in "./tmp/47/betree/PivotBranchRefinement_v.rs"
verus succeeded with time: 41415ms, keeping it commented out
commenting out line Lines { lines: 1326..=1326 } in "./tmp/47/betree/PivotBranchRefinement_v.rs"
verus succeeded with time: 41359ms, keeping it commented out
commenting out line Lines { lines: 1328..=1328 } in "./tmp/47/betree/PivotBranchRefinement_v.rs"
verus succeeded with time: 41353ms, keeping it commented out
commenting out line Lines { lines: 1330..=1330 } in "./tmp/47/betree/PivotBranchRefinement_v.rs"
verus succeeded with time: 40911ms, keeping it commented out
commenting out line Lines { lines: 1303..=1332 } in "./tmp/47/betree/PivotBranchRefinement_v.rs"
verus succeeded with time: 41377ms, keeping it commented out
commenting out line Lines { lines: 1341..=1341 } in "./tmp/47/betree/PivotBranchRefinement_v.rs"
verus succeeded with time: 40909ms, keeping it commented out
commenting out line Lines { lines: 1344..=1344 } in "./tmp/47/betree/PivotBranchRefinement_v.rs"
verus succeeded with time: 41231ms, keeping it commented out
commenting out line Lines { lines: 1347..=1347 } in "./tmp/47/betree/PivotBranchRefinement_v.rs"
verus succeeded with time: 41574ms, keeping it commented out
commenting out line Lines { lines: 1350..=1350 } in "./tmp/47/betree/PivotBranchRefinement_v.rs"
verus succeeded with time: 40870ms, keeping it commented out
commenting out line Lines { lines: 1352..=1352 } in "./tmp/47/betree/PivotBranchRefinement_v.rs"
verus succeeded with time: 41429ms, keeping it commented out
commenting out line Lines { lines: 1336..=1354 } in "./tmp/47/betree/PivotBranchRefinement_v.rs"
verus succeeded with time: 41160ms, keeping it commented out
commenting out line Lines { lines: 1357..=1357 } in "./tmp/47/betree/PivotBranchRefinement_v.rs"
verus succeeded with time: 41142ms, keeping it commented out
commenting out line Lines { lines: 1359..=1359 } in "./tmp/47/betree/PivotBranchRefinement_v.rs"
verus succeeded with time: 40738ms, keeping it commented out
commenting out line Lines { lines: 1361..=1361 } in "./tmp/47/betree/PivotBranchRefinement_v.rs"
verus succeeded with time: 41461ms, keeping it commented out
commenting out line Lines { lines: 1362..=1362 } in "./tmp/47/betree/PivotBranchRefinement_v.rs"
verus succeeded with time: 41332ms, keeping it commented out
commenting out line Lines { lines: 1364..=1364 } in "./tmp/47/betree/PivotBranchRefinement_v.rs"
verus failed with time: 37763ms, reverting
commenting out line Lines { lines: 1363..=1365 } in "./tmp/47/betree/PivotBranchRefinement_v.rs"
verus failed with time: 38856ms, reverting
commenting out line Lines { lines: 1367..=1367 } in "./tmp/47/betree/PivotBranchRefinement_v.rs"
verus failed with time: 37942ms, reverting
commenting out line Lines { lines: 1366..=1368 } in "./tmp/47/betree/PivotBranchRefinement_v.rs"
verus failed with time: 38240ms, reverting
commenting out line Lines { lines: 1370..=1370 } in "./tmp/47/betree/PivotBranchRefinement_v.rs"
verus succeeded with time: 41165ms, keeping it commented out
commenting out line Lines { lines: 1371..=1371 } in "./tmp/47/betree/PivotBranchRefinement_v.rs"
verus succeeded with time: 41194ms, keeping it commented out
commenting out line Lines { lines: 1374..=1374 } in "./tmp/47/betree/PivotBranchRefinement_v.rs"
verus failed with time: 38103ms, reverting
commenting out line Lines { lines: 1372..=1375 } in "./tmp/47/betree/PivotBranchRefinement_v.rs"
verus failed with time: 38837ms, reverting
commenting out line Lines { lines: 1378..=1378 } in "./tmp/47/betree/PivotBranchRefinement_v.rs"
verus failed with time: 38671ms, reverting
commenting out line Lines { lines: 1379..=1379 } in "./tmp/47/betree/PivotBranchRefinement_v.rs"
verus failed with time: 38322ms, reverting
commenting out line Lines { lines: 1376..=1380 } in "./tmp/47/betree/PivotBranchRefinement_v.rs"
verus failed with time: 38780ms, reverting
commenting out line Lines { lines: 1383..=1383 } in "./tmp/47/betree/PivotBranchRefinement_v.rs"
verus succeeded with time: 40953ms, keeping it commented out
commenting out line Lines { lines: 1384..=1384 } in "./tmp/47/betree/PivotBranchRefinement_v.rs"
verus succeeded with time: 41476ms, keeping it commented out
commenting out line Lines { lines: 1387..=1387 } in "./tmp/47/betree/PivotBranchRefinement_v.rs"
verus succeeded with time: 41399ms, keeping it commented out
commenting out line Lines { lines: 1388..=1388 } in "./tmp/47/betree/PivotBranchRefinement_v.rs"
verus succeeded with time: 41510ms, keeping it commented out
commenting out line Lines { lines: 1393..=1393 } in "./tmp/47/betree/PivotBranchRefinement_v.rs"
verus succeeded with time: 41066ms, keeping it commented out
commenting out line Lines { lines: 1394..=1394 } in "./tmp/47/betree/PivotBranchRefinement_v.rs"
verus failed with time: 37891ms, reverting
commenting out line Lines { lines: 1395..=1395 } in "./tmp/47/betree/PivotBranchRefinement_v.rs"
verus succeeded with time: 40684ms, keeping it commented out
commenting out line Lines { lines: 1391..=1396 } in "./tmp/47/betree/PivotBranchRefinement_v.rs"
verus failed with time: 37704ms, reverting
commenting out line Lines { lines: 1397..=1397 } in "./tmp/47/betree/PivotBranchRefinement_v.rs"
verus succeeded with time: 41247ms, keeping it commented out
commenting out line Lines { lines: 1403..=1403 } in "./tmp/47/betree/PivotBranchRefinement_v.rs"
verus succeeded with time: 40697ms, keeping it commented out
commenting out line Lines { lines: 1404..=1404 } in "./tmp/47/betree/PivotBranchRefinement_v.rs"
verus failed with time: 38635ms, reverting
commenting out line Lines { lines: 1405..=1405 } in "./tmp/47/betree/PivotBranchRefinement_v.rs"
verus succeeded with time: 41381ms, keeping it commented out
commenting out line Lines { lines: 1401..=1406 } in "./tmp/47/betree/PivotBranchRefinement_v.rs"
verus failed with time: 38065ms, reverting
commenting out line Lines { lines: 1407..=1407 } in "./tmp/47/betree/PivotBranchRefinement_v.rs"
verus succeeded with time: 40974ms, keeping it commented out
commenting out line Lines { lines: 1411..=1411 } in "./tmp/47/betree/PivotBranchRefinement_v.rs"
verus succeeded with time: 41233ms, keeping it commented out
commenting out line Lines { lines: 1413..=1413 } in "./tmp/47/betree/PivotBranchRefinement_v.rs"
verus succeeded with time: 40970ms, keeping it commented out
commenting out line Lines { lines: 1427..=1427 } in "./tmp/47/betree/PivotBranchRefinement_v.rs"
verus succeeded with time: 40969ms, keeping it commented out
commenting out line Lines { lines: 1433..=1433 } in "./tmp/47/betree/PivotBranchRefinement_v.rs"
verus succeeded with time: 41185ms, keeping it commented out
commenting out line Lines { lines: 1436..=1436 } in "./tmp/47/betree/PivotBranchRefinement_v.rs"
verus succeeded with time: 40621ms, keeping it commented out
commenting out line Lines { lines: 1437..=1437 } in "./tmp/47/betree/PivotBranchRefinement_v.rs"
verus succeeded with time: 41129ms, keeping it commented out
commenting out line Lines { lines: 1438..=1438 } in "./tmp/47/betree/PivotBranchRefinement_v.rs"
verus succeeded with time: 40328ms, keeping it commented out
commenting out line Lines { lines: 1439..=1439 } in "./tmp/47/betree/PivotBranchRefinement_v.rs"
verus succeeded with time: 41215ms, keeping it commented out
commenting out line Lines { lines: 1440..=1440 } in "./tmp/47/betree/PivotBranchRefinement_v.rs"
verus succeeded with time: 41138ms, keeping it commented out
commenting out line Lines { lines: 1441..=1441 } in "./tmp/47/betree/PivotBranchRefinement_v.rs"
verus failed with time: 38031ms, reverting
commenting out line Lines { lines: 1446..=1446 } in "./tmp/47/betree/PivotBranchRefinement_v.rs"
verus succeeded with time: 40862ms, keeping it commented out
commenting out line Lines { lines: 1447..=1447 } in "./tmp/47/betree/PivotBranchRefinement_v.rs"
verus succeeded with time: 41267ms, keeping it commented out
commenting out line Lines { lines: 1449..=1449 } in "./tmp/47/betree/PivotBranchRefinement_v.rs"
verus succeeded with time: 40961ms, keeping it commented out
commenting out line Lines { lines: 1455..=1455 } in "./tmp/47/betree/PivotBranchRefinement_v.rs"
verus failed with time: 37815ms, reverting
commenting out line Lines { lines: 1457..=1457 } in "./tmp/47/betree/PivotBranchRefinement_v.rs"
verus failed with time: 38590ms, reverting
commenting out line Lines { lines: 1459..=1459 } in "./tmp/47/betree/PivotBranchRefinement_v.rs"
verus succeeded with time: 41311ms, keeping it commented out
commenting out line Lines { lines: 1460..=1460 } in "./tmp/47/betree/PivotBranchRefinement_v.rs"
verus succeeded with time: 40921ms, keeping it commented out
commenting out line Lines { lines: 1461..=1461 } in "./tmp/47/betree/PivotBranchRefinement_v.rs"
verus succeeded with time: 42155ms, keeping it commented out
commenting out line Lines { lines: 1463..=1463 } in "./tmp/47/betree/PivotBranchRefinement_v.rs"
verus succeeded with time: 41681ms, keeping it commented out
commenting out line Lines { lines: 1467..=1467 } in "./tmp/47/betree/PivotBranchRefinement_v.rs"
verus failed with time: 38653ms, reverting
commenting out line Lines { lines: 1469..=1473 } in "./tmp/47/betree/PivotBranchRefinement_v.rs"
verus succeeded with time: 41021ms, keeping it commented out
commenting out line Lines { lines: 1475..=1475 } in "./tmp/47/betree/PivotBranchRefinement_v.rs"
verus failed with time: 38741ms, reverting
commenting out line Lines { lines: 1477..=1477 } in "./tmp/47/betree/PivotBranchRefinement_v.rs"
verus succeeded with time: 41130ms, keeping it commented out
commenting out line Lines { lines: 1451..=1479 } in "./tmp/47/betree/PivotBranchRefinement_v.rs"
verus failed with time: 38258ms, reverting
commenting out line Lines { lines: 1482..=1482 } in "./tmp/47/betree/PivotBranchRefinement_v.rs"
verus succeeded with time: 41587ms, keeping it commented out
commenting out line Lines { lines: 1485..=1485 } in "./tmp/47/betree/PivotBranchRefinement_v.rs"
verus succeeded with time: 40879ms, keeping it commented out
commenting out line Lines { lines: 1491..=1491 } in "./tmp/47/betree/PivotBranchRefinement_v.rs"
verus succeeded with time: 41267ms, keeping it commented out
commenting out line Lines { lines: 1492..=1492 } in "./tmp/47/betree/PivotBranchRefinement_v.rs"
verus succeeded with time: 40651ms, keeping it commented out
commenting out line Lines { lines: 1494..=1494 } in "./tmp/47/betree/PivotBranchRefinement_v.rs"
verus succeeded with time: 41377ms, keeping it commented out
commenting out line Lines { lines: 1497..=1497 } in "./tmp/47/betree/PivotBranchRefinement_v.rs"
verus succeeded with time: 41007ms, keeping it commented out
commenting out line Lines { lines: 1499..=1499 } in "./tmp/47/betree/PivotBranchRefinement_v.rs"
verus succeeded with time: 41254ms, keeping it commented out
commenting out line Lines { lines: 1488..=1500 } in "./tmp/47/betree/PivotBranchRefinement_v.rs"
verus succeeded with time: 41191ms, keeping it commented out
commenting out line Lines { lines: 1502..=1502 } in "./tmp/47/betree/PivotBranchRefinement_v.rs"
verus succeeded with time: 41276ms, keeping it commented out
commenting out line Lines { lines: 1529..=1529 } in "./tmp/47/betree/PivotBranchRefinement_v.rs"
verus succeeded with time: 40854ms, keeping it commented out
commenting out line Lines { lines: 1530..=1530 } in "./tmp/47/betree/PivotBranchRefinement_v.rs"
verus succeeded with time: 40975ms, keeping it commented out
commenting out line Lines { lines: 1531..=1531 } in "./tmp/47/betree/PivotBranchRefinement_v.rs"
verus succeeded with time: 40832ms, keeping it commented out
commenting out line Lines { lines: 1537..=1537 } in "./tmp/47/betree/PivotBranchRefinement_v.rs"
verus succeeded with time: 40348ms, keeping it commented out
commenting out line Lines { lines: 1538..=1538 } in "./tmp/47/betree/PivotBranchRefinement_v.rs"
verus succeeded with time: 41285ms, keeping it commented out
commenting out line Lines { lines: 1539..=1539 } in "./tmp/47/betree/PivotBranchRefinement_v.rs"
verus succeeded with time: 40658ms, keeping it commented out
commenting out line Lines { lines: 1541..=1541 } in "./tmp/47/betree/PivotBranchRefinement_v.rs"
verus failed with time: 38793ms, reverting
commenting out line Lines { lines: 1542..=1542 } in "./tmp/47/betree/PivotBranchRefinement_v.rs"
verus failed with time: 38808ms, reverting
commenting out line Lines { lines: 1543..=1543 } in "./tmp/47/betree/PivotBranchRefinement_v.rs"
verus succeeded with time: 41060ms, keeping it commented out
commenting out line Lines { lines: 1545..=1545 } in "./tmp/47/betree/PivotBranchRefinement_v.rs"
verus failed with time: 37879ms, reverting
commenting out line Lines { lines: 1546..=1546 } in "./tmp/47/betree/PivotBranchRefinement_v.rs"
verus succeeded with time: 40956ms, keeping it commented out
commenting out line Lines { lines: 1562..=1562 } in "./tmp/47/betree/PivotBranchRefinement_v.rs"
verus succeeded with time: 40852ms, keeping it commented out
commenting out line Lines { lines: 1564..=1564 } in "./tmp/47/betree/PivotBranchRefinement_v.rs"
verus succeeded with time: 40937ms, keeping it commented out
commenting out line Lines { lines: 1590..=1590 } in "./tmp/47/betree/PivotBranchRefinement_v.rs"
verus succeeded with time: 40496ms, keeping it commented out
commenting out line Lines { lines: 1591..=1591 } in "./tmp/47/betree/PivotBranchRefinement_v.rs"
verus succeeded with time: 41101ms, keeping it commented out
commenting out line Lines { lines: 1592..=1592 } in "./tmp/47/betree/PivotBranchRefinement_v.rs"
verus succeeded with time: 41227ms, keeping it commented out
commenting out line Lines { lines: 1597..=1597 } in "./tmp/47/betree/PivotBranchRefinement_v.rs"
verus succeeded with time: 40678ms, keeping it commented out
commenting out line Lines { lines: 1598..=1598 } in "./tmp/47/betree/PivotBranchRefinement_v.rs"
verus succeeded with time: 40996ms, keeping it commented out
commenting out line Lines { lines: 1599..=1599 } in "./tmp/47/betree/PivotBranchRefinement_v.rs"
verus succeeded with time: 40722ms, keeping it commented out
commenting out line Lines { lines: 1600..=1600 } in "./tmp/47/betree/PivotBranchRefinement_v.rs"
verus succeeded with time: 40880ms, keeping it commented out
commenting out line Lines { lines: 1601..=1601 } in "./tmp/47/betree/PivotBranchRefinement_v.rs"
verus failed with time: 38562ms, reverting
commenting out line Lines { lines: 1603..=1603 } in "./tmp/47/betree/PivotBranchRefinement_v.rs"
verus succeeded with time: 40895ms, keeping it commented out
commenting out line Lines { lines: 1604..=1604 } in "./tmp/47/betree/PivotBranchRefinement_v.rs"
verus succeeded with time: 41323ms, keeping it commented out
commenting out line Lines { lines: 1610..=1610 } in "./tmp/47/betree/PivotBranchRefinement_v.rs"
verus succeeded with time: 40891ms, keeping it commented out
commenting out line Lines { lines: 1611..=1611 } in "./tmp/47/betree/PivotBranchRefinement_v.rs"
verus succeeded with time: 40742ms, keeping it commented out
commenting out line Lines { lines: 1613..=1613 } in "./tmp/47/betree/PivotBranchRefinement_v.rs"
verus succeeded with time: 40823ms, keeping it commented out
commenting out line Lines { lines: 1616..=1616 } in "./tmp/47/betree/PivotBranchRefinement_v.rs"
verus succeeded with time: 41064ms, keeping it commented out
commenting out line Lines { lines: 1617..=1617 } in "./tmp/47/betree/PivotBranchRefinement_v.rs"
verus succeeded with time: 41152ms, keeping it commented out
commenting out line Lines { lines: 1619..=1619 } in "./tmp/47/betree/PivotBranchRefinement_v.rs"
verus succeeded with time: 40870ms, keeping it commented out
commenting out line Lines { lines: 1621..=1621 } in "./tmp/47/betree/PivotBranchRefinement_v.rs"
verus failed with time: 37979ms, reverting
commenting out line Lines { lines: 1622..=1622 } in "./tmp/47/betree/PivotBranchRefinement_v.rs"
verus succeeded with time: 41111ms, keeping it commented out
commenting out line Lines { lines: 1629..=1629 } in "./tmp/47/betree/PivotBranchRefinement_v.rs"
verus failed with time: 38137ms, reverting
commenting out line Lines { lines: 1637..=1637 } in "./tmp/47/betree/PivotBranchRefinement_v.rs"
verus succeeded with time: 40495ms, keeping it commented out
commenting out line Lines { lines: 1639..=1639 } in "./tmp/47/betree/PivotBranchRefinement_v.rs"
verus failed with time: 37757ms, reverting
commenting out line Lines { lines: 1640..=1640 } in "./tmp/47/betree/PivotBranchRefinement_v.rs"
verus succeeded with time: 40863ms, keeping it commented out
commenting out line Lines { lines: 1642..=1642 } in "./tmp/47/betree/PivotBranchRefinement_v.rs"
verus succeeded with time: 41099ms, keeping it commented out
commenting out line Lines { lines: 1643..=1643 } in "./tmp/47/betree/PivotBranchRefinement_v.rs"
verus succeeded with time: 41114ms, keeping it commented out
commenting out line Lines { lines: 1645..=1645 } in "./tmp/47/betree/PivotBranchRefinement_v.rs"
verus succeeded with time: 40995ms, keeping it commented out
commenting out line Lines { lines: 1628..=1647 } in "./tmp/47/betree/PivotBranchRefinement_v.rs"
verus failed with time: 37869ms, reverting
commenting out line Lines { lines: 1658..=1658 } in "./tmp/47/betree/PivotBranchRefinement_v.rs"
verus succeeded with time: 40861ms, keeping it commented out
commenting out line Lines { lines: 1660..=1660 } in "./tmp/47/betree/PivotBranchRefinement_v.rs"
verus failed with time: 37510ms, reverting
commenting out line Lines { lines: 1661..=1661 } in "./tmp/47/betree/PivotBranchRefinement_v.rs"
verus succeeded with time: 41010ms, keeping it commented out
commenting out line Lines { lines: 1663..=1663 } in "./tmp/47/betree/PivotBranchRefinement_v.rs"
verus succeeded with time: 40736ms, keeping it commented out
commenting out line Lines { lines: 1665..=1665 } in "./tmp/47/betree/PivotBranchRefinement_v.rs"
verus failed with time: 37889ms, reverting
commenting out line Lines { lines: 1664..=1666 } in "./tmp/47/betree/PivotBranchRefinement_v.rs"
verus failed with time: 37586ms, reverting
commenting out line Lines { lines: 1668..=1668 } in "./tmp/47/betree/PivotBranchRefinement_v.rs"
verus succeeded with time: 40961ms, keeping it commented out
commenting out line Lines { lines: 1672..=1672 } in "./tmp/47/betree/PivotBranchRefinement_v.rs"
verus failed with time: 38161ms, reverting
commenting out line Lines { lines: 1671..=1673 } in "./tmp/47/betree/PivotBranchRefinement_v.rs"
verus failed with time: 38604ms, reverting
commenting out line Lines { lines: 1675..=1675 } in "./tmp/47/betree/PivotBranchRefinement_v.rs"
verus succeeded with time: 41028ms, keeping it commented out
commenting out line Lines { lines: 1679..=1679 } in "./tmp/47/betree/PivotBranchRefinement_v.rs"
verus failed with time: 37886ms, reverting
commenting out line Lines { lines: 1677..=1680 } in "./tmp/47/betree/PivotBranchRefinement_v.rs"
verus failed with time: 38615ms, reverting
commenting out line Lines { lines: 1684..=1684 } in "./tmp/47/betree/PivotBranchRefinement_v.rs"
verus failed with time: 39397ms, reverting
commenting out line Lines { lines: 1682..=1685 } in "./tmp/47/betree/PivotBranchRefinement_v.rs"
verus failed with time: 37921ms, reverting
commenting out line Lines { lines: 1696..=1696 } in "./tmp/47/betree/PivotBranchRefinement_v.rs"
verus succeeded with time: 40457ms, keeping it commented out
commenting out line Lines { lines: 1703..=1703 } in "./tmp/47/betree/PivotBranchRefinement_v.rs"
verus succeeded with time: 40682ms, keeping it commented out
commenting out line Lines { lines: 1704..=1704 } in "./tmp/47/betree/PivotBranchRefinement_v.rs"
verus succeeded with time: 41491ms, keeping it commented out
commenting out line Lines { lines: 1707..=1707 } in "./tmp/47/betree/PivotBranchRefinement_v.rs"
verus succeeded with time: 40707ms, keeping it commented out
commenting out line Lines { lines: 1709..=1709 } in "./tmp/47/betree/PivotBranchRefinement_v.rs"
verus succeeded with time: 40924ms, keeping it commented out
commenting out line Lines { lines: 1710..=1710 } in "./tmp/47/betree/PivotBranchRefinement_v.rs"
verus succeeded with time: 41015ms, keeping it commented out
commenting out line Lines { lines: 1711..=1711 } in "./tmp/47/betree/PivotBranchRefinement_v.rs"
verus succeeded with time: 40877ms, keeping it commented out
commenting out line Lines { lines: 1713..=1713 } in "./tmp/47/betree/PivotBranchRefinement_v.rs"
verus succeeded with time: 41480ms, keeping it commented out
commenting out line Lines { lines: 1714..=1714 } in "./tmp/47/betree/PivotBranchRefinement_v.rs"
verus failed with time: 38254ms, reverting
commenting out line Lines { lines: 1722..=1722 } in "./tmp/47/betree/PivotBranchRefinement_v.rs"
verus succeeded with time: 40965ms, keeping it commented out
commenting out line Lines { lines: 1723..=1723 } in "./tmp/47/betree/PivotBranchRefinement_v.rs"
verus succeeded with time: 41077ms, keeping it commented out
commenting out line Lines { lines: 1724..=1724 } in "./tmp/47/betree/PivotBranchRefinement_v.rs"
verus succeeded with time: 40850ms, keeping it commented out
commenting out line Lines { lines: 1725..=1725 } in "./tmp/47/betree/PivotBranchRefinement_v.rs"
verus succeeded with time: 40884ms, keeping it commented out
commenting out line Lines { lines: 1726..=1726 } in "./tmp/47/betree/PivotBranchRefinement_v.rs"
verus succeeded with time: 40654ms, keeping it commented out
commenting out line Lines { lines: 1728..=1728 } in "./tmp/47/betree/PivotBranchRefinement_v.rs"
verus succeeded with time: 41138ms, keeping it commented out
commenting out line Lines { lines: 1735..=1735 } in "./tmp/47/betree/PivotBranchRefinement_v.rs"
verus succeeded with time: 40710ms, keeping it commented out
commenting out line Lines { lines: 1736..=1736 } in "./tmp/47/betree/PivotBranchRefinement_v.rs"
verus succeeded with time: 41044ms, keeping it commented out
commenting out line Lines { lines: 1741..=1741 } in "./tmp/47/betree/PivotBranchRefinement_v.rs"
verus succeeded with time: 41503ms, keeping it commented out
commenting out line Lines { lines: 1742..=1742 } in "./tmp/47/betree/PivotBranchRefinement_v.rs"
verus succeeded with time: 40997ms, keeping it commented out
commenting out line Lines { lines: 1739..=1744 } in "./tmp/47/betree/PivotBranchRefinement_v.rs"
verus succeeded with time: 41784ms, keeping it commented out
commenting out line Lines { lines: 1733..=1747 } in "./tmp/47/betree/PivotBranchRefinement_v.rs"
verus failed with time: 38485ms, reverting
commenting out line Lines { lines: 1753..=1753 } in "./tmp/47/betree/PivotBranchRefinement_v.rs"
verus succeeded with time: 41275ms, keeping it commented out
commenting out line Lines { lines: 1754..=1754 } in "./tmp/47/betree/PivotBranchRefinement_v.rs"
verus succeeded with time: 41599ms, keeping it commented out
commenting out line Lines { lines: 1751..=1756 } in "./tmp/47/betree/PivotBranchRefinement_v.rs"
verus succeeded with time: 41646ms, keeping it commented out
commenting out line Lines { lines: 1759..=1759 } in "./tmp/47/betree/PivotBranchRefinement_v.rs"
verus succeeded with time: 41254ms, keeping it commented out
commenting out line Lines { lines: 1760..=1760 } in "./tmp/47/betree/PivotBranchRefinement_v.rs"
verus succeeded with time: 40775ms, keeping it commented out
commenting out line Lines { lines: 1749..=1763 } in "./tmp/47/betree/PivotBranchRefinement_v.rs"
verus failed with time: 37853ms, reverting
commenting out line Lines { lines: 1768..=1768 } in "./tmp/47/betree/PivotBranchRefinement_v.rs"
verus succeeded with time: 41592ms, keeping it commented out
commenting out line Lines { lines: 1769..=1769 } in "./tmp/47/betree/PivotBranchRefinement_v.rs"
verus succeeded with time: 41982ms, keeping it commented out
commenting out line Lines { lines: 1771..=1771 } in "./tmp/47/betree/PivotBranchRefinement_v.rs"
verus succeeded with time: 41081ms, keeping it commented out
commenting out line Lines { lines: 1772..=1772 } in "./tmp/47/betree/PivotBranchRefinement_v.rs"
verus succeeded with time: 41325ms, keeping it commented out
commenting out line Lines { lines: 1775..=1775 } in "./tmp/47/betree/PivotBranchRefinement_v.rs"
verus succeeded with time: 40971ms, keeping it commented out
commenting out line Lines { lines: 1776..=1776 } in "./tmp/47/betree/PivotBranchRefinement_v.rs"
verus succeeded with time: 41312ms, keeping it commented out
commenting out line Lines { lines: 1777..=1777 } in "./tmp/47/betree/PivotBranchRefinement_v.rs"
verus succeeded with time: 41181ms, keeping it commented out
commenting out line Lines { lines: 1779..=1779 } in "./tmp/47/betree/PivotBranchRefinement_v.rs"
verus succeeded with time: 41141ms, keeping it commented out
commenting out line Lines { lines: 1780..=1780 } in "./tmp/47/betree/PivotBranchRefinement_v.rs"
verus succeeded with time: 40776ms, keeping it commented out
commenting out line Lines { lines: 1781..=1781 } in "./tmp/47/betree/PivotBranchRefinement_v.rs"
verus succeeded with time: 41329ms, keeping it commented out
commenting out line Lines { lines: 1719..=1783 } in "./tmp/47/betree/PivotBranchRefinement_v.rs"
verus failed with time: 38056ms, reverting
commenting out line Lines { lines: 1789..=1789 } in "./tmp/47/betree/PivotBranchRefinement_v.rs"
verus succeeded with time: 40910ms, keeping it commented out
commenting out line Lines { lines: 1791..=1791 } in "./tmp/47/betree/PivotBranchRefinement_v.rs"
verus succeeded with time: 40769ms, keeping it commented out
commenting out line Lines { lines: 1793..=1793 } in "./tmp/47/betree/PivotBranchRefinement_v.rs"
verus succeeded with time: 41089ms, keeping it commented out
commenting out line Lines { lines: 1800..=1800 } in "./tmp/47/betree/PivotBranchRefinement_v.rs"
verus succeeded with time: 41332ms, keeping it commented out
commenting out line Lines { lines: 1801..=1801 } in "./tmp/47/betree/PivotBranchRefinement_v.rs"
verus failed with time: 37765ms, reverting
commenting out line Lines { lines: 1804..=1804 } in "./tmp/47/betree/PivotBranchRefinement_v.rs"
verus succeeded with time: 41086ms, keeping it commented out
commenting out line Lines { lines: 1807..=1807 } in "./tmp/47/betree/PivotBranchRefinement_v.rs"
verus succeeded with time: 40624ms, keeping it commented out
commenting out line Lines { lines: 1809..=1809 } in "./tmp/47/betree/PivotBranchRefinement_v.rs"
verus succeeded with time: 41316ms, keeping it commented out
commenting out line Lines { lines: 1810..=1810 } in "./tmp/47/betree/PivotBranchRefinement_v.rs"
verus succeeded with time: 40740ms, keeping it commented out
commenting out line Lines { lines: 1805..=1812 } in "./tmp/47/betree/PivotBranchRefinement_v.rs"
verus failed with time: 37926ms, reverting
commenting out line Lines { lines: 1798..=1815 } in "./tmp/47/betree/PivotBranchRefinement_v.rs"
verus failed with time: 38274ms, reverting
commenting out line Lines { lines: 1821..=1821 } in "./tmp/47/betree/PivotBranchRefinement_v.rs"
verus succeeded with time: 41165ms, keeping it commented out
commenting out line Lines { lines: 1822..=1822 } in "./tmp/47/betree/PivotBranchRefinement_v.rs"
verus failed with time: 38220ms, reverting
commenting out line Lines { lines: 1824..=1824 } in "./tmp/47/betree/PivotBranchRefinement_v.rs"
verus succeeded with time: 41313ms, keeping it commented out
commenting out line Lines { lines: 1825..=1825 } in "./tmp/47/betree/PivotBranchRefinement_v.rs"
verus failed with time: 38297ms, reverting
commenting out line Lines { lines: 1819..=1827 } in "./tmp/47/betree/PivotBranchRefinement_v.rs"
verus failed with time: 38145ms, reverting
commenting out line Lines { lines: 1830..=1830 } in "./tmp/47/betree/PivotBranchRefinement_v.rs"
verus succeeded with time: 40746ms, keeping it commented out
commenting out line Lines { lines: 1831..=1831 } in "./tmp/47/betree/PivotBranchRefinement_v.rs"
verus succeeded with time: 40425ms, keeping it commented out
commenting out line Lines { lines: 1817..=1834 } in "./tmp/47/betree/PivotBranchRefinement_v.rs"
verus failed with time: 38366ms, reverting
commenting out line Lines { lines: 1839..=1839 } in "./tmp/47/betree/PivotBranchRefinement_v.rs"
verus succeeded with time: 41137ms, keeping it commented out
commenting out line Lines { lines: 1840..=1840 } in "./tmp/47/betree/PivotBranchRefinement_v.rs"
verus succeeded with time: 40953ms, keeping it commented out
commenting out line Lines { lines: 1838..=1841 } in "./tmp/47/betree/PivotBranchRefinement_v.rs"
verus failed with time: 37775ms, reverting
commenting out line Lines { lines: 1842..=1842 } in "./tmp/47/betree/PivotBranchRefinement_v.rs"
verus failed with time: 37989ms, reverting
commenting out line Lines { lines: 1843..=1843 } in "./tmp/47/betree/PivotBranchRefinement_v.rs"
verus failed with time: 37660ms, reverting
commenting out line Lines { lines: 1846..=1846 } in "./tmp/47/betree/PivotBranchRefinement_v.rs"
verus failed with time: 37946ms, reverting
commenting out line Lines { lines: 1847..=1847 } in "./tmp/47/betree/PivotBranchRefinement_v.rs"
verus failed with time: 37698ms, reverting
commenting out line Lines { lines: 1845..=1848 } in "./tmp/47/betree/PivotBranchRefinement_v.rs"
verus failed with time: 38482ms, reverting
commenting out line Lines { lines: 1849..=1849 } in "./tmp/47/betree/PivotBranchRefinement_v.rs"
verus failed with time: 38199ms, reverting
commenting out line Lines { lines: 1850..=1850 } in "./tmp/47/betree/PivotBranchRefinement_v.rs"
verus failed with time: 37979ms, reverting
commenting out line Lines { lines: 1852..=1852 } in "./tmp/47/betree/PivotBranchRefinement_v.rs"
verus failed with time: 38076ms, reverting
commenting out line Lines { lines: 1853..=1853 } in "./tmp/47/betree/PivotBranchRefinement_v.rs"
verus failed with time: 37599ms, reverting
commenting out line Lines { lines: 1854..=1854 } in "./tmp/47/betree/PivotBranchRefinement_v.rs"
verus failed with time: 37413ms, reverting
commenting out line Lines { lines: 1856..=1856 } in "./tmp/47/betree/PivotBranchRefinement_v.rs"
verus failed with time: 38080ms, reverting
commenting out line Lines { lines: 1857..=1857 } in "./tmp/47/betree/PivotBranchRefinement_v.rs"
verus failed with time: 37965ms, reverting
commenting out line Lines { lines: 1858..=1858 } in "./tmp/47/betree/PivotBranchRefinement_v.rs"
verus failed with time: 37793ms, reverting
commenting out line Lines { lines: 1860..=1860 } in "./tmp/47/betree/PivotBranchRefinement_v.rs"
verus failed with time: 38428ms, reverting
commenting out line Lines { lines: 1785..=1861 } in "./tmp/47/betree/PivotBranchRefinement_v.rs"
verus failed with time: 38751ms, reverting
commenting out line Lines { lines: 1864..=1864 } in "./tmp/47/betree/PivotBranchRefinement_v.rs"
verus failed with time: 38902ms, reverting
commenting out line Lines { lines: 1867..=1867 } in "./tmp/47/betree/PivotBranchRefinement_v.rs"
verus failed with time: 37921ms, reverting
commenting out line Lines { lines: 1884..=1884 } in "./tmp/47/betree/PivotBranchRefinement_v.rs"
verus succeeded with time: 41213ms, keeping it commented out
commenting out line Lines { lines: 1891..=1891 } in "./tmp/47/betree/PivotBranchRefinement_v.rs"
verus succeeded with time: 41108ms, keeping it commented out
commenting out line Lines { lines: 1892..=1892 } in "./tmp/47/betree/PivotBranchRefinement_v.rs"
verus succeeded with time: 41299ms, keeping it commented out
commenting out line Lines { lines: 1895..=1895 } in "./tmp/47/betree/PivotBranchRefinement_v.rs"
verus succeeded with time: 41193ms, keeping it commented out
commenting out line Lines { lines: 1900..=1900 } in "./tmp/47/betree/PivotBranchRefinement_v.rs"
verus failed with time: 38133ms, reverting
commenting out line Lines { lines: 1902..=1902 } in "./tmp/47/betree/PivotBranchRefinement_v.rs"
verus succeeded with time: 41254ms, keeping it commented out
minimization of ./tmp/47/betree/PivotBranchRefinement_v.rs is completed
