    Finished `release` profile [optimized] target(s) in 0.74s
     Running `/local/abai/verus/source/target/release/minimize -d ./tmp/ /local/abai/verified-betrfs/Splinter/src/lib.d`
original verification time: 29207ms
minimization of ./tmp/0/lib.rs is completed
minimization of ./tmp/1/abstract_system.rs is completed
minimization of ./tmp/2/abstract_system/AbstractCrashAwareJournal_v.rs is completed
minimization of ./tmp/3/abstract_system/AbstractCrashAwareMap_v.rs is completed
minimization of ./tmp/5/abstract_system/AbstractCrashAwareSystem_v.rs is completed
minimization of ./tmp/6/abstract_system/AbstractJournal_v.rs is completed
minimization of ./tmp/7/abstract_system/AbstractMap_v.rs is completed
minimization of ./tmp/9/abstract_system/StampedMap_v.rs is completed
minimization of ./tmp/10/allocation_layer.rs is completed
minimization of ./tmp/15/allocation_layer/AllocationBetree_v.rs is completed
commenting out line Lines { lines: 355..=371 } in "./tmp/8/abstract_system/MsgHistory_v.rs"
verus failed with time: 58167ms, reverting
minimization of ./tmp/8/abstract_system/MsgHistory_v.rs is completed
commenting out line Lines { lines: 102..=102 } in "./tmp/13/allocation_layer/AllocationJournalRefinement_v.rs"
verus failed with time: 58293ms, reverting
commenting out line Lines { lines: 158..=158 } in "./tmp/11/allocation_layer/AllocationCrashAwareJournalRefinement_v.rs"
verus failed with time: 58676ms, reverting
commenting out line Lines { lines: 178..=178 } in "./tmp/4/abstract_system/AbstractCrashAwareSystemRefinement_v.rs"
verus failed with time: 58742ms, reverting
commenting out line Lines { lines: 404..=404 } in "./tmp/16/allocation_layer/AllocationBetreeRefinement_v.rs"
verus failed with time: 58800ms, reverting
commenting out line Lines { lines: 272..=280 } in "./tmp/12/allocation_layer/AllocationCrashAwareJournal_v.rs"
verus failed with time: 59226ms, reverting
minimization of ./tmp/12/allocation_layer/AllocationCrashAwareJournal_v.rs is completed
commenting out line Lines { lines: 267..=267 } in "./tmp/14/allocation_layer/AllocationJournal_v.rs"
verus failed with time: 59393ms, reverting
commenting out line Lines { lines: 311..=312 } in "./tmp/11/allocation_layer/AllocationCrashAwareJournalRefinement_v.rs"
verus failed with time: 58566ms, reverting
commenting out line Lines { lines: 124..=146 } in "./tmp/13/allocation_layer/AllocationJournalRefinement_v.rs"
verus failed with time: 58995ms, reverting
commenting out line Lines { lines: 244..=244 } in "./tmp/17/allocation_layer/AllocationBranch_v.rs"
verus failed with time: 59044ms, reverting
commenting out line Lines { lines: 167..=179 } in "./tmp/4/abstract_system/AbstractCrashAwareSystemRefinement_v.rs"
verus failed with time: 59184ms, reverting
commenting out line Lines { lines: 407..=407 } in "./tmp/16/allocation_layer/AllocationBetreeRefinement_v.rs"
verus failed with time: 59000ms, reverting
commenting out line Lines { lines: 264..=268 } in "./tmp/14/allocation_layer/AllocationJournal_v.rs"
verus failed with time: 58603ms, reverting
commenting out line Lines { lines: 129..=136 } in "./tmp/18/allocation_layer/AllocationBranchBetree_v.rs"
verus failed with time: 58758ms, reverting
commenting out line Lines { lines: 409..=409 } in "./tmp/16/allocation_layer/AllocationBetreeRefinement_v.rs"
verus failed with time: 6102ms, reverting
minimization of ./tmp/16/allocation_layer/AllocationBetreeRefinement_v.rs is completed
commenting out line Lines { lines: 258..=258 } in "./tmp/17/allocation_layer/AllocationBranch_v.rs"
verus failed with time: 56908ms, reverting
commenting out line Lines { lines: 321..=322 } in "./tmp/11/allocation_layer/AllocationCrashAwareJournalRefinement_v.rs"
verus failed with time: 57060ms, reverting
minimization of ./tmp/11/allocation_layer/AllocationCrashAwareJournalRefinement_v.rs is completed
commenting out line Lines { lines: 182..=182 } in "./tmp/13/allocation_layer/AllocationJournalRefinement_v.rs"
verus failed with time: 57887ms, reverting
commenting out line Lines { lines: 615..=622 } in "./tmp/4/abstract_system/AbstractCrashAwareSystemRefinement_v.rs"
verus failed with time: 58002ms, reverting
commenting out line Lines { lines: 358..=358 } in "./tmp/14/allocation_layer/AllocationJournal_v.rs"
verus failed with time: 57872ms, reverting
commenting out line Lines { lines: 518..=518 } in "./tmp/18/allocation_layer/AllocationBranchBetree_v.rs"
verus succeeded with time: 62875ms, keeping it commented out
commenting out line Lines { lines: 70..=70 } in "./tmp/19/allocation_layer/AllocationBranchBetreeRefinement_v.rs"
verus failed with time: 57709ms, reverting
commenting out line Lines { lines: 271..=271 } in "./tmp/17/allocation_layer/AllocationBranch_v.rs"
verus failed with time: 56266ms, reverting
commenting out line Lines { lines: 50..=50 } in "./tmp/20/allocation_layer/Likes_v.rs"
verus failed with time: 57421ms, reverting
commenting out line Lines { lines: 230..=230 } in "./tmp/13/allocation_layer/AllocationJournalRefinement_v.rs"
verus failed with time: 57830ms, reverting
minimization of ./tmp/13/allocation_layer/AllocationJournalRefinement_v.rs is completed
commenting out line Lines { lines: 662..=670 } in "./tmp/4/abstract_system/AbstractCrashAwareSystemRefinement_v.rs"
verus failed with time: 57909ms, reverting
commenting out line Lines { lines: 356..=361 } in "./tmp/14/allocation_layer/AllocationJournal_v.rs"
verus failed with time: 58531ms, reverting
commenting out line Lines { lines: 528..=528 } in "./tmp/18/allocation_layer/AllocationBranchBetree_v.rs"
verus failed with time: 57441ms, reverting
commenting out line Lines { lines: 100..=100 } in "./tmp/19/allocation_layer/AllocationBranchBetreeRefinement_v.rs"
verus failed with time: 57295ms, reverting
commenting out line Lines { lines: 277..=277 } in "./tmp/17/allocation_layer/AllocationBranch_v.rs"
verus failed with time: 57169ms, reverting
commenting out line Lines { lines: 46..=54 } in "./tmp/20/allocation_layer/Likes_v.rs"
verus failed with time: 56948ms, reverting
commenting out line Lines { lines: 45..=45 } in "./tmp/21/allocation_layer/LikesBetree_v.rs"
verus failed with time: 56407ms, reverting
commenting out line Lines { lines: 689..=694 } in "./tmp/4/abstract_system/AbstractCrashAwareSystemRefinement_v.rs"
verus failed with time: 57099ms, reverting
commenting out line Lines { lines: 380..=383 } in "./tmp/14/allocation_layer/AllocationJournal_v.rs"
verus failed with time: 58236ms, reverting
commenting out line Lines { lines: 136..=136 } in "./tmp/19/allocation_layer/AllocationBranchBetreeRefinement_v.rs"
verus failed with time: 56619ms, reverting
commenting out line Lines { lines: 566..=566 } in "./tmp/18/allocation_layer/AllocationBranchBetree_v.rs"
verus failed with time: 57608ms, reverting
commenting out line Lines { lines: 282..=282 } in "./tmp/17/allocation_layer/AllocationBranch_v.rs"
verus failed with time: 56290ms, reverting
commenting out line Lines { lines: 61..=61 } in "./tmp/20/allocation_layer/Likes_v.rs"
verus failed with time: 56873ms, reverting
commenting out line Lines { lines: 154..=154 } in "./tmp/21/allocation_layer/LikesBetree_v.rs"
verus failed with time: 56771ms, reverting
commenting out line Lines { lines: 705..=710 } in "./tmp/4/abstract_system/AbstractCrashAwareSystemRefinement_v.rs"
verus failed with time: 56718ms, reverting
commenting out line Lines { lines: 385..=385 } in "./tmp/14/allocation_layer/AllocationJournal_v.rs"
verus failed with time: 58083ms, reverting
commenting out line Lines { lines: 171..=171 } in "./tmp/19/allocation_layer/AllocationBranchBetreeRefinement_v.rs"
verus failed with time: 56868ms, reverting
commenting out line Lines { lines: 603..=603 } in "./tmp/18/allocation_layer/AllocationBranchBetree_v.rs"
verus failed with time: 57430ms, reverting
commenting out line Lines { lines: 283..=283 } in "./tmp/17/allocation_layer/AllocationBranch_v.rs"
verus failed with time: 55997ms, reverting
commenting out line Lines { lines: 196..=196 } in "./tmp/21/allocation_layer/LikesBetree_v.rs"
verus failed with time: 56546ms, reverting
commenting out line Lines { lines: 75..=75 } in "./tmp/20/allocation_layer/Likes_v.rs"
verus failed with time: 57517ms, reverting
commenting out line Lines { lines: 794..=801 } in "./tmp/4/abstract_system/AbstractCrashAwareSystemRefinement_v.rs"
verus failed with time: 56763ms, reverting
commenting out line Lines { lines: 420..=420 } in "./tmp/14/allocation_layer/AllocationJournal_v.rs"
verus failed with time: 57647ms, reverting
commenting out line Lines { lines: 236..=236 } in "./tmp/19/allocation_layer/AllocationBranchBetreeRefinement_v.rs"
verus failed with time: 57193ms, reverting
commenting out line Lines { lines: 613..=613 } in "./tmp/18/allocation_layer/AllocationBranchBetree_v.rs"
verus failed with time: 57461ms, reverting
commenting out line Lines { lines: 303..=303 } in "./tmp/17/allocation_layer/AllocationBranch_v.rs"
verus failed with time: 56556ms, reverting
commenting out line Lines { lines: 232..=232 } in "./tmp/21/allocation_layer/LikesBetree_v.rs"
verus failed with time: 58137ms, reverting
commenting out line Lines { lines: 76..=76 } in "./tmp/20/allocation_layer/Likes_v.rs"
verus failed with time: 57600ms, reverting
commenting out line Lines { lines: 873..=873 } in "./tmp/4/abstract_system/AbstractCrashAwareSystemRefinement_v.rs"
verus failed with time: 58733ms, reverting
commenting out line Lines { lines: 440..=440 } in "./tmp/14/allocation_layer/AllocationJournal_v.rs"
verus failed with time: 56811ms, reverting
commenting out line Lines { lines: 242..=242 } in "./tmp/19/allocation_layer/AllocationBranchBetreeRefinement_v.rs"
verus failed with time: 56472ms, reverting
commenting out line Lines { lines: 617..=617 } in "./tmp/18/allocation_layer/AllocationBranchBetree_v.rs"
verus failed with time: 56807ms, reverting
commenting out line Lines { lines: 304..=304 } in "./tmp/17/allocation_layer/AllocationBranch_v.rs"
verus failed with time: 56294ms, reverting
commenting out line Lines { lines: 278..=278 } in "./tmp/21/allocation_layer/LikesBetree_v.rs"
verus failed with time: 57683ms, reverting
commenting out line Lines { lines: 91..=91 } in "./tmp/20/allocation_layer/Likes_v.rs"
verus failed with time: 58524ms, reverting
commenting out line Lines { lines: 884..=887 } in "./tmp/4/abstract_system/AbstractCrashAwareSystemRefinement_v.rs"
verus failed with time: 58771ms, reverting
commenting out line Lines { lines: 246..=246 } in "./tmp/19/allocation_layer/AllocationBranchBetreeRefinement_v.rs"
verus failed with time: 56613ms, reverting
commenting out line Lines { lines: 513..=513 } in "./tmp/14/allocation_layer/AllocationJournal_v.rs"
verus failed with time: 58501ms, reverting
commenting out line Lines { lines: 692..=692 } in "./tmp/18/allocation_layer/AllocationBranchBetree_v.rs"
verus failed with time: 56928ms, reverting
commenting out line Lines { lines: 309..=309 } in "./tmp/17/allocation_layer/AllocationBranch_v.rs"
verus failed with time: 55859ms, reverting
commenting out line Lines { lines: 285..=285 } in "./tmp/21/allocation_layer/LikesBetree_v.rs"
verus failed with time: 57054ms, reverting
commenting out line Lines { lines: 93..=93 } in "./tmp/20/allocation_layer/Likes_v.rs"
verus failed with time: 57992ms, reverting
commenting out line Lines { lines: 990..=990 } in "./tmp/4/abstract_system/AbstractCrashAwareSystemRefinement_v.rs"
verus failed with time: 57987ms, reverting
commenting out line Lines { lines: 610..=610 } in "./tmp/14/allocation_layer/AllocationJournal_v.rs"
verus failed with time: 56821ms, reverting
commenting out line Lines { lines: 229..=255 } in "./tmp/19/allocation_layer/AllocationBranchBetreeRefinement_v.rs"
verus failed with time: 57892ms, reverting
commenting out line Lines { lines: 697..=697 } in "./tmp/18/allocation_layer/AllocationBranchBetree_v.rs"
verus failed with time: 58417ms, reverting
commenting out line Lines { lines: 317..=317 } in "./tmp/17/allocation_layer/AllocationBranch_v.rs"
verus failed with time: 56039ms, reverting
commenting out line Lines { lines: 327..=327 } in "./tmp/21/allocation_layer/LikesBetree_v.rs"
verus failed with time: 55977ms, reverting
commenting out line Lines { lines: 102..=102 } in "./tmp/20/allocation_layer/Likes_v.rs"
verus failed with time: 56292ms, reverting
commenting out line Lines { lines: 994..=997 } in "./tmp/4/abstract_system/AbstractCrashAwareSystemRefinement_v.rs"
verus failed with time: 57156ms, reverting
commenting out line Lines { lines: 268..=268 } in "./tmp/19/allocation_layer/AllocationBranchBetreeRefinement_v.rs"
verus failed with time: 57644ms, reverting
commenting out line Lines { lines: 597..=613 } in "./tmp/14/allocation_layer/AllocationJournal_v.rs"
verus failed with time: 58015ms, reverting
commenting out line Lines { lines: 694..=699 } in "./tmp/18/allocation_layer/AllocationBranchBetree_v.rs"
verus failed with time: 57358ms, reverting
commenting out line Lines { lines: 322..=322 } in "./tmp/17/allocation_layer/AllocationBranch_v.rs"
verus failed with time: 55927ms, reverting
commenting out line Lines { lines: 329..=329 } in "./tmp/21/allocation_layer/LikesBetree_v.rs"
verus failed with time: 56419ms, reverting
commenting out line Lines { lines: 104..=104 } in "./tmp/20/allocation_layer/Likes_v.rs"
verus failed with time: 56958ms, reverting
commenting out line Lines { lines: 1021..=1021 } in "./tmp/4/abstract_system/AbstractCrashAwareSystemRefinement_v.rs"
verus failed with time: 58761ms, reverting
commenting out line Lines { lines: 647..=647 } in "./tmp/14/allocation_layer/AllocationJournal_v.rs"
verus failed with time: 57629ms, reverting
commenting out line Lines { lines: 271..=271 } in "./tmp/19/allocation_layer/AllocationBranchBetreeRefinement_v.rs"
verus failed with time: 58078ms, reverting
commenting out line Lines { lines: 693..=700 } in "./tmp/18/allocation_layer/AllocationBranchBetree_v.rs"
verus failed with time: 57683ms, reverting
commenting out line Lines { lines: 323..=323 } in "./tmp/17/allocation_layer/AllocationBranch_v.rs"
verus failed with time: 55201ms, reverting
commenting out line Lines { lines: 333..=333 } in "./tmp/21/allocation_layer/LikesBetree_v.rs"
verus failed with time: 56279ms, reverting
commenting out line Lines { lines: 108..=108 } in "./tmp/20/allocation_layer/Likes_v.rs"
verus failed with time: 55939ms, reverting
commenting out line Lines { lines: 682..=684 } in "./tmp/14/allocation_layer/AllocationJournal_v.rs"
verus failed with time: 56733ms, reverting
commenting out line Lines { lines: 1020..=1022 } in "./tmp/4/abstract_system/AbstractCrashAwareSystemRefinement_v.rs"
verus failed with time: 57904ms, reverting
commenting out line Lines { lines: 288..=288 } in "./tmp/19/allocation_layer/AllocationBranchBetreeRefinement_v.rs"
verus failed with time: 57601ms, reverting
commenting out line Lines { lines: 713..=713 } in "./tmp/18/allocation_layer/AllocationBranchBetree_v.rs"
verus failed with time: 57950ms, reverting
commenting out line Lines { lines: 342..=342 } in "./tmp/17/allocation_layer/AllocationBranch_v.rs"
verus failed with time: 54534ms, reverting
commenting out line Lines { lines: 339..=339 } in "./tmp/21/allocation_layer/LikesBetree_v.rs"
verus failed with time: 55195ms, reverting
commenting out line Lines { lines: 110..=110 } in "./tmp/20/allocation_layer/Likes_v.rs"
verus failed with time: 57351ms, reverting
commenting out line Lines { lines: 754..=757 } in "./tmp/14/allocation_layer/AllocationJournal_v.rs"
verus failed with time: 56711ms, reverting
commenting out line Lines { lines: 1026..=1026 } in "./tmp/4/abstract_system/AbstractCrashAwareSystemRefinement_v.rs"
verus failed with time: 56028ms, reverting
commenting out line Lines { lines: 289..=289 } in "./tmp/19/allocation_layer/AllocationBranchBetreeRefinement_v.rs"
verus failed with time: 56504ms, reverting
commenting out line Lines { lines: 721..=727 } in "./tmp/18/allocation_layer/AllocationBranchBetree_v.rs"
verus failed with time: 57810ms, reverting
commenting out line Lines { lines: 338..=344 } in "./tmp/17/allocation_layer/AllocationBranch_v.rs"
verus failed with time: 55552ms, reverting
commenting out line Lines { lines: 340..=340 } in "./tmp/21/allocation_layer/LikesBetree_v.rs"
verus failed with time: 54475ms, reverting
commenting out line Lines { lines: 120..=120 } in "./tmp/20/allocation_layer/Likes_v.rs"
verus failed with time: 56670ms, reverting
commenting out line Lines { lines: 1079..=1079 } in "./tmp/4/abstract_system/AbstractCrashAwareSystemRefinement_v.rs"
verus failed with time: 56748ms, reverting
commenting out line Lines { lines: 759..=759 } in "./tmp/14/allocation_layer/AllocationJournal_v.rs"
verus failed with time: 57379ms, reverting
commenting out line Lines { lines: 290..=290 } in "./tmp/19/allocation_layer/AllocationBranchBetreeRefinement_v.rs"
verus failed with time: 57793ms, reverting
commenting out line Lines { lines: 768..=770 } in "./tmp/18/allocation_layer/AllocationBranchBetree_v.rs"
verus failed with time: 56562ms, reverting
commenting out line Lines { lines: 448..=448 } in "./tmp/17/allocation_layer/AllocationBranch_v.rs"
verus failed with time: 55378ms, reverting
commenting out line Lines { lines: 344..=344 } in "./tmp/21/allocation_layer/LikesBetree_v.rs"
verus failed with time: 57226ms, reverting
commenting out line Lines { lines: 142..=142 } in "./tmp/20/allocation_layer/Likes_v.rs"
verus failed with time: 54336ms, reverting
commenting out line Lines { lines: 744..=765 } in "./tmp/14/allocation_layer/AllocationJournal_v.rs"
verus failed with time: 56594ms, reverting
commenting out line Lines { lines: 1092..=1092 } in "./tmp/4/abstract_system/AbstractCrashAwareSystemRefinement_v.rs"
verus failed with time: 57308ms, reverting
commenting out line Lines { lines: 287..=292 } in "./tmp/19/allocation_layer/AllocationBranchBetreeRefinement_v.rs"
verus failed with time: 56561ms, reverting
commenting out line Lines { lines: 783..=783 } in "./tmp/18/allocation_layer/AllocationBranchBetree_v.rs"
verus failed with time: 57260ms, reverting
commenting out line Lines { lines: 456..=456 } in "./tmp/17/allocation_layer/AllocationBranch_v.rs"
verus failed with time: 56069ms, reverting
commenting out line Lines { lines: 346..=346 } in "./tmp/21/allocation_layer/LikesBetree_v.rs"
verus failed with time: 54933ms, reverting
commenting out line Lines { lines: 138..=143 } in "./tmp/20/allocation_layer/Likes_v.rs"
verus failed with time: 56621ms, reverting
minimization of ./tmp/20/allocation_layer/Likes_v.rs is completed
commenting out line Lines { lines: 1255..=1256 } in "./tmp/4/abstract_system/AbstractCrashAwareSystemRefinement_v.rs"
verus failed with time: 55235ms, reverting
commenting out line Lines { lines: 78..=78 } in "./tmp/22/allocation_layer/LikesBetreeRefinement_v.rs"
verus failed with time: 8015ms, reverting
minimization of ./tmp/22/allocation_layer/LikesBetreeRefinement_v.rs is completed
commenting out line Lines { lines: 790..=790 } in "./tmp/14/allocation_layer/AllocationJournal_v.rs"
verus failed with time: 57063ms, reverting
commenting out line Lines { lines: 276..=294 } in "./tmp/19/allocation_layer/AllocationBranchBetreeRefinement_v.rs"
verus failed with time: 56534ms, reverting
commenting out line Lines { lines: 781..=785 } in "./tmp/18/allocation_layer/AllocationBranchBetree_v.rs"
verus failed with time: 56682ms, reverting
commenting out line Lines { lines: 452..=459 } in "./tmp/17/allocation_layer/AllocationBranch_v.rs"
verus failed with time: 53543ms, reverting
commenting out line Lines { lines: 350..=350 } in "./tmp/21/allocation_layer/LikesBetree_v.rs"
verus failed with time: 56484ms, reverting
commenting out line Lines { lines: 1285..=1285 } in "./tmp/4/abstract_system/AbstractCrashAwareSystemRefinement_v.rs"
verus failed with time: 56578ms, reverting
commenting out line Lines { lines: 80..=80 } in "./tmp/23/allocation_layer/LikesJournal_v.rs"
verus failed with time: 56488ms, reverting
commenting out line Lines { lines: 836..=836 } in "./tmp/14/allocation_layer/AllocationJournal_v.rs"
verus failed with time: 56800ms, reverting
commenting out line Lines { lines: 330..=330 } in "./tmp/19/allocation_layer/AllocationBranchBetreeRefinement_v.rs"
verus failed with time: 56714ms, reverting
commenting out line Lines { lines: 786..=788 } in "./tmp/18/allocation_layer/AllocationBranchBetree_v.rs"
verus failed with time: 58095ms, reverting
commenting out line Lines { lines: 474..=474 } in "./tmp/17/allocation_layer/AllocationBranch_v.rs"
verus succeeded with time: 62808ms, keeping it commented out
commenting out line Lines { lines: 352..=352 } in "./tmp/21/allocation_layer/LikesBetree_v.rs"
verus failed with time: 55983ms, reverting
commenting out line Lines { lines: 82..=82 } in "./tmp/23/allocation_layer/LikesJournal_v.rs"
verus failed with time: 55016ms, reverting
commenting out line Lines { lines: 1289..=1293 } in "./tmp/4/abstract_system/AbstractCrashAwareSystemRefinement_v.rs"
verus failed with time: 57006ms, reverting
commenting out line Lines { lines: 850..=853 } in "./tmp/14/allocation_layer/AllocationJournal_v.rs"
verus failed with time: 56644ms, reverting
commenting out line Lines { lines: 326..=332 } in "./tmp/19/allocation_layer/AllocationBranchBetreeRefinement_v.rs"
verus failed with time: 56276ms, reverting
commenting out line Lines { lines: 813..=815 } in "./tmp/18/allocation_layer/AllocationBranchBetree_v.rs"
verus failed with time: 56509ms, reverting
commenting out line Lines { lines: 511..=511 } in "./tmp/17/allocation_layer/AllocationBranch_v.rs"
verus failed with time: 54688ms, reverting
commenting out line Lines { lines: 406..=406 } in "./tmp/21/allocation_layer/LikesBetree_v.rs"
verus failed with time: 55729ms, reverting
commenting out line Lines { lines: 76..=84 } in "./tmp/23/allocation_layer/LikesJournal_v.rs"
verus failed with time: 56383ms, reverting
commenting out line Lines { lines: 1295..=1295 } in "./tmp/4/abstract_system/AbstractCrashAwareSystemRefinement_v.rs"
verus failed with time: 55934ms, reverting
commenting out line Lines { lines: 958..=959 } in "./tmp/14/allocation_layer/AllocationJournal_v.rs"
verus failed with time: 56659ms, reverting
commenting out line Lines { lines: 344..=344 } in "./tmp/19/allocation_layer/AllocationBranchBetreeRefinement_v.rs"
verus failed with time: 57079ms, reverting
commenting out line Lines { lines: 826..=828 } in "./tmp/18/allocation_layer/AllocationBranchBetree_v.rs"
verus failed with time: 57699ms, reverting
commenting out line Lines { lines: 512..=512 } in "./tmp/17/allocation_layer/AllocationBranch_v.rs"
verus failed with time: 56135ms, reverting
commenting out line Lines { lines: 412..=412 } in "./tmp/21/allocation_layer/LikesBetree_v.rs"
verus failed with time: 56271ms, reverting
commenting out line Lines { lines: 157..=157 } in "./tmp/23/allocation_layer/LikesJournal_v.rs"
verus failed with time: 55278ms, reverting
commenting out line Lines { lines: 1300..=1302 } in "./tmp/4/abstract_system/AbstractCrashAwareSystemRefinement_v.rs"
verus failed with time: 56392ms, reverting
commenting out line Lines { lines: 964..=964 } in "./tmp/14/allocation_layer/AllocationJournal_v.rs"
verus failed with time: 56660ms, reverting
commenting out line Lines { lines: 345..=345 } in "./tmp/19/allocation_layer/AllocationBranchBetreeRefinement_v.rs"
verus failed with time: 56482ms, reverting
commenting out line Lines { lines: 841..=841 } in "./tmp/18/allocation_layer/AllocationBranchBetree_v.rs"
verus failed with time: 57397ms, reverting
commenting out line Lines { lines: 500..=515 } in "./tmp/17/allocation_layer/AllocationBranch_v.rs"
verus failed with time: 53261ms, reverting
commenting out line Lines { lines: 402..=414 } in "./tmp/21/allocation_layer/LikesBetree_v.rs"
verus failed with time: 54670ms, reverting
commenting out line Lines { lines: 233..=233 } in "./tmp/23/allocation_layer/LikesJournal_v.rs"
verus failed with time: 55998ms, reverting
commenting out line Lines { lines: 1303..=1303 } in "./tmp/4/abstract_system/AbstractCrashAwareSystemRefinement_v.rs"
verus failed with time: 55668ms, reverting
minimization of ./tmp/4/abstract_system/AbstractCrashAwareSystemRefinement_v.rs is completed
commenting out line Lines { lines: 972..=972 } in "./tmp/14/allocation_layer/AllocationJournal_v.rs"
verus failed with time: 57811ms, reverting
commenting out line Lines { lines: 346..=346 } in "./tmp/19/allocation_layer/AllocationBranchBetreeRefinement_v.rs"
verus failed with time: 57527ms, reverting
commenting out line Lines { lines: 839..=843 } in "./tmp/18/allocation_layer/AllocationBranchBetree_v.rs"
verus failed with time: 57274ms, reverting
commenting out line Lines { lines: 517..=517 } in "./tmp/17/allocation_layer/AllocationBranch_v.rs"
verus failed with time: 56328ms, reverting
commenting out line Lines { lines: 428..=428 } in "./tmp/21/allocation_layer/LikesBetree_v.rs"
verus failed with time: 55555ms, reverting
commenting out line Lines { lines: 229..=235 } in "./tmp/23/allocation_layer/LikesJournal_v.rs"
verus failed with time: 56658ms, reverting
commenting out line Lines { lines: 63..=65 } in "./tmp/24/allocation_layer/LikesJournalRefinement_v.rs"
verus failed with time: 56562ms, reverting
commenting out line Lines { lines: 966..=973 } in "./tmp/14/allocation_layer/AllocationJournal_v.rs"
verus failed with time: 54546ms, reverting
commenting out line Lines { lines: 335..=347 } in "./tmp/19/allocation_layer/AllocationBranchBetreeRefinement_v.rs"
verus failed with time: 55874ms, reverting
commenting out line Lines { lines: 850..=851 } in "./tmp/18/allocation_layer/AllocationBranchBetree_v.rs"
verus failed with time: 56265ms, reverting
commenting out line Lines { lines: 518..=518 } in "./tmp/17/allocation_layer/AllocationBranch_v.rs"
verus failed with time: 55886ms, reverting
commenting out line Lines { lines: 429..=429 } in "./tmp/21/allocation_layer/LikesBetree_v.rs"
verus failed with time: 54447ms, reverting
commenting out line Lines { lines: 76..=76 } in "./tmp/24/allocation_layer/LikesJournalRefinement_v.rs"
verus failed with time: 55573ms, reverting
commenting out line Lines { lines: 264..=264 } in "./tmp/23/allocation_layer/LikesJournal_v.rs"
verus failed with time: 57033ms, reverting
commenting out line Lines { lines: 1013..=1013 } in "./tmp/14/allocation_layer/AllocationJournal_v.rs"
verus failed with time: 56460ms, reverting
commenting out line Lines { lines: 362..=362 } in "./tmp/19/allocation_layer/AllocationBranchBetreeRefinement_v.rs"
verus failed with time: 57182ms, reverting
commenting out line Lines { lines: 849..=854 } in "./tmp/18/allocation_layer/AllocationBranchBetree_v.rs"
verus failed with time: 55976ms, reverting
commenting out line Lines { lines: 527..=527 } in "./tmp/17/allocation_layer/AllocationBranch_v.rs"
verus failed with time: 55535ms, reverting
commenting out line Lines { lines: 439..=439 } in "./tmp/21/allocation_layer/LikesBetree_v.rs"
verus failed with time: 57399ms, reverting
commenting out line Lines { lines: 275..=275 } in "./tmp/23/allocation_layer/LikesJournal_v.rs"
verus failed with time: 56034ms, reverting
commenting out line Lines { lines: 73..=77 } in "./tmp/24/allocation_layer/LikesJournalRefinement_v.rs"
verus failed with time: 57406ms, reverting
commenting out line Lines { lines: 1016..=1018 } in "./tmp/14/allocation_layer/AllocationJournal_v.rs"
verus failed with time: 55764ms, reverting
commenting out line Lines { lines: 363..=363 } in "./tmp/19/allocation_layer/AllocationBranchBetreeRefinement_v.rs"
verus failed with time: 56314ms, reverting
commenting out line Lines { lines: 862..=862 } in "./tmp/18/allocation_layer/AllocationBranchBetree_v.rs"
verus failed with time: 56066ms, reverting
commenting out line Lines { lines: 530..=531 } in "./tmp/17/allocation_layer/AllocationBranch_v.rs"
verus failed with time: 55317ms, reverting
commenting out line Lines { lines: 440..=440 } in "./tmp/21/allocation_layer/LikesBetree_v.rs"
verus failed with time: 56837ms, reverting
commenting out line Lines { lines: 279..=279 } in "./tmp/23/allocation_layer/LikesJournal_v.rs"
verus failed with time: 55903ms, reverting
commenting out line Lines { lines: 79..=79 } in "./tmp/24/allocation_layer/LikesJournalRefinement_v.rs"
verus failed with time: 55817ms, reverting
commenting out line Lines { lines: 1021..=1022 } in "./tmp/14/allocation_layer/AllocationJournal_v.rs"
verus failed with time: 55830ms, reverting
commenting out line Lines { lines: 371..=371 } in "./tmp/19/allocation_layer/AllocationBranchBetreeRefinement_v.rs"
verus failed with time: 57302ms, reverting
commenting out line Lines { lines: 869..=869 } in "./tmp/18/allocation_layer/AllocationBranchBetree_v.rs"
verus failed with time: 55820ms, reverting
commenting out line Lines { lines: 536..=536 } in "./tmp/17/allocation_layer/AllocationBranch_v.rs"
verus failed with time: 56768ms, reverting
commenting out line Lines { lines: 453..=453 } in "./tmp/21/allocation_layer/LikesBetree_v.rs"
verus failed with time: 54447ms, reverting
commenting out line Lines { lines: 158..=158 } in "./tmp/24/allocation_layer/LikesJournalRefinement_v.rs"
verus failed with time: 56162ms, reverting
commenting out line Lines { lines: 269..=282 } in "./tmp/23/allocation_layer/LikesJournal_v.rs"
verus failed with time: 56714ms, reverting
minimization of ./tmp/24/allocation_layer/LikesJournalRefinement_v.rs is completed
minimization of ./tmp/25/allocation_layer/MiniAllocator_v.rs is completed
commenting out line Lines { lines: 1020..=1023 } in "./tmp/14/allocation_layer/AllocationJournal_v.rs"
verus failed with time: 56017ms, reverting
commenting out line Lines { lines: 368..=372 } in "./tmp/19/allocation_layer/AllocationBranchBetreeRefinement_v.rs"
verus failed with time: 56884ms, reverting
commenting out line Lines { lines: 867..=871 } in "./tmp/18/allocation_layer/AllocationBranchBetree_v.rs"
verus failed with time: 56243ms, reverting
commenting out line Lines { lines: 534..=537 } in "./tmp/17/allocation_layer/AllocationBranch_v.rs"
verus failed with time: 55933ms, reverting
commenting out line Lines { lines: 454..=454 } in "./tmp/21/allocation_layer/LikesBetree_v.rs"
verus failed with time: 55115ms, reverting
commenting out line Lines { lines: 94..=98 } in "./tmp/26/allocation_layer/UnifiedCrashAwareJournalRefinement_v.rs"
verus failed with time: 54635ms, reverting
commenting out line Lines { lines: 329..=329 } in "./tmp/23/allocation_layer/LikesJournal_v.rs"
verus failed with time: 55500ms, reverting
commenting out line Lines { lines: 1029..=1029 } in "./tmp/14/allocation_layer/AllocationJournal_v.rs"
verus failed with time: 58801ms, reverting
commenting out line Lines { lines: 377..=377 } in "./tmp/19/allocation_layer/AllocationBranchBetreeRefinement_v.rs"
verus failed with time: 55749ms, reverting
commenting out line Lines { lines: 873..=875 } in "./tmp/18/allocation_layer/AllocationBranchBetree_v.rs"
verus failed with time: 54430ms, reverting
commenting out line Lines { lines: 554..=554 } in "./tmp/17/allocation_layer/AllocationBranch_v.rs"
verus failed with time: 55771ms, reverting
commenting out line Lines { lines: 492..=492 } in "./tmp/21/allocation_layer/LikesBetree_v.rs"
verus failed with time: 59719ms, reverting
commenting out line Lines { lines: 134..=134 } in "./tmp/26/allocation_layer/UnifiedCrashAwareJournalRefinement_v.rs"
verus failed with time: 56384ms, reverting
commenting out line Lines { lines: 330..=330 } in "./tmp/23/allocation_layer/LikesJournal_v.rs"
verus failed with time: 57858ms, reverting
commenting out line Lines { lines: 1079..=1079 } in "./tmp/14/allocation_layer/AllocationJournal_v.rs"
verus failed with time: 56281ms, reverting
commenting out line Lines { lines: 351..=380 } in "./tmp/19/allocation_layer/AllocationBranchBetreeRefinement_v.rs"
verus failed with time: 55136ms, reverting
commenting out line Lines { lines: 895..=900 } in "./tmp/18/allocation_layer/AllocationBranchBetree_v.rs"
verus failed with time: 54828ms, reverting
commenting out line Lines { lines: 559..=566 } in "./tmp/17/allocation_layer/AllocationBranch_v.rs"
verus failed with time: 57036ms, reverting
commenting out line Lines { lines: 493..=493 } in "./tmp/21/allocation_layer/LikesBetree_v.rs"
verus failed with time: 57444ms, reverting
commenting out line Lines { lines: 140..=140 } in "./tmp/26/allocation_layer/UnifiedCrashAwareJournalRefinement_v.rs"
verus failed with time: 54990ms, reverting
commenting out line Lines { lines: 353..=361 } in "./tmp/23/allocation_layer/LikesJournal_v.rs"
verus failed with time: 57081ms, reverting
commenting out line Lines { lines: 1080..=1080 } in "./tmp/14/allocation_layer/AllocationJournal_v.rs"
verus failed with time: 56600ms, reverting
commenting out line Lines { lines: 423..=424 } in "./tmp/19/allocation_layer/AllocationBranchBetreeRefinement_v.rs"
verus failed with time: 56825ms, reverting
commenting out line Lines { lines: 894..=901 } in "./tmp/18/allocation_layer/AllocationBranchBetree_v.rs"
verus failed with time: 56019ms, reverting
commenting out line Lines { lines: 546..=569 } in "./tmp/17/allocation_layer/AllocationBranch_v.rs"
verus failed with time: 57560ms, reverting
commenting out line Lines { lines: 494..=495 } in "./tmp/21/allocation_layer/LikesBetree_v.rs"
verus succeeded with time: 59785ms, keeping it commented out
commenting out line Lines { lines: 182..=182 } in "./tmp/26/allocation_layer/UnifiedCrashAwareJournalRefinement_v.rs"
verus failed with time: 56944ms, reverting
commenting out line Lines { lines: 398..=400 } in "./tmp/23/allocation_layer/LikesJournal_v.rs"
verus failed with time: 56662ms, reverting
commenting out line Lines { lines: 1060..=1098 } in "./tmp/14/allocation_layer/AllocationJournal_v.rs"
verus failed with time: 55867ms, reverting
commenting out line Lines { lines: 428..=429 } in "./tmp/19/allocation_layer/AllocationBranchBetreeRefinement_v.rs"
verus failed with time: 56176ms, reverting
commenting out line Lines { lines: 905..=905 } in "./tmp/18/allocation_layer/AllocationBranchBetree_v.rs"
verus failed with time: 56811ms, reverting
commenting out line Lines { lines: 570..=570 } in "./tmp/17/allocation_layer/AllocationBranch_v.rs"
verus failed with time: 55829ms, reverting
commenting out line Lines { lines: 503..=504 } in "./tmp/21/allocation_layer/LikesBetree_v.rs"
verus failed with time: 57679ms, reverting
commenting out line Lines { lines: 271..=271 } in "./tmp/26/allocation_layer/UnifiedCrashAwareJournalRefinement_v.rs"
verus failed with time: 56824ms, reverting
commenting out line Lines { lines: 405..=407 } in "./tmp/23/allocation_layer/LikesJournal_v.rs"
verus failed with time: 55960ms, reverting
commenting out line Lines { lines: 1106..=1106 } in "./tmp/14/allocation_layer/AllocationJournal_v.rs"
verus failed with time: 56321ms, reverting
commenting out line Lines { lines: 433..=433 } in "./tmp/19/allocation_layer/AllocationBranchBetreeRefinement_v.rs"
verus failed with time: 56986ms, reverting
commenting out line Lines { lines: 915..=915 } in "./tmp/18/allocation_layer/AllocationBranchBetree_v.rs"
verus failed with time: 56224ms, reverting
commenting out line Lines { lines: 579..=579 } in "./tmp/17/allocation_layer/AllocationBranch_v.rs"
verus failed with time: 56148ms, reverting
commenting out line Lines { lines: 505..=507 } in "./tmp/21/allocation_layer/LikesBetree_v.rs"
verus failed with time: 53948ms, reverting
commenting out line Lines { lines: 275..=278 } in "./tmp/26/allocation_layer/UnifiedCrashAwareJournalRefinement_v.rs"
verus failed with time: 56211ms, reverting
commenting out line Lines { lines: 386..=409 } in "./tmp/23/allocation_layer/LikesJournal_v.rs"
verus failed with time: 57814ms, reverting
commenting out line Lines { lines: 1113..=1113 } in "./tmp/14/allocation_layer/AllocationJournal_v.rs"
verus failed with time: 56884ms, reverting
commenting out line Lines { lines: 903..=920 } in "./tmp/18/allocation_layer/AllocationBranchBetree_v.rs"
verus failed with time: 56271ms, reverting
commenting out line Lines { lines: 435..=436 } in "./tmp/19/allocation_layer/AllocationBranchBetreeRefinement_v.rs"
verus failed with time: 57451ms, reverting
commenting out line Lines { lines: 438..=438 } in "./tmp/19/allocation_layer/AllocationBranchBetreeRefinement_v.rs"
verus failed with time: 6704ms, reverting
commenting out line Lines { lines: 575..=580 } in "./tmp/17/allocation_layer/AllocationBranch_v.rs"
verus failed with time: 55408ms, reverting
commenting out line Lines { lines: 511..=511 } in "./tmp/21/allocation_layer/LikesBetree_v.rs"
verus failed with time: 54464ms, reverting
commenting out line Lines { lines: 315..=321 } in "./tmp/26/allocation_layer/UnifiedCrashAwareJournalRefinement_v.rs"
verus failed with time: 55618ms, reverting
commenting out line Lines { lines: 519..=519 } in "./tmp/23/allocation_layer/LikesJournal_v.rs"
verus failed with time: 55973ms, reverting
commenting out line Lines { lines: 1114..=1114 } in "./tmp/14/allocation_layer/AllocationJournal_v.rs"
verus failed with time: 55259ms, reverting
commenting out line Lines { lines: 921..=921 } in "./tmp/18/allocation_layer/AllocationBranchBetree_v.rs"
verus failed with time: 55591ms, reverting
commenting out line Lines { lines: 463..=465 } in "./tmp/19/allocation_layer/AllocationBranchBetreeRefinement_v.rs"
verus failed with time: 57376ms, reverting
commenting out line Lines { lines: 582..=582 } in "./tmp/17/allocation_layer/AllocationBranch_v.rs"
verus failed with time: 53957ms, reverting
commenting out line Lines { lines: 555..=555 } in "./tmp/21/allocation_layer/LikesBetree_v.rs"
verus failed with time: 58144ms, reverting
commenting out line Lines { lines: 324..=327 } in "./tmp/26/allocation_layer/UnifiedCrashAwareJournalRefinement_v.rs"
verus failed with time: 56809ms, reverting
commenting out line Lines { lines: 1119..=1119 } in "./tmp/14/allocation_layer/AllocationJournal_v.rs"
verus failed with time: 55745ms, reverting
commenting out line Lines { lines: 516..=520 } in "./tmp/23/allocation_layer/LikesJournal_v.rs"
verus failed with time: 55978ms, reverting
commenting out line Lines { lines: 929..=929 } in "./tmp/18/allocation_layer/AllocationBranchBetree_v.rs"
verus failed with time: 56571ms, reverting
commenting out line Lines { lines: 487..=490 } in "./tmp/19/allocation_layer/AllocationBranchBetreeRefinement_v.rs"
verus failed with time: 57527ms, reverting
commenting out line Lines { lines: 583..=583 } in "./tmp/17/allocation_layer/AllocationBranch_v.rs"
verus failed with time: 57685ms, reverting
minimization of ./tmp/17/allocation_layer/AllocationBranch_v.rs is completed
commenting out line Lines { lines: 99..=99 } in "./tmp/27/allocation_layer/UnifiedCrashAwareJournal_v.rs"
verus failed with time: 10794ms, reverting
commenting out line Lines { lines: 561..=561 } in "./tmp/21/allocation_layer/LikesBetree_v.rs"
verus failed with time: 57977ms, reverting
commenting out line Lines { lines: 328..=328 } in "./tmp/26/allocation_layer/UnifiedCrashAwareJournalRefinement_v.rs"
verus failed with time: 55296ms, reverting
commenting out line Lines { lines: 521..=521 } in "./tmp/23/allocation_layer/LikesJournal_v.rs"
verus failed with time: 55156ms, reverting
minimization of ./tmp/23/allocation_layer/LikesJournal_v.rs is completed
minimization of ./tmp/28/betree.rs is completed
minimization of ./tmp/29/betree/BufferDisk_v.rs is completed
minimization of ./tmp/30/betree/BufferOffsets_v.rs is completed
commenting out line Lines { lines: 1123..=1124 } in "./tmp/14/allocation_layer/AllocationJournal_v.rs"
verus failed with time: 55587ms, reverting
commenting out line Lines { lines: 935..=938 } in "./tmp/18/allocation_layer/AllocationBranchBetree_v.rs"
verus failed with time: 55237ms, reverting
commenting out line Lines { lines: 535..=538 } in "./tmp/19/allocation_layer/AllocationBranchBetreeRefinement_v.rs"
verus failed with time: 54934ms, reverting
commenting out line Lines { lines: 391..=393 } in "./tmp/27/allocation_layer/UnifiedCrashAwareJournal_v.rs"
verus failed with time: 55025ms, reverting
commenting out line Lines { lines: 558..=563 } in "./tmp/21/allocation_layer/LikesBetree_v.rs"
verus failed with time: 55623ms, reverting
commenting out line Lines { lines: 335..=335 } in "./tmp/26/allocation_layer/UnifiedCrashAwareJournalRefinement_v.rs"
verus failed with time: 56168ms, reverting
commenting out line Lines { lines: 152..=152 } in "./tmp/31/betree/BufferSeq_v.rs"
verus failed with time: 54726ms, reverting
commenting out line Lines { lines: 1122..=1125 } in "./tmp/14/allocation_layer/AllocationJournal_v.rs"
verus failed with time: 56309ms, reverting
commenting out line Lines { lines: 956..=956 } in "./tmp/18/allocation_layer/AllocationBranchBetree_v.rs"
verus failed with time: 57024ms, reverting
commenting out line Lines { lines: 613..=613 } in "./tmp/19/allocation_layer/AllocationBranchBetreeRefinement_v.rs"
verus failed with time: 56005ms, reverting
commenting out line Lines { lines: 497..=497 } in "./tmp/27/allocation_layer/UnifiedCrashAwareJournal_v.rs"
verus failed with time: 54726ms, reverting
commenting out line Lines { lines: 570..=570 } in "./tmp/21/allocation_layer/LikesBetree_v.rs"
verus failed with time: 56793ms, reverting
commenting out line Lines { lines: 358..=361 } in "./tmp/26/allocation_layer/UnifiedCrashAwareJournalRefinement_v.rs"
verus failed with time: 56059ms, reverting
commenting out line Lines { lines: 156..=156 } in "./tmp/31/betree/BufferSeq_v.rs"
verus failed with time: 56250ms, reverting
commenting out line Lines { lines: 1154..=1154 } in "./tmp/14/allocation_layer/AllocationJournal_v.rs"
verus failed with time: 57270ms, reverting
commenting out line Lines { lines: 966..=971 } in "./tmp/18/allocation_layer/AllocationBranchBetree_v.rs"
verus failed with time: 55786ms, reverting
commenting out line Lines { lines: 625..=626 } in "./tmp/19/allocation_layer/AllocationBranchBetreeRefinement_v.rs"
verus failed with time: 56816ms, reverting
commenting out line Lines { lines: 500..=500 } in "./tmp/27/allocation_layer/UnifiedCrashAwareJournal_v.rs"
verus failed with time: 54876ms, reverting
minimization of ./tmp/27/allocation_layer/UnifiedCrashAwareJournal_v.rs is completed
minimization of ./tmp/32/betree/Buffer_v.rs is completed
minimization of ./tmp/33/betree/Domain_v.rs is completed
commenting out line Lines { lines: 575..=585 } in "./tmp/21/allocation_layer/LikesBetree_v.rs"
verus failed with time: 58117ms, reverting
commenting out line Lines { lines: 364..=367 } in "./tmp/26/allocation_layer/UnifiedCrashAwareJournalRefinement_v.rs"
verus failed with time: 55858ms, reverting
commenting out line Lines { lines: 165..=165 } in "./tmp/31/betree/BufferSeq_v.rs"
verus failed with time: 55211ms, reverting
commenting out line Lines { lines: 1173..=1173 } in "./tmp/14/allocation_layer/AllocationJournal_v.rs"
verus failed with time: 56042ms, reverting
commenting out line Lines { lines: 958..=974 } in "./tmp/18/allocation_layer/AllocationBranchBetree_v.rs"
verus failed with time: 54994ms, reverting
commenting out line Lines { lines: 638..=642 } in "./tmp/19/allocation_layer/AllocationBranchBetreeRefinement_v.rs"
verus failed with time: 56777ms, reverting
commenting out line Lines { lines: 79..=79 } in "./tmp/34/betree/FilteredBetreeRefinement_v.rs"
verus failed with time: 60161ms, reverting
commenting out line Lines { lines: 603..=603 } in "./tmp/21/allocation_layer/LikesBetree_v.rs"
verus failed with time: 57551ms, reverting
commenting out line Lines { lines: 370..=373 } in "./tmp/26/allocation_layer/UnifiedCrashAwareJournalRefinement_v.rs"
verus failed with time: 56191ms, reverting
commenting out line Lines { lines: 166..=166 } in "./tmp/31/betree/BufferSeq_v.rs"
verus failed with time: 56715ms, reverting
commenting out line Lines { lines: 981..=981 } in "./tmp/18/allocation_layer/AllocationBranchBetree_v.rs"
verus failed with time: 56796ms, reverting
commenting out line Lines { lines: 1184..=1186 } in "./tmp/14/allocation_layer/AllocationJournal_v.rs"
verus failed with time: 57699ms, reverting
commenting out line Lines { lines: 644..=648 } in "./tmp/19/allocation_layer/AllocationBranchBetreeRefinement_v.rs"
verus failed with time: 55622ms, reverting
commenting out line Lines { lines: 105..=105 } in "./tmp/34/betree/FilteredBetreeRefinement_v.rs"
verus failed with time: 60392ms, reverting
commenting out line Lines { lines: 587..=604 } in "./tmp/21/allocation_layer/LikesBetree_v.rs"
verus failed with time: 56512ms, reverting
commenting out line Lines { lines: 379..=382 } in "./tmp/26/allocation_layer/UnifiedCrashAwareJournalRefinement_v.rs"
verus failed with time: 56840ms, reverting
commenting out line Lines { lines: 145..=169 } in "./tmp/31/betree/BufferSeq_v.rs"
verus failed with time: 57282ms, reverting
commenting out line Lines { lines: 1192..=1192 } in "./tmp/14/allocation_layer/AllocationJournal_v.rs"
verus failed with time: 56152ms, reverting
commenting out line Lines { lines: 980..=986 } in "./tmp/18/allocation_layer/AllocationBranchBetree_v.rs"
verus failed with time: 57744ms, reverting
commenting out line Lines { lines: 651..=651 } in "./tmp/19/allocation_layer/AllocationBranchBetreeRefinement_v.rs"
verus failed with time: 56487ms, reverting
commenting out line Lines { lines: 657..=657 } in "./tmp/19/allocation_layer/AllocationBranchBetreeRefinement_v.rs"
verus failed with time: 8526ms, reverting
minimization of ./tmp/19/allocation_layer/AllocationBranchBetreeRefinement_v.rs is completed
minimization of ./tmp/35/betree/FilteredBetree_v.rs is completed
commenting out line Lines { lines: 565..=605 } in "./tmp/21/allocation_layer/LikesBetree_v.rs"
verus failed with time: 53092ms, reverting
commenting out line Lines { lines: 115..=115 } in "./tmp/34/betree/FilteredBetreeRefinement_v.rs"
verus failed with time: 60486ms, reverting
commenting out line Lines { lines: 391..=394 } in "./tmp/26/allocation_layer/UnifiedCrashAwareJournalRefinement_v.rs"
verus failed with time: 56923ms, reverting
commenting out line Lines { lines: 192..=192 } in "./tmp/31/betree/BufferSeq_v.rs"
verus failed with time: 56287ms, reverting
commenting out line Lines { lines: 1049..=1049 } in "./tmp/18/allocation_layer/AllocationBranchBetree_v.rs"
verus failed with time: 56767ms, reverting
commenting out line Lines { lines: 1202..=1202 } in "./tmp/14/allocation_layer/AllocationJournal_v.rs"
verus failed with time: 57698ms, reverting
commenting out line Lines { lines: 100..=100 } in "./tmp/36/betree/LinkedBetreeRefinement_v.rs"
verus failed with time: 56337ms, reverting
commenting out line Lines { lines: 644..=644 } in "./tmp/21/allocation_layer/LikesBetree_v.rs"
verus failed with time: 54325ms, reverting
commenting out line Lines { lines: 408..=408 } in "./tmp/26/allocation_layer/UnifiedCrashAwareJournalRefinement_v.rs"
verus failed with time: 56317ms, reverting
minimization of ./tmp/26/allocation_layer/UnifiedCrashAwareJournalRefinement_v.rs is completed
commenting out line Lines { lines: 202..=202 } in "./tmp/31/betree/BufferSeq_v.rs"
verus failed with time: 56087ms, reverting
commenting out line Lines { lines: 107..=116 } in "./tmp/34/betree/FilteredBetreeRefinement_v.rs"
verus failed with time: 60920ms, reverting
commenting out line Lines { lines: 1161..=1211 } in "./tmp/14/allocation_layer/AllocationJournal_v.rs"
verus failed with time: 55944ms, reverting
commenting out line Lines { lines: 1046..=1051 } in "./tmp/18/allocation_layer/AllocationBranchBetree_v.rs"
verus failed with time: 56693ms, reverting
commenting out line Lines { lines: 136..=136 } in "./tmp/36/betree/LinkedBetreeRefinement_v.rs"
verus failed with time: 55713ms, reverting
commenting out line Lines { lines: 645..=645 } in "./tmp/21/allocation_layer/LikesBetree_v.rs"
verus failed with time: 57722ms, reverting
commenting out line Lines { lines: 342..=342 } in "./tmp/37/betree/LinkedBetree_v.rs"
verus failed with time: 55769ms, reverting
commenting out line Lines { lines: 179..=205 } in "./tmp/31/betree/BufferSeq_v.rs"
verus failed with time: 56376ms, reverting
minimization of ./tmp/31/betree/BufferSeq_v.rs is completed
minimization of ./tmp/38/betree/LinkedBranch_v.rs is completed
commenting out line Lines { lines: 1499..=1501 } in "./tmp/14/allocation_layer/AllocationJournal_v.rs"
verus failed with time: 56403ms, reverting
commenting out line Lines { lines: 1045..=1052 } in "./tmp/18/allocation_layer/AllocationBranchBetree_v.rs"
verus failed with time: 57265ms, reverting
commenting out line Lines { lines: 201..=201 } in "./tmp/34/betree/FilteredBetreeRefinement_v.rs"
verus failed with time: 62360ms, reverting
commenting out line Lines { lines: 129..=137 } in "./tmp/36/betree/LinkedBetreeRefinement_v.rs"
verus failed with time: 57631ms, reverting
commenting out line Lines { lines: 690..=690 } in "./tmp/21/allocation_layer/LikesBetree_v.rs"
verus failed with time: 56026ms, reverting
commenting out line Lines { lines: 339..=344 } in "./tmp/37/betree/LinkedBetree_v.rs"
verus failed with time: 54931ms, reverting
commenting out line Lines { lines: 74..=74 } in "./tmp/39/betree/LinkedBranch_v/Refinement_v.rs"
verus failed with time: 56130ms, reverting
commenting out line Lines { lines: 1507..=1507 } in "./tmp/14/allocation_layer/AllocationJournal_v.rs"
verus failed with time: 55126ms, reverting
commenting out line Lines { lines: 1060..=1062 } in "./tmp/18/allocation_layer/AllocationBranchBetree_v.rs"
verus failed with time: 55478ms, reverting
commenting out line Lines { lines: 202..=202 } in "./tmp/34/betree/FilteredBetreeRefinement_v.rs"
verus failed with time: 60429ms, reverting
commenting out line Lines { lines: 162..=170 } in "./tmp/36/betree/LinkedBetreeRefinement_v.rs"
verus failed with time: 56083ms, reverting
commenting out line Lines { lines: 691..=691 } in "./tmp/21/allocation_layer/LikesBetree_v.rs"
verus succeeded with time: 61942ms, keeping it commented out
commenting out line Lines { lines: 537..=537 } in "./tmp/37/betree/LinkedBetree_v.rs"
verus failed with time: 57524ms, reverting
commenting out line Lines { lines: 183..=183 } in "./tmp/39/betree/LinkedBranch_v/Refinement_v.rs"
verus failed with time: 55867ms, reverting
commenting out line Lines { lines: 1505..=1508 } in "./tmp/14/allocation_layer/AllocationJournal_v.rs"
verus failed with time: 55776ms, reverting
commenting out line Lines { lines: 1059..=1074 } in "./tmp/18/allocation_layer/AllocationBranchBetree_v.rs"
verus failed with time: 56219ms, reverting
commenting out line Lines { lines: 198..=203 } in "./tmp/34/betree/FilteredBetreeRefinement_v.rs"
verus failed with time: 60240ms, reverting
commenting out line Lines { lines: 193..=193 } in "./tmp/36/betree/LinkedBetreeRefinement_v.rs"
verus failed with time: 55594ms, reverting
commenting out line Lines { lines: 699..=700 } in "./tmp/21/allocation_layer/LikesBetree_v.rs"
verus failed with time: 56287ms, reverting
commenting out line Lines { lines: 1297..=1297 } in "./tmp/37/betree/LinkedBetree_v.rs"
verus failed with time: 57028ms, reverting
commenting out line Lines { lines: 201..=201 } in "./tmp/39/betree/LinkedBranch_v/Refinement_v.rs"
verus failed with time: 55500ms, reverting
commenting out line Lines { lines: 1504..=1509 } in "./tmp/14/allocation_layer/AllocationJournal_v.rs"
verus failed with time: 56171ms, reverting
commenting out line Lines { lines: 1099..=1099 } in "./tmp/18/allocation_layer/AllocationBranchBetree_v.rs"
verus failed with time: 55466ms, reverting
commenting out line Lines { lines: 190..=196 } in "./tmp/36/betree/LinkedBetreeRefinement_v.rs"
verus failed with time: 55242ms, reverting
commenting out line Lines { lines: 218..=218 } in "./tmp/34/betree/FilteredBetreeRefinement_v.rs"
verus failed with time: 62899ms, reverting
commenting out line Lines { lines: 747..=747 } in "./tmp/21/allocation_layer/LikesBetree_v.rs"
verus failed with time: 54504ms, reverting
commenting out line Lines { lines: 238..=238 } in "./tmp/39/betree/LinkedBranch_v/Refinement_v.rs"
verus failed with time: 55654ms, reverting
commenting out line Lines { lines: 1295..=1301 } in "./tmp/37/betree/LinkedBetree_v.rs"
verus failed with time: 56670ms, reverting
commenting out line Lines { lines: 1513..=1513 } in "./tmp/14/allocation_layer/AllocationJournal_v.rs"
verus failed with time: 56839ms, reverting
commenting out line Lines { lines: 1097..=1100 } in "./tmp/18/allocation_layer/AllocationBranchBetree_v.rs"
verus failed with time: 56382ms, reverting
commenting out line Lines { lines: 225..=225 } in "./tmp/36/betree/LinkedBetreeRefinement_v.rs"
verus failed with time: 55610ms, reverting
commenting out line Lines { lines: 222..=222 } in "./tmp/34/betree/FilteredBetreeRefinement_v.rs"
verus failed with time: 59109ms, reverting
commenting out line Lines { lines: 745..=748 } in "./tmp/21/allocation_layer/LikesBetree_v.rs"
verus failed with time: 55865ms, reverting
commenting out line Lines { lines: 257..=257 } in "./tmp/39/betree/LinkedBranch_v/Refinement_v.rs"
verus failed with time: 54939ms, reverting
commenting out line Lines { lines: 1303..=1309 } in "./tmp/37/betree/LinkedBetree_v.rs"
verus failed with time: 55748ms, reverting
commenting out line Lines { lines: 1521..=1521 } in "./tmp/14/allocation_layer/AllocationJournal_v.rs"
verus failed with time: 56346ms, reverting
commenting out line Lines { lines: 1094..=1101 } in "./tmp/18/allocation_layer/AllocationBranchBetree_v.rs"
verus failed with time: 57119ms, reverting
commenting out line Lines { lines: 244..=244 } in "./tmp/36/betree/LinkedBetreeRefinement_v.rs"
verus failed with time: 55245ms, reverting
commenting out line Lines { lines: 223..=223 } in "./tmp/34/betree/FilteredBetreeRefinement_v.rs"
verus failed with time: 61827ms, reverting
commenting out line Lines { lines: 750..=750 } in "./tmp/21/allocation_layer/LikesBetree_v.rs"
verus failed with time: 55489ms, reverting
commenting out line Lines { lines: 279..=279 } in "./tmp/39/betree/LinkedBranch_v/Refinement_v.rs"
verus failed with time: 55977ms, reverting
commenting out line Lines { lines: 1522..=1522 } in "./tmp/37/betree/LinkedBetree_v.rs"
verus failed with time: 56831ms, reverting
commenting out line Lines { lines: 1511..=1522 } in "./tmp/14/allocation_layer/AllocationJournal_v.rs"
verus failed with time: 56638ms, reverting
commenting out line Lines { lines: 1111..=1112 } in "./tmp/18/allocation_layer/AllocationBranchBetree_v.rs"
verus failed with time: 55452ms, reverting
commenting out line Lines { lines: 241..=245 } in "./tmp/36/betree/LinkedBetreeRefinement_v.rs"
verus failed with time: 55535ms, reverting
commenting out line Lines { lines: 211..=226 } in "./tmp/34/betree/FilteredBetreeRefinement_v.rs"
verus failed with time: 73467ms, reverting
commenting out line Lines { lines: 763..=763 } in "./tmp/21/allocation_layer/LikesBetree_v.rs"
verus failed with time: 57106ms, reverting
commenting out line Lines { lines: 283..=283 } in "./tmp/39/betree/LinkedBranch_v/Refinement_v.rs"
verus failed with time: 55164ms, reverting
commenting out line Lines { lines: 1511..=1525 } in "./tmp/37/betree/LinkedBetree_v.rs"
verus failed with time: 56396ms, reverting
commenting out line Lines { lines: 1524..=1524 } in "./tmp/14/allocation_layer/AllocationJournal_v.rs"
verus failed with time: 55890ms, reverting
commenting out line Lines { lines: 1116..=1116 } in "./tmp/18/allocation_layer/AllocationBranchBetree_v.rs"
verus failed with time: 55242ms, reverting
commenting out line Lines { lines: 265..=265 } in "./tmp/36/betree/LinkedBetreeRefinement_v.rs"
verus failed with time: 54023ms, reverting
commenting out line Lines { lines: 760..=766 } in "./tmp/21/allocation_layer/LikesBetree_v.rs"
verus failed with time: 57296ms, reverting
commenting out line Lines { lines: 290..=290 } in "./tmp/39/betree/LinkedBranch_v/Refinement_v.rs"
verus failed with time: 57444ms, reverting
commenting out line Lines { lines: 235..=235 } in "./tmp/34/betree/FilteredBetreeRefinement_v.rs"
verus failed with time: 62367ms, reverting
commenting out line Lines { lines: 1540..=1540 } in "./tmp/37/betree/LinkedBetree_v.rs"
verus failed with time: 56670ms, reverting
commenting out line Lines { lines: 1108..=1118 } in "./tmp/18/allocation_layer/AllocationBranchBetree_v.rs"
verus failed with time: 55739ms, reverting
commenting out line Lines { lines: 1534..=1534 } in "./tmp/14/allocation_layer/AllocationJournal_v.rs"
verus failed with time: 56486ms, reverting
commenting out line Lines { lines: 262..=266 } in "./tmp/36/betree/LinkedBetreeRefinement_v.rs"
verus failed with time: 56286ms, reverting
commenting out line Lines { lines: 344..=344 } in "./tmp/39/betree/LinkedBranch_v/Refinement_v.rs"
verus failed with time: 56173ms, reverting
commenting out line Lines { lines: 805..=811 } in "./tmp/21/allocation_layer/LikesBetree_v.rs"
verus failed with time: 56678ms, reverting
commenting out line Lines { lines: 1587..=1587 } in "./tmp/37/betree/LinkedBetree_v.rs"
verus failed with time: 56622ms, reverting
commenting out line Lines { lines: 258..=258 } in "./tmp/34/betree/FilteredBetreeRefinement_v.rs"
verus failed with time: 60349ms, reverting
commenting out line Lines { lines: 1125..=1125 } in "./tmp/18/allocation_layer/AllocationBranchBetree_v.rs"
verus failed with time: 56434ms, reverting
commenting out line Lines { lines: 1548..=1548 } in "./tmp/14/allocation_layer/AllocationJournal_v.rs"
verus failed with time: 57374ms, reverting
commenting out line Lines { lines: 268..=272 } in "./tmp/36/betree/LinkedBetreeRefinement_v.rs"
verus failed with time: 56426ms, reverting
commenting out line Lines { lines: 379..=379 } in "./tmp/39/betree/LinkedBranch_v/Refinement_v.rs"
verus failed with time: 56252ms, reverting
commenting out line Lines { lines: 1601..=1601 } in "./tmp/37/betree/LinkedBetree_v.rs"
verus failed with time: 56171ms, reverting
commenting out line Lines { lines: 813..=813 } in "./tmp/21/allocation_layer/LikesBetree_v.rs"
verus failed with time: 58450ms, reverting
commenting out line Lines { lines: 1128..=1134 } in "./tmp/18/allocation_layer/AllocationBranchBetree_v.rs"
verus failed with time: 57722ms, reverting
commenting out line Lines { lines: 1556..=1556 } in "./tmp/14/allocation_layer/AllocationJournal_v.rs"
verus failed with time: 56710ms, reverting
commenting out line Lines { lines: 259..=259 } in "./tmp/34/betree/FilteredBetreeRefinement_v.rs"
verus failed with time: 61808ms, reverting
commenting out line Lines { lines: 305..=305 } in "./tmp/36/betree/LinkedBetreeRefinement_v.rs"
verus failed with time: 57400ms, reverting
commenting out line Lines { lines: 383..=397 } in "./tmp/39/betree/LinkedBranch_v/Refinement_v.rs"
verus failed with time: 56549ms, reverting
commenting out line Lines { lines: 1605..=1605 } in "./tmp/37/betree/LinkedBetree_v.rs"
verus failed with time: 57649ms, reverting
commenting out line Lines { lines: 768..=825 } in "./tmp/21/allocation_layer/LikesBetree_v.rs"
verus failed with time: 57861ms, reverting
commenting out line Lines { lines: 1565..=1565 } in "./tmp/14/allocation_layer/AllocationJournal_v.rs"
verus failed with time: 56316ms, reverting
commenting out line Lines { lines: 1127..=1135 } in "./tmp/18/allocation_layer/AllocationBranchBetree_v.rs"
verus failed with time: 56968ms, reverting
commenting out line Lines { lines: 255..=260 } in "./tmp/34/betree/FilteredBetreeRefinement_v.rs"
verus failed with time: 60035ms, reverting
commenting out line Lines { lines: 298..=310 } in "./tmp/36/betree/LinkedBetreeRefinement_v.rs"
verus failed with time: 54152ms, reverting
commenting out line Lines { lines: 357..=402 } in "./tmp/39/betree/LinkedBranch_v/Refinement_v.rs"
verus failed with time: 56118ms, reverting
commenting out line Lines { lines: 864..=864 } in "./tmp/21/allocation_layer/LikesBetree_v.rs"
verus failed with time: 56528ms, reverting
commenting out line Lines { lines: 1597..=1608 } in "./tmp/37/betree/LinkedBetree_v.rs"
verus failed with time: 57678ms, reverting
commenting out line Lines { lines: 1559..=1567 } in "./tmp/14/allocation_layer/AllocationJournal_v.rs"
verus failed with time: 58496ms, reverting
commenting out line Lines { lines: 1156..=1156 } in "./tmp/18/allocation_layer/AllocationBranchBetree_v.rs"
verus failed with time: 58322ms, reverting
commenting out line Lines { lines: 254..=261 } in "./tmp/34/betree/FilteredBetreeRefinement_v.rs"
verus failed with time: 59864ms, reverting
commenting out line Lines { lines: 311..=311 } in "./tmp/36/betree/LinkedBetreeRefinement_v.rs"
verus failed with time: 56343ms, reverting
commenting out line Lines { lines: 405..=406 } in "./tmp/39/betree/LinkedBranch_v/Refinement_v.rs"
verus failed with time: 54893ms, reverting
commenting out line Lines { lines: 880..=882 } in "./tmp/21/allocation_layer/LikesBetree_v.rs"
verus failed with time: 55500ms, reverting
commenting out line Lines { lines: 1649..=1649 } in "./tmp/37/betree/LinkedBetree_v.rs"
verus failed with time: 55178ms, reverting
commenting out line Lines { lines: 1558..=1568 } in "./tmp/14/allocation_layer/AllocationJournal_v.rs"
verus failed with time: 56179ms, reverting
commenting out line Lines { lines: 1164..=1164 } in "./tmp/18/allocation_layer/AllocationBranchBetree_v.rs"
verus failed with time: 56893ms, reverting
commenting out line Lines { lines: 284..=284 } in "./tmp/34/betree/FilteredBetreeRefinement_v.rs"
verus failed with time: 59999ms, reverting
commenting out line Lines { lines: 361..=361 } in "./tmp/36/betree/LinkedBetreeRefinement_v.rs"
verus failed with time: 58098ms, reverting
commenting out line Lines { lines: 409..=409 } in "./tmp/39/betree/LinkedBranch_v/Refinement_v.rs"
verus failed with time: 56614ms, reverting
commenting out line Lines { lines: 1650..=1650 } in "./tmp/37/betree/LinkedBetree_v.rs"
verus failed with time: 56250ms, reverting
commenting out line Lines { lines: 919..=919 } in "./tmp/21/allocation_layer/LikesBetree_v.rs"
verus failed with time: 56973ms, reverting
commenting out line Lines { lines: 1576..=1576 } in "./tmp/14/allocation_layer/AllocationJournal_v.rs"
verus failed with time: 55553ms, reverting
commenting out line Lines { lines: 1179..=1179 } in "./tmp/18/allocation_layer/AllocationBranchBetree_v.rs"
verus failed with time: 55448ms, reverting
commenting out line Lines { lines: 354..=363 } in "./tmp/36/betree/LinkedBetreeRefinement_v.rs"
verus failed with time: 56056ms, reverting
commenting out line Lines { lines: 287..=294 } in "./tmp/34/betree/FilteredBetreeRefinement_v.rs"
verus failed with time: 59642ms, reverting
commenting out line Lines { lines: 480..=480 } in "./tmp/39/betree/LinkedBranch_v/Refinement_v.rs"
verus failed with time: 56145ms, reverting
commenting out line Lines { lines: 926..=926 } in "./tmp/21/allocation_layer/LikesBetree_v.rs"
verus failed with time: 55421ms, reverting
commenting out line Lines { lines: 1693..=1693 } in "./tmp/37/betree/LinkedBetree_v.rs"
verus failed with time: 57793ms, reverting
commenting out line Lines { lines: 1578..=1578 } in "./tmp/14/allocation_layer/AllocationJournal_v.rs"
verus failed with time: 55945ms, reverting
commenting out line Lines { lines: 1193..=1193 } in "./tmp/18/allocation_layer/AllocationBranchBetree_v.rs"
verus failed with time: 55291ms, reverting
commenting out line Lines { lines: 364..=364 } in "./tmp/36/betree/LinkedBetreeRefinement_v.rs"
verus failed with time: 56536ms, reverting
commenting out line Lines { lines: 269..=313 } in "./tmp/34/betree/FilteredBetreeRefinement_v.rs"
verus failed with time: 58972ms, reverting
commenting out line Lines { lines: 492..=492 } in "./tmp/39/betree/LinkedBranch_v/Refinement_v.rs"
verus failed with time: 55814ms, reverting
commenting out line Lines { lines: 950..=950 } in "./tmp/21/allocation_layer/LikesBetree_v.rs"
verus failed with time: 56769ms, reverting
commenting out line Lines { lines: 1220..=1220 } in "./tmp/18/allocation_layer/AllocationBranchBetree_v.rs"
verus failed with time: 54758ms, reverting
commenting out line Lines { lines: 1737..=1737 } in "./tmp/37/betree/LinkedBetree_v.rs"
verus failed with time: 58024ms, reverting
commenting out line Lines { lines: 1572..=1580 } in "./tmp/14/allocation_layer/AllocationJournal_v.rs"
verus failed with time: 56463ms, reverting
commenting out line Lines { lines: 395..=395 } in "./tmp/36/betree/LinkedBetreeRefinement_v.rs"
verus failed with time: 55301ms, reverting
commenting out line Lines { lines: 344..=344 } in "./tmp/34/betree/FilteredBetreeRefinement_v.rs"
verus failed with time: 61280ms, reverting
commenting out line Lines { lines: 497..=497 } in "./tmp/39/betree/LinkedBranch_v/Refinement_v.rs"
verus failed with time: 55344ms, reverting
commenting out line Lines { lines: 944..=958 } in "./tmp/21/allocation_layer/LikesBetree_v.rs"
verus failed with time: 56203ms, reverting
commenting out line Lines { lines: 1215..=1221 } in "./tmp/18/allocation_layer/AllocationBranchBetree_v.rs"
verus failed with time: 55403ms, reverting
commenting out line Lines { lines: 1730..=1738 } in "./tmp/37/betree/LinkedBetree_v.rs"
verus failed with time: 56174ms, reverting
commenting out line Lines { lines: 1586..=1586 } in "./tmp/14/allocation_layer/AllocationJournal_v.rs"
verus failed with time: 55950ms, reverting
commenting out line Lines { lines: 400..=400 } in "./tmp/36/betree/LinkedBetreeRefinement_v.rs"
verus failed with time: 56684ms, reverting
commenting out line Lines { lines: 345..=345 } in "./tmp/34/betree/FilteredBetreeRefinement_v.rs"
verus failed with time: 60638ms, reverting
commenting out line Lines { lines: 501..=501 } in "./tmp/39/betree/LinkedBranch_v/Refinement_v.rs"
verus failed with time: 55331ms, reverting
commenting out line Lines { lines: 1216..=1216 } in "./tmp/21/allocation_layer/LikesBetree_v.rs"
verus failed with time: 56173ms, reverting
commenting out line Lines { lines: 1223..=1229 } in "./tmp/18/allocation_layer/AllocationBranchBetree_v.rs"
verus failed with time: 57197ms, reverting
commenting out line Lines { lines: 1765..=1765 } in "./tmp/37/betree/LinkedBetree_v.rs"
verus failed with time: 56825ms, reverting
commenting out line Lines { lines: 1589..=1589 } in "./tmp/14/allocation_layer/AllocationJournal_v.rs"
verus failed with time: 56746ms, reverting
commenting out line Lines { lines: 397..=401 } in "./tmp/36/betree/LinkedBetreeRefinement_v.rs"
verus succeeded with time: 61886ms, keeping it commented out
commenting out line Lines { lines: 355..=355 } in "./tmp/34/betree/FilteredBetreeRefinement_v.rs"
verus failed with time: 59883ms, reverting
commenting out line Lines { lines: 512..=512 } in "./tmp/39/betree/LinkedBranch_v/Refinement_v.rs"
verus failed with time: 54696ms, reverting
commenting out line Lines { lines: 1753..=1766 } in "./tmp/37/betree/LinkedBetree_v.rs"
verus failed with time: 55469ms, reverting
commenting out line Lines { lines: 1257..=1257 } in "./tmp/18/allocation_layer/AllocationBranchBetree_v.rs"
verus failed with time: 56021ms, reverting
commenting out line Lines { lines: 1583..=1592 } in "./tmp/14/allocation_layer/AllocationJournal_v.rs"
verus failed with time: 55224ms, reverting
commenting out line Lines { lines: 1265..=1265 } in "./tmp/21/allocation_layer/LikesBetree_v.rs"
verus succeeded with time: 61120ms, keeping it commented out
commenting out line Lines { lines: 411..=411 } in "./tmp/36/betree/LinkedBetreeRefinement_v.rs"
verus failed with time: 56956ms, reverting
commenting out line Lines { lines: 356..=356 } in "./tmp/34/betree/FilteredBetreeRefinement_v.rs"
verus failed with time: 62334ms, reverting
commenting out line Lines { lines: 486..=519 } in "./tmp/39/betree/LinkedBranch_v/Refinement_v.rs"
verus failed with time: 56063ms, reverting
commenting out line Lines { lines: 1791..=1791 } in "./tmp/37/betree/LinkedBetree_v.rs"
verus failed with time: 55031ms, reverting
commenting out line Lines { lines: 1259..=1276 } in "./tmp/18/allocation_layer/AllocationBranchBetree_v.rs"
verus failed with time: 55979ms, reverting
commenting out line Lines { lines: 1582..=1593 } in "./tmp/14/allocation_layer/AllocationJournal_v.rs"
verus failed with time: 56998ms, reverting
commenting out line Lines { lines: 1276..=1276 } in "./tmp/21/allocation_layer/LikesBetree_v.rs"
verus failed with time: 56777ms, reverting
commenting out line Lines { lines: 408..=413 } in "./tmp/36/betree/LinkedBetreeRefinement_v.rs"
verus failed with time: 54890ms, reverting
commenting out line Lines { lines: 371..=375 } in "./tmp/34/betree/FilteredBetreeRefinement_v.rs"
verus failed with time: 60348ms, reverting
commenting out line Lines { lines: 482..=520 } in "./tmp/39/betree/LinkedBranch_v/Refinement_v.rs"
verus failed with time: 55049ms, reverting
commenting out line Lines { lines: 1903..=1903 } in "./tmp/37/betree/LinkedBetree_v.rs"
verus failed with time: 55590ms, reverting
commenting out line Lines { lines: 1278..=1278 } in "./tmp/18/allocation_layer/AllocationBranchBetree_v.rs"
verus failed with time: 57192ms, reverting
commenting out line Lines { lines: 1284..=1284 } in "./tmp/21/allocation_layer/LikesBetree_v.rs"
verus failed with time: 55415ms, reverting
commenting out line Lines { lines: 1595..=1597 } in "./tmp/14/allocation_layer/AllocationJournal_v.rs"
verus failed with time: 57054ms, reverting
commenting out line Lines { lines: 414..=414 } in "./tmp/36/betree/LinkedBetreeRefinement_v.rs"
verus failed with time: 56903ms, reverting
commenting out line Lines { lines: 522..=522 } in "./tmp/39/betree/LinkedBranch_v/Refinement_v.rs"
verus failed with time: 55350ms, reverting
commenting out line Lines { lines: 410..=418 } in "./tmp/34/betree/FilteredBetreeRefinement_v.rs"
verus failed with time: 61107ms, reverting
commenting out line Lines { lines: 1904..=1904 } in "./tmp/37/betree/LinkedBetree_v.rs"
verus failed with time: 56051ms, reverting
commenting out line Lines { lines: 1290..=1290 } in "./tmp/21/allocation_layer/LikesBetree_v.rs"
verus failed with time: 54265ms, reverting
commenting out line Lines { lines: 1281..=1293 } in "./tmp/18/allocation_layer/AllocationBranchBetree_v.rs"
verus failed with time: 56590ms, reverting
commenting out line Lines { lines: 1601..=1617 } in "./tmp/14/allocation_layer/AllocationJournal_v.rs"
verus failed with time: 56580ms, reverting
commenting out line Lines { lines: 432..=432 } in "./tmp/36/betree/LinkedBetreeRefinement_v.rs"
verus failed with time: 59665ms, reverting
commenting out line Lines { lines: 560..=560 } in "./tmp/39/betree/LinkedBranch_v/Refinement_v.rs"
verus failed with time: 54502ms, reverting
commenting out line Lines { lines: 420..=425 } in "./tmp/34/betree/FilteredBetreeRefinement_v.rs"
verus failed with time: 61643ms, reverting
commenting out line Lines { lines: 1917..=1917 } in "./tmp/37/betree/LinkedBetree_v.rs"
verus failed with time: 57469ms, reverting
commenting out line Lines { lines: 1307..=1307 } in "./tmp/21/allocation_layer/LikesBetree_v.rs"
verus failed with time: 57252ms, reverting
commenting out line Lines { lines: 1355..=1355 } in "./tmp/18/allocation_layer/AllocationBranchBetree_v.rs"
verus failed with time: 57337ms, reverting
commenting out line Lines { lines: 1690..=1690 } in "./tmp/14/allocation_layer/AllocationJournal_v.rs"
verus failed with time: 57137ms, reverting
minimization of ./tmp/14/allocation_layer/AllocationJournal_v.rs is completed
minimization of ./tmp/40/betree/LinkedSeq_v.rs is completed
minimization of ./tmp/41/betree/Memtable_v.rs is completed
minimization of ./tmp/42/betree/OffsetMap_v.rs is completed
commenting out line Lines { lines: 463..=463 } in "./tmp/36/betree/LinkedBetreeRefinement_v.rs"
verus failed with time: 56544ms, reverting
commenting out line Lines { lines: 595..=595 } in "./tmp/39/betree/LinkedBranch_v/Refinement_v.rs"
verus failed with time: 56665ms, reverting
commenting out line Lines { lines: 1921..=1921 } in "./tmp/37/betree/LinkedBetree_v.rs"
verus failed with time: 55741ms, reverting
commenting out line Lines { lines: 493..=510 } in "./tmp/34/betree/FilteredBetreeRefinement_v.rs"
verus failed with time: 58365ms, reverting
commenting out line Lines { lines: 1308..=1308 } in "./tmp/21/allocation_layer/LikesBetree_v.rs"
verus failed with time: 56516ms, reverting
commenting out line Lines { lines: 1370..=1370 } in "./tmp/18/allocation_layer/AllocationBranchBetree_v.rs"
verus failed with time: 56589ms, reverting
commenting out line Lines { lines: 58..=58 } in "./tmp/43/betree/PagedBetreeRefinement_v.rs"
verus failed with time: 56829ms, reverting
commenting out line Lines { lines: 473..=473 } in "./tmp/36/betree/LinkedBetreeRefinement_v.rs"
verus failed with time: 57085ms, reverting
commenting out line Lines { lines: 604..=604 } in "./tmp/39/betree/LinkedBranch_v/Refinement_v.rs"
verus failed with time: 53344ms, reverting
commenting out line Lines { lines: 1906..=1923 } in "./tmp/37/betree/LinkedBetree_v.rs"
verus failed with time: 57560ms, reverting
commenting out line Lines { lines: 1365..=1375 } in "./tmp/18/allocation_layer/AllocationBranchBetree_v.rs"
verus failed with time: 55606ms, reverting
commenting out line Lines { lines: 1310..=1310 } in "./tmp/21/allocation_layer/LikesBetree_v.rs"
verus failed with time: 57807ms, reverting
commenting out line Lines { lines: 540..=540 } in "./tmp/34/betree/FilteredBetreeRefinement_v.rs"
verus failed with time: 60202ms, reverting
commenting out line Lines { lines: 59..=59 } in "./tmp/43/betree/PagedBetreeRefinement_v.rs"
verus failed with time: 57134ms, reverting
commenting out line Lines { lines: 477..=477 } in "./tmp/36/betree/LinkedBetreeRefinement_v.rs"
verus failed with time: 56604ms, reverting
commenting out line Lines { lines: 645..=645 } in "./tmp/39/betree/LinkedBranch_v/Refinement_v.rs"
verus failed with time: 55699ms, reverting
commenting out line Lines { lines: 1954..=1954 } in "./tmp/37/betree/LinkedBetree_v.rs"
verus failed with time: 55413ms, reverting
commenting out line Lines { lines: 1338..=1377 } in "./tmp/18/allocation_layer/AllocationBranchBetree_v.rs"
verus failed with time: 56109ms, reverting
commenting out line Lines { lines: 1316..=1316 } in "./tmp/21/allocation_layer/LikesBetree_v.rs"
verus failed with time: 56930ms, reverting
commenting out line Lines { lines: 53..=60 } in "./tmp/43/betree/PagedBetreeRefinement_v.rs"
verus failed with time: 58844ms, reverting
commenting out line Lines { lines: 543..=543 } in "./tmp/34/betree/FilteredBetreeRefinement_v.rs"
verus failed with time: 60328ms, reverting
commenting out line Lines { lines: 1320..=1320 } in "./tmp/21/allocation_layer/LikesBetree_v.rs"
verus failed with time: 6666ms, reverting
commenting out line Lines { lines: 489..=489 } in "./tmp/36/betree/LinkedBetreeRefinement_v.rs"
verus failed with time: 55880ms, reverting
commenting out line Lines { lines: 647..=663 } in "./tmp/39/betree/LinkedBranch_v/Refinement_v.rs"
verus failed with time: 55985ms, reverting
commenting out line Lines { lines: 1955..=1955 } in "./tmp/37/betree/LinkedBetree_v.rs"
verus failed with time: 55104ms, reverting
commenting out line Lines { lines: 1390..=1390 } in "./tmp/18/allocation_layer/AllocationBranchBetree_v.rs"
verus failed with time: 54770ms, reverting
commenting out line Lines { lines: 90..=90 } in "./tmp/43/betree/PagedBetreeRefinement_v.rs"
verus failed with time: 55640ms, reverting
commenting out line Lines { lines: 1336..=1339 } in "./tmp/21/allocation_layer/LikesBetree_v.rs"
verus failed with time: 56045ms, reverting
commenting out line Lines { lines: 552..=552 } in "./tmp/34/betree/FilteredBetreeRefinement_v.rs"
verus failed with time: 59372ms, reverting
commenting out line Lines { lines: 490..=490 } in "./tmp/36/betree/LinkedBetreeRefinement_v.rs"
verus failed with time: 57402ms, reverting
commenting out line Lines { lines: 610..=668 } in "./tmp/39/betree/LinkedBranch_v/Refinement_v.rs"
verus failed with time: 55695ms, reverting
commenting out line Lines { lines: 1946..=1965 } in "./tmp/37/betree/LinkedBetree_v.rs"
verus failed with time: 54099ms, reverting
commenting out line Lines { lines: 1381..=1394 } in "./tmp/18/allocation_layer/AllocationBranchBetree_v.rs"
verus failed with time: 56145ms, reverting
commenting out line Lines { lines: 105..=105 } in "./tmp/43/betree/PagedBetreeRefinement_v.rs"
verus failed with time: 56060ms, reverting
commenting out line Lines { lines: 1375..=1375 } in "./tmp/21/allocation_layer/LikesBetree_v.rs"
verus failed with time: 55485ms, reverting
commenting out line Lines { lines: 554..=554 } in "./tmp/34/betree/FilteredBetreeRefinement_v.rs"
verus failed with time: 58493ms, reverting
commenting out line Lines { lines: 486..=495 } in "./tmp/36/betree/LinkedBetreeRefinement_v.rs"
verus failed with time: 56399ms, reverting
commenting out line Lines { lines: 673..=675 } in "./tmp/39/betree/LinkedBranch_v/Refinement_v.rs"
verus failed with time: 56780ms, reverting
commenting out line Lines { lines: 2004..=2004 } in "./tmp/37/betree/LinkedBetree_v.rs"
verus failed with time: 57185ms, reverting
commenting out line Lines { lines: 1397..=1403 } in "./tmp/18/allocation_layer/AllocationBranchBetree_v.rs"
verus failed with time: 56961ms, reverting
commenting out line Lines { lines: 115..=124 } in "./tmp/43/betree/PagedBetreeRefinement_v.rs"
verus failed with time: 54160ms, reverting
commenting out line Lines { lines: 1379..=1379 } in "./tmp/21/allocation_layer/LikesBetree_v.rs"
verus failed with time: 55369ms, reverting
commenting out line Lines { lines: 556..=556 } in "./tmp/34/betree/FilteredBetreeRefinement_v.rs"
verus failed with time: 60784ms, reverting
commenting out line Lines { lines: 496..=496 } in "./tmp/36/betree/LinkedBetreeRefinement_v.rs"
verus failed with time: 54756ms, reverting
commenting out line Lines { lines: 695..=695 } in "./tmp/39/betree/LinkedBranch_v/Refinement_v.rs"
verus failed with time: 55132ms, reverting
commenting out line Lines { lines: 1997..=2018 } in "./tmp/37/betree/LinkedBetree_v.rs"
verus failed with time: 58120ms, reverting
commenting out line Lines { lines: 1408..=1408 } in "./tmp/18/allocation_layer/AllocationBranchBetree_v.rs"
verus failed with time: 55145ms, reverting
commenting out line Lines { lines: 143..=143 } in "./tmp/43/betree/PagedBetreeRefinement_v.rs"
verus failed with time: 55802ms, reverting
commenting out line Lines { lines: 1389..=1389 } in "./tmp/21/allocation_layer/LikesBetree_v.rs"
verus failed with time: 55062ms, reverting
commenting out line Lines { lines: 549..=558 } in "./tmp/34/betree/FilteredBetreeRefinement_v.rs"
verus failed with time: 61780ms, reverting
commenting out line Lines { lines: 498..=498 } in "./tmp/36/betree/LinkedBetreeRefinement_v.rs"
verus failed with time: 57790ms, reverting
commenting out line Lines { lines: 716..=716 } in "./tmp/39/betree/LinkedBranch_v/Refinement_v.rs"
verus failed with time: 57725ms, reverting
commenting out line Lines { lines: 1424..=1424 } in "./tmp/18/allocation_layer/AllocationBranchBetree_v.rs"
verus failed with time: 54966ms, reverting
commenting out line Lines { lines: 2027..=2027 } in "./tmp/37/betree/LinkedBetree_v.rs"
verus failed with time: 56419ms, reverting
commenting out line Lines { lines: 144..=144 } in "./tmp/43/betree/PagedBetreeRefinement_v.rs"
verus failed with time: 55079ms, reverting
commenting out line Lines { lines: 1384..=1390 } in "./tmp/21/allocation_layer/LikesBetree_v.rs"
verus failed with time: 55570ms, reverting
commenting out line Lines { lines: 465..=501 } in "./tmp/36/betree/LinkedBetreeRefinement_v.rs"
verus failed with time: 55819ms, reverting
commenting out line Lines { lines: 559..=559 } in "./tmp/34/betree/FilteredBetreeRefinement_v.rs"
verus failed with time: 60735ms, reverting
commenting out line Lines { lines: 698..=728 } in "./tmp/39/betree/LinkedBranch_v/Refinement_v.rs"
verus failed with time: 57990ms, reverting
commenting out line Lines { lines: 1413..=1430 } in "./tmp/18/allocation_layer/AllocationBranchBetree_v.rs"
verus failed with time: 55788ms, reverting
commenting out line Lines { lines: 2020..=2039 } in "./tmp/37/betree/LinkedBetree_v.rs"
verus failed with time: 55112ms, reverting
commenting out line Lines { lines: 177..=177 } in "./tmp/43/betree/PagedBetreeRefinement_v.rs"
verus failed with time: 55389ms, reverting
commenting out line Lines { lines: 1401..=1404 } in "./tmp/21/allocation_layer/LikesBetree_v.rs"
verus failed with time: 56357ms, reverting
commenting out line Lines { lines: 502..=502 } in "./tmp/36/betree/LinkedBetreeRefinement_v.rs"
verus failed with time: 56026ms, reverting
commenting out line Lines { lines: 572..=572 } in "./tmp/34/betree/FilteredBetreeRefinement_v.rs"
verus failed with time: 58081ms, reverting
commenting out line Lines { lines: 679..=732 } in "./tmp/39/betree/LinkedBranch_v/Refinement_v.rs"
verus failed with time: 53204ms, reverting
commenting out line Lines { lines: 1406..=1433 } in "./tmp/18/allocation_layer/AllocationBranchBetree_v.rs"
verus failed with time: 56422ms, reverting
commenting out line Lines { lines: 2060..=2060 } in "./tmp/37/betree/LinkedBetree_v.rs"
verus failed with time: 57450ms, reverting
commenting out line Lines { lines: 183..=183 } in "./tmp/43/betree/PagedBetreeRefinement_v.rs"
verus failed with time: 56750ms, reverting
commenting out line Lines { lines: 1423..=1429 } in "./tmp/21/allocation_layer/LikesBetree_v.rs"
verus failed with time: 55828ms, reverting
commenting out line Lines { lines: 536..=536 } in "./tmp/36/betree/LinkedBetreeRefinement_v.rs"
verus failed with time: 55771ms, reverting
commenting out line Lines { lines: 583..=583 } in "./tmp/34/betree/FilteredBetreeRefinement_v.rs"
verus failed with time: 58575ms, reverting
commenting out line Lines { lines: 737..=737 } in "./tmp/39/betree/LinkedBranch_v/Refinement_v.rs"
verus failed with time: 54954ms, reverting
commenting out line Lines { lines: 1463..=1463 } in "./tmp/18/allocation_layer/AllocationBranchBetree_v.rs"
verus failed with time: 55416ms, reverting
commenting out line Lines { lines: 2061..=2061 } in "./tmp/37/betree/LinkedBetree_v.rs"
verus failed with time: 55969ms, reverting
commenting out line Lines { lines: 184..=184 } in "./tmp/43/betree/PagedBetreeRefinement_v.rs"
verus failed with time: 55192ms, reverting
commenting out line Lines { lines: 1496..=1496 } in "./tmp/21/allocation_layer/LikesBetree_v.rs"
verus failed with time: 55605ms, reverting
commenting out line Lines { lines: 537..=537 } in "./tmp/36/betree/LinkedBetreeRefinement_v.rs"
verus failed with time: 55371ms, reverting
commenting out line Lines { lines: 586..=586 } in "./tmp/34/betree/FilteredBetreeRefinement_v.rs"
verus failed with time: 59088ms, reverting
commenting out line Lines { lines: 753..=753 } in "./tmp/39/betree/LinkedBranch_v/Refinement_v.rs"
verus failed with time: 57386ms, reverting
commenting out line Lines { lines: 1457..=1469 } in "./tmp/18/allocation_layer/AllocationBranchBetree_v.rs"
verus failed with time: 56161ms, reverting
commenting out line Lines { lines: 2089..=2089 } in "./tmp/37/betree/LinkedBetree_v.rs"
verus failed with time: 55994ms, reverting
commenting out line Lines { lines: 178..=185 } in "./tmp/43/betree/PagedBetreeRefinement_v.rs"
verus failed with time: 55281ms, reverting
commenting out line Lines { lines: 1492..=1498 } in "./tmp/21/allocation_layer/LikesBetree_v.rs"
verus failed with time: 57483ms, reverting
commenting out line Lines { lines: 550..=550 } in "./tmp/36/betree/LinkedBetreeRefinement_v.rs"
verus failed with time: 54287ms, reverting
commenting out line Lines { lines: 627..=627 } in "./tmp/34/betree/FilteredBetreeRefinement_v.rs"
verus failed with time: 56611ms, reverting
commenting out line Lines { lines: 757..=758 } in "./tmp/39/betree/LinkedBranch_v/Refinement_v.rs"
verus failed with time: 56063ms, reverting
commenting out line Lines { lines: 1472..=1472 } in "./tmp/18/allocation_layer/AllocationBranchBetree_v.rs"
verus failed with time: 55541ms, reverting
commenting out line Lines { lines: 2083..=2098 } in "./tmp/37/betree/LinkedBetree_v.rs"
verus failed with time: 55845ms, reverting
commenting out line Lines { lines: 196..=196 } in "./tmp/43/betree/PagedBetreeRefinement_v.rs"
verus failed with time: 56242ms, reverting
commenting out line Lines { lines: 1502..=1502 } in "./tmp/21/allocation_layer/LikesBetree_v.rs"
verus failed with time: 57375ms, reverting
commenting out line Lines { lines: 551..=551 } in "./tmp/36/betree/LinkedBetreeRefinement_v.rs"
verus failed with time: 55547ms, reverting
commenting out line Lines { lines: 609..=637 } in "./tmp/34/betree/FilteredBetreeRefinement_v.rs"
verus failed with time: 56207ms, reverting
commenting out line Lines { lines: 759..=759 } in "./tmp/39/betree/LinkedBranch_v/Refinement_v.rs"
verus failed with time: 54928ms, reverting
commenting out line Lines { lines: 1477..=1477 } in "./tmp/18/allocation_layer/AllocationBranchBetree_v.rs"
verus failed with time: 54326ms, reverting
commenting out line Lines { lines: 2106..=2106 } in "./tmp/37/betree/LinkedBetree_v.rs"
verus failed with time: 56148ms, reverting
commenting out line Lines { lines: 197..=197 } in "./tmp/43/betree/PagedBetreeRefinement_v.rs"
verus failed with time: 56975ms, reverting
commenting out line Lines { lines: 1503..=1503 } in "./tmp/21/allocation_layer/LikesBetree_v.rs"
verus failed with time: 58104ms, reverting
commenting out line Lines { lines: 547..=556 } in "./tmp/36/betree/LinkedBetreeRefinement_v.rs"
verus failed with time: 55312ms, reverting
commenting out line Lines { lines: 767..=767 } in "./tmp/39/betree/LinkedBranch_v/Refinement_v.rs"
verus failed with time: 53794ms, reverting
commenting out line Lines { lines: 664..=664 } in "./tmp/34/betree/FilteredBetreeRefinement_v.rs"
verus failed with time: 57646ms, reverting
commenting out line Lines { lines: 1480..=1480 } in "./tmp/18/allocation_layer/AllocationBranchBetree_v.rs"
verus failed with time: 54991ms, reverting
commenting out line Lines { lines: 2100..=2115 } in "./tmp/37/betree/LinkedBetree_v.rs"
verus failed with time: 54040ms, reverting
commenting out line Lines { lines: 234..=234 } in "./tmp/43/betree/PagedBetreeRefinement_v.rs"
verus failed with time: 57721ms, reverting
commenting out line Lines { lines: 1504..=1504 } in "./tmp/21/allocation_layer/LikesBetree_v.rs"
verus succeeded with time: 62947ms, keeping it commented out
commenting out line Lines { lines: 557..=557 } in "./tmp/36/betree/LinkedBetreeRefinement_v.rs"
verus failed with time: 57633ms, reverting
commenting out line Lines { lines: 777..=777 } in "./tmp/39/betree/LinkedBranch_v/Refinement_v.rs"
verus failed with time: 52766ms, reverting
commenting out line Lines { lines: 665..=665 } in "./tmp/34/betree/FilteredBetreeRefinement_v.rs"
verus failed with time: 56654ms, reverting
commenting out line Lines { lines: 1481..=1481 } in "./tmp/18/allocation_layer/AllocationBranchBetree_v.rs"
verus failed with time: 54222ms, reverting
commenting out line Lines { lines: 2150..=2150 } in "./tmp/37/betree/LinkedBetree_v.rs"
verus failed with time: 54476ms, reverting
commenting out line Lines { lines: 271..=275 } in "./tmp/43/betree/PagedBetreeRefinement_v.rs"
verus failed with time: 54900ms, reverting
commenting out line Lines { lines: 1500..=1507 } in "./tmp/21/allocation_layer/LikesBetree_v.rs"
verus failed with time: 56958ms, reverting
commenting out line Lines { lines: 533..=561 } in "./tmp/36/betree/LinkedBetreeRefinement_v.rs"
verus failed with time: 54623ms, reverting
commenting out line Lines { lines: 779..=779 } in "./tmp/39/betree/LinkedBranch_v/Refinement_v.rs"
verus failed with time: 56963ms, reverting
commenting out line Lines { lines: 658..=673 } in "./tmp/34/betree/FilteredBetreeRefinement_v.rs"
verus failed with time: 56764ms, reverting
commenting out line Lines { lines: 1509..=1509 } in "./tmp/18/allocation_layer/AllocationBranchBetree_v.rs"
verus failed with time: 56736ms, reverting
commenting out line Lines { lines: 2151..=2151 } in "./tmp/37/betree/LinkedBetree_v.rs"
verus failed with time: 54756ms, reverting
commenting out line Lines { lines: 303..=304 } in "./tmp/43/betree/PagedBetreeRefinement_v.rs"
verus failed with time: 55748ms, reverting
commenting out line Lines { lines: 1512..=1513 } in "./tmp/21/allocation_layer/LikesBetree_v.rs"
verus failed with time: 56365ms, reverting
commenting out line Lines { lines: 562..=562 } in "./tmp/36/betree/LinkedBetreeRefinement_v.rs"
verus failed with time: 55389ms, reverting
commenting out line Lines { lines: 788..=788 } in "./tmp/39/betree/LinkedBranch_v/Refinement_v.rs"
verus failed with time: 53536ms, reverting
commenting out line Lines { lines: 674..=674 } in "./tmp/34/betree/FilteredBetreeRefinement_v.rs"
verus failed with time: 57189ms, reverting
commenting out line Lines { lines: 1514..=1514 } in "./tmp/18/allocation_layer/AllocationBranchBetree_v.rs"
verus failed with time: 54196ms, reverting
commenting out line Lines { lines: 2149..=2152 } in "./tmp/37/betree/LinkedBetree_v.rs"
verus failed with time: 55504ms, reverting
commenting out line Lines { lines: 339..=339 } in "./tmp/43/betree/PagedBetreeRefinement_v.rs"
verus failed with time: 56860ms, reverting
commenting out line Lines { lines: 1509..=1517 } in "./tmp/21/allocation_layer/LikesBetree_v.rs"
verus failed with time: 55633ms, reverting
commenting out line Lines { lines: 583..=583 } in "./tmp/36/betree/LinkedBetreeRefinement_v.rs"
verus failed with time: 52969ms, reverting
commenting out line Lines { lines: 789..=789 } in "./tmp/39/betree/LinkedBranch_v/Refinement_v.rs"
verus failed with time: 55997ms, reverting
commenting out line Lines { lines: 687..=687 } in "./tmp/34/betree/FilteredBetreeRefinement_v.rs"
verus failed with time: 59551ms, reverting
commenting out line Lines { lines: 1524..=1524 } in "./tmp/18/allocation_layer/AllocationBranchBetree_v.rs"
verus failed with time: 55645ms, reverting
commenting out line Lines { lines: 2156..=2156 } in "./tmp/37/betree/LinkedBetree_v.rs"
verus failed with time: 57943ms, reverting
commenting out line Lines { lines: 352..=352 } in "./tmp/43/betree/PagedBetreeRefinement_v.rs"
verus failed with time: 56062ms, reverting
commenting out line Lines { lines: 1524..=1527 } in "./tmp/21/allocation_layer/LikesBetree_v.rs"
verus failed with time: 53565ms, reverting
commenting out line Lines { lines: 598..=598 } in "./tmp/36/betree/LinkedBetreeRefinement_v.rs"
verus failed with time: 55255ms, reverting
commenting out line Lines { lines: 792..=792 } in "./tmp/39/betree/LinkedBranch_v/Refinement_v.rs"
verus failed with time: 56364ms, reverting
commenting out line Lines { lines: 676..=708 } in "./tmp/34/betree/FilteredBetreeRefinement_v.rs"
verus failed with time: 56245ms, reverting
commenting out line Lines { lines: 1540..=1540 } in "./tmp/18/allocation_layer/AllocationBranchBetree_v.rs"
verus failed with time: 54616ms, reverting
commenting out line Lines { lines: 2154..=2157 } in "./tmp/37/betree/LinkedBetree_v.rs"
verus failed with time: 58046ms, reverting
commenting out line Lines { lines: 360..=360 } in "./tmp/43/betree/PagedBetreeRefinement_v.rs"
verus failed with time: 54501ms, reverting
commenting out line Lines { lines: 1616..=1616 } in "./tmp/21/allocation_layer/LikesBetree_v.rs"
verus failed with time: 55865ms, reverting
commenting out line Lines { lines: 601..=601 } in "./tmp/36/betree/LinkedBetreeRefinement_v.rs"
verus failed with time: 55464ms, reverting
commenting out line Lines { lines: 797..=797 } in "./tmp/39/betree/LinkedBranch_v/Refinement_v.rs"
verus failed with time: 57581ms, reverting
commenting out line Lines { lines: 1531..=1543 } in "./tmp/18/allocation_layer/AllocationBranchBetree_v.rs"
verus failed with time: 54763ms, reverting
commenting out line Lines { lines: 719..=719 } in "./tmp/34/betree/FilteredBetreeRefinement_v.rs"
verus failed with time: 57708ms, reverting
commenting out line Lines { lines: 2183..=2183 } in "./tmp/37/betree/LinkedBetree_v.rs"
verus failed with time: 56769ms, reverting
commenting out line Lines { lines: 384..=384 } in "./tmp/43/betree/PagedBetreeRefinement_v.rs"
verus failed with time: 54537ms, reverting
commenting out line Lines { lines: 1615..=1619 } in "./tmp/21/allocation_layer/LikesBetree_v.rs"
verus failed with time: 55706ms, reverting
commenting out line Lines { lines: 592..=605 } in "./tmp/36/betree/LinkedBetreeRefinement_v.rs"
verus failed with time: 55063ms, reverting
commenting out line Lines { lines: 803..=803 } in "./tmp/39/betree/LinkedBranch_v/Refinement_v.rs"
verus failed with time: 55896ms, reverting
commenting out line Lines { lines: 1592..=1592 } in "./tmp/18/allocation_layer/AllocationBranchBetree_v.rs"
verus failed with time: 55116ms, reverting
commenting out line Lines { lines: 734..=737 } in "./tmp/34/betree/FilteredBetreeRefinement_v.rs"
verus failed with time: 56780ms, reverting
commenting out line Lines { lines: 2181..=2184 } in "./tmp/37/betree/LinkedBetree_v.rs"
verus failed with time: 56174ms, reverting
commenting out line Lines { lines: 400..=400 } in "./tmp/43/betree/PagedBetreeRefinement_v.rs"
verus failed with time: 57693ms, reverting
commenting out line Lines { lines: 1621..=1626 } in "./tmp/21/allocation_layer/LikesBetree_v.rs"
verus failed with time: 55604ms, reverting
commenting out line Lines { lines: 616..=616 } in "./tmp/36/betree/LinkedBetreeRefinement_v.rs"
verus failed with time: 55233ms, reverting
commenting out line Lines { lines: 743..=810 } in "./tmp/39/betree/LinkedBranch_v/Refinement_v.rs"
verus failed with time: 55517ms, reverting
commenting out line Lines { lines: 1589..=1594 } in "./tmp/18/allocation_layer/AllocationBranchBetree_v.rs"
verus failed with time: 53444ms, reverting
minimization of ./tmp/18/allocation_layer/AllocationBranchBetree_v.rs is completed
minimization of ./tmp/44/betree/PagedBetree_v.rs is completed
commenting out line Lines { lines: 747..=747 } in "./tmp/34/betree/FilteredBetreeRefinement_v.rs"
verus failed with time: 57334ms, reverting
commenting out line Lines { lines: 2190..=2190 } in "./tmp/37/betree/LinkedBetree_v.rs"
verus failed with time: 59279ms, reverting
commenting out line Lines { lines: 411..=411 } in "./tmp/43/betree/PagedBetreeRefinement_v.rs"
verus failed with time: 56299ms, reverting
commenting out line Lines { lines: 617..=617 } in "./tmp/36/betree/LinkedBetreeRefinement_v.rs"
verus failed with time: 55283ms, reverting
commenting out line Lines { lines: 1633..=1633 } in "./tmp/21/allocation_layer/LikesBetree_v.rs"
verus failed with time: 58262ms, reverting
commenting out line Lines { lines: 854..=854 } in "./tmp/39/betree/LinkedBranch_v/Refinement_v.rs"
verus failed with time: 55539ms, reverting
commenting out line Lines { lines: 86..=86 } in "./tmp/45/betree/PivotBetreeRefinement_v.rs"
verus failed with time: 60515ms, reverting
commenting out line Lines { lines: 740..=749 } in "./tmp/34/betree/FilteredBetreeRefinement_v.rs"
verus failed with time: 56573ms, reverting
commenting out line Lines { lines: 2193..=2193 } in "./tmp/37/betree/LinkedBetree_v.rs"
verus failed with time: 56106ms, reverting
commenting out line Lines { lines: 422..=422 } in "./tmp/43/betree/PagedBetreeRefinement_v.rs"
verus failed with time: 56148ms, reverting
commenting out line Lines { lines: 607..=618 } in "./tmp/36/betree/LinkedBetreeRefinement_v.rs"
verus failed with time: 53079ms, reverting
commenting out line Lines { lines: 1645..=1648 } in "./tmp/21/allocation_layer/LikesBetree_v.rs"
verus failed with time: 58593ms, reverting
commenting out line Lines { lines: 870..=870 } in "./tmp/39/betree/LinkedBranch_v/Refinement_v.rs"
verus failed with time: 52661ms, reverting
commenting out line Lines { lines: 763..=763 } in "./tmp/34/betree/FilteredBetreeRefinement_v.rs"
verus failed with time: 58112ms, reverting
commenting out line Lines { lines: 161..=161 } in "./tmp/45/betree/PivotBetreeRefinement_v.rs"
verus failed with time: 63144ms, reverting
commenting out line Lines { lines: 2203..=2203 } in "./tmp/37/betree/LinkedBetree_v.rs"
verus failed with time: 56347ms, reverting
commenting out line Lines { lines: 442..=442 } in "./tmp/43/betree/PagedBetreeRefinement_v.rs"
verus failed with time: 57860ms, reverting
commenting out line Lines { lines: 651..=651 } in "./tmp/36/betree/LinkedBetreeRefinement_v.rs"
verus failed with time: 54542ms, reverting
commenting out line Lines { lines: 1718..=1718 } in "./tmp/21/allocation_layer/LikesBetree_v.rs"
verus failed with time: 57154ms, reverting
commenting out line Lines { lines: 871..=871 } in "./tmp/39/betree/LinkedBranch_v/Refinement_v.rs"
verus failed with time: 56193ms, reverting
commenting out line Lines { lines: 783..=783 } in "./tmp/34/betree/FilteredBetreeRefinement_v.rs"
verus failed with time: 58531ms, reverting
commenting out line Lines { lines: 2209..=2209 } in "./tmp/37/betree/LinkedBetree_v.rs"
verus failed with time: 55030ms, reverting
commenting out line Lines { lines: 164..=164 } in "./tmp/45/betree/PivotBetreeRefinement_v.rs"
verus failed with time: 61849ms, reverting
commenting out line Lines { lines: 444..=444 } in "./tmp/43/betree/PagedBetreeRefinement_v.rs"
verus failed with time: 55885ms, reverting
commenting out line Lines { lines: 652..=652 } in "./tmp/36/betree/LinkedBetreeRefinement_v.rs"
verus failed with time: 54198ms, reverting
commenting out line Lines { lines: 1721..=1729 } in "./tmp/21/allocation_layer/LikesBetree_v.rs"
verus failed with time: 53765ms, reverting
commenting out line Lines { lines: 873..=879 } in "./tmp/39/betree/LinkedBranch_v/Refinement_v.rs"
verus failed with time: 58669ms, reverting
commenting out line Lines { lines: 782..=785 } in "./tmp/34/betree/FilteredBetreeRefinement_v.rs"
verus failed with time: 57100ms, reverting
commenting out line Lines { lines: 2195..=2216 } in "./tmp/37/betree/LinkedBetree_v.rs"
verus failed with time: 56111ms, reverting
commenting out line Lines { lines: 460..=467 } in "./tmp/43/betree/PagedBetreeRefinement_v.rs"
verus failed with time: 56912ms, reverting
commenting out line Lines { lines: 648..=654 } in "./tmp/36/betree/LinkedBetreeRefinement_v.rs"
verus failed with time: 57088ms, reverting
commenting out line Lines { lines: 182..=182 } in "./tmp/45/betree/PivotBetreeRefinement_v.rs"
verus failed with time: 64483ms, reverting
commenting out line Lines { lines: 1740..=1740 } in "./tmp/21/allocation_layer/LikesBetree_v.rs"
verus failed with time: 56776ms, reverting
commenting out line Lines { lines: 861..=882 } in "./tmp/39/betree/LinkedBranch_v/Refinement_v.rs"
verus failed with time: 56237ms, reverting
commenting out line Lines { lines: 774..=805 } in "./tmp/34/betree/FilteredBetreeRefinement_v.rs"
verus failed with time: 56767ms, reverting
commenting out line Lines { lines: 2224..=2224 } in "./tmp/37/betree/LinkedBetree_v.rs"
verus failed with time: 54884ms, reverting
commenting out line Lines { lines: 469..=469 } in "./tmp/43/betree/PagedBetreeRefinement_v.rs"
verus failed with time: 57663ms, reverting
commenting out line Lines { lines: 655..=655 } in "./tmp/36/betree/LinkedBetreeRefinement_v.rs"
verus failed with time: 55410ms, reverting
commenting out line Lines { lines: 183..=183 } in "./tmp/45/betree/PivotBetreeRefinement_v.rs"
verus failed with time: 62866ms, reverting
commenting out line Lines { lines: 1735..=1741 } in "./tmp/21/allocation_layer/LikesBetree_v.rs"
verus failed with time: 56470ms, reverting
commenting out line Lines { lines: 883..=883 } in "./tmp/39/betree/LinkedBranch_v/Refinement_v.rs"
verus failed with time: 55429ms, reverting
commenting out line Lines { lines: 817..=817 } in "./tmp/34/betree/FilteredBetreeRefinement_v.rs"
verus failed with time: 55685ms, reverting
commenting out line Lines { lines: 2218..=2232 } in "./tmp/37/betree/LinkedBetree_v.rs"
verus failed with time: 54452ms, reverting
commenting out line Lines { lines: 472..=472 } in "./tmp/43/betree/PagedBetreeRefinement_v.rs"
verus failed with time: 56601ms, reverting
commenting out line Lines { lines: 703..=703 } in "./tmp/36/betree/LinkedBetreeRefinement_v.rs"
verus failed with time: 53797ms, reverting
commenting out line Lines { lines: 1750..=1753 } in "./tmp/21/allocation_layer/LikesBetree_v.rs"
verus failed with time: 57343ms, reverting
commenting out line Lines { lines: 191..=191 } in "./tmp/45/betree/PivotBetreeRefinement_v.rs"
verus failed with time: 62616ms, reverting
commenting out line Lines { lines: 896..=896 } in "./tmp/39/betree/LinkedBranch_v/Refinement_v.rs"
verus failed with time: 59075ms, reverting
commenting out line Lines { lines: 2251..=2251 } in "./tmp/37/betree/LinkedBetree_v.rs"
verus failed with time: 51596ms, reverting
commenting out line Lines { lines: 828..=828 } in "./tmp/34/betree/FilteredBetreeRefinement_v.rs"
verus failed with time: 58545ms, reverting
commenting out line Lines { lines: 700..=705 } in "./tmp/36/betree/LinkedBetreeRefinement_v.rs"
verus failed with time: 53098ms, reverting
commenting out line Lines { lines: 490..=497 } in "./tmp/43/betree/PagedBetreeRefinement_v.rs"
verus failed with time: 56854ms, reverting
commenting out line Lines { lines: 1785..=1785 } in "./tmp/21/allocation_layer/LikesBetree_v.rs"
verus failed with time: 56629ms, reverting
commenting out line Lines { lines: 192..=192 } in "./tmp/45/betree/PivotBetreeRefinement_v.rs"
verus failed with time: 62650ms, reverting
commenting out line Lines { lines: 898..=898 } in "./tmp/39/betree/LinkedBranch_v/Refinement_v.rs"
verus failed with time: 58360ms, reverting
commenting out line Lines { lines: 2253..=2253 } in "./tmp/37/betree/LinkedBetree_v.rs"
verus failed with time: 53135ms, reverting
commenting out line Lines { lines: 823..=831 } in "./tmp/34/betree/FilteredBetreeRefinement_v.rs"
verus failed with time: 58045ms, reverting
commenting out line Lines { lines: 710..=710 } in "./tmp/36/betree/LinkedBetreeRefinement_v.rs"
verus failed with time: 54418ms, reverting
commenting out line Lines { lines: 499..=499 } in "./tmp/43/betree/PagedBetreeRefinement_v.rs"
verus failed with time: 56452ms, reverting
commenting out line Lines { lines: 1864..=1864 } in "./tmp/21/allocation_layer/LikesBetree_v.rs"
verus failed with time: 56077ms, reverting
commenting out line Lines { lines: 900..=906 } in "./tmp/39/betree/LinkedBranch_v/Refinement_v.rs"
verus failed with time: 55570ms, reverting
commenting out line Lines { lines: 207..=211 } in "./tmp/45/betree/PivotBetreeRefinement_v.rs"
verus failed with time: 62042ms, reverting
commenting out line Lines { lines: 2288..=2288 } in "./tmp/37/betree/LinkedBetree_v.rs"
verus failed with time: 53861ms, reverting
commenting out line Lines { lines: 834..=834 } in "./tmp/34/betree/FilteredBetreeRefinement_v.rs"
verus failed with time: 54654ms, reverting
commenting out line Lines { lines: 711..=711 } in "./tmp/36/betree/LinkedBetreeRefinement_v.rs"
verus failed with time: 53976ms, reverting
commenting out line Lines { lines: 502..=502 } in "./tmp/43/betree/PagedBetreeRefinement_v.rs"
verus failed with time: 57577ms, reverting
commenting out line Lines { lines: 1876..=1880 } in "./tmp/21/allocation_layer/LikesBetree_v.rs"
verus failed with time: 56835ms, reverting
commenting out line Lines { lines: 886..=909 } in "./tmp/39/betree/LinkedBranch_v/Refinement_v.rs"
verus failed with time: 55349ms, reverting
commenting out line Lines { lines: 251..=251 } in "./tmp/45/betree/PivotBetreeRefinement_v.rs"
verus failed with time: 63931ms, reverting
commenting out line Lines { lines: 2289..=2289 } in "./tmp/37/betree/LinkedBetree_v.rs"
verus failed with time: 55790ms, reverting
commenting out line Lines { lines: 707..=712 } in "./tmp/36/betree/LinkedBetreeRefinement_v.rs"
verus failed with time: 53752ms, reverting
commenting out line Lines { lines: 841..=841 } in "./tmp/34/betree/FilteredBetreeRefinement_v.rs"
verus failed with time: 55510ms, reverting
commenting out line Lines { lines: 511..=511 } in "./tmp/43/betree/PagedBetreeRefinement_v.rs"
verus failed with time: 57750ms, reverting
commenting out line Lines { lines: 531..=531 } in "./tmp/43/betree/PagedBetreeRefinement_v.rs"
verus failed with time: 9891ms, reverting
minimization of ./tmp/43/betree/PagedBetreeRefinement_v.rs is completed
minimization of ./tmp/46/betree/PivotBetree_v.rs is completed
commenting out line Lines { lines: 1890..=1890 } in "./tmp/21/allocation_layer/LikesBetree_v.rs"
verus failed with time: 57089ms, reverting
commenting out line Lines { lines: 910..=910 } in "./tmp/39/betree/LinkedBranch_v/Refinement_v.rs"
verus failed with time: 52468ms, reverting
commenting out line Lines { lines: 2287..=2290 } in "./tmp/37/betree/LinkedBetree_v.rs"
verus failed with time: 52259ms, reverting
commenting out line Lines { lines: 263..=263 } in "./tmp/45/betree/PivotBetreeRefinement_v.rs"
verus failed with time: 61475ms, reverting
commenting out line Lines { lines: 699..=713 } in "./tmp/36/betree/LinkedBetreeRefinement_v.rs"
verus failed with time: 54190ms, reverting
commenting out line Lines { lines: 842..=842 } in "./tmp/34/betree/FilteredBetreeRefinement_v.rs"
verus failed with time: 56458ms, reverting
commenting out line Lines { lines: 85..=85 } in "./tmp/47/betree/PivotBranchRefinement_v.rs"
verus failed with time: 56860ms, reverting
commenting out line Lines { lines: 929..=929 } in "./tmp/39/betree/LinkedBranch_v/Refinement_v.rs"
verus failed with time: 54077ms, reverting
commenting out line Lines { lines: 1897..=1897 } in "./tmp/21/allocation_layer/LikesBetree_v.rs"
verus failed with time: 62525ms, reverting
commenting out line Lines { lines: 2298..=2298 } in "./tmp/37/betree/LinkedBetree_v.rs"
verus failed with time: 53134ms, reverting
commenting out line Lines { lines: 718..=718 } in "./tmp/36/betree/LinkedBetreeRefinement_v.rs"
verus failed with time: 57454ms, reverting
commenting out line Lines { lines: 304..=304 } in "./tmp/45/betree/PivotBetreeRefinement_v.rs"
verus failed with time: 61773ms, reverting
commenting out line Lines { lines: 848..=848 } in "./tmp/34/betree/FilteredBetreeRefinement_v.rs"
verus failed with time: 57174ms, reverting
commenting out line Lines { lines: 932..=932 } in "./tmp/39/betree/LinkedBranch_v/Refinement_v.rs"
verus failed with time: 50998ms, reverting
commenting out line Lines { lines: 118..=118 } in "./tmp/47/betree/PivotBranchRefinement_v.rs"
verus failed with time: 58127ms, reverting
commenting out line Lines { lines: 1895..=1899 } in "./tmp/21/allocation_layer/LikesBetree_v.rs"
verus failed with time: 56672ms, reverting
commenting out line Lines { lines: 2311..=2311 } in "./tmp/37/betree/LinkedBetree_v.rs"
verus failed with time: 55558ms, reverting
commenting out line Lines { lines: 715..=720 } in "./tmp/36/betree/LinkedBetreeRefinement_v.rs"
verus failed with time: 55263ms, reverting
commenting out line Lines { lines: 809..=860 } in "./tmp/34/betree/FilteredBetreeRefinement_v.rs"
verus failed with time: 56625ms, reverting
commenting out line Lines { lines: 313..=313 } in "./tmp/45/betree/PivotBetreeRefinement_v.rs"
verus failed with time: 58464ms, reverting
commenting out line Lines { lines: 916..=949 } in "./tmp/39/betree/LinkedBranch_v/Refinement_v.rs"
verus failed with time: 55218ms, reverting
commenting out line Lines { lines: 113..=120 } in "./tmp/47/betree/PivotBranchRefinement_v.rs"
verus failed with time: 59077ms, reverting
commenting out line Lines { lines: 1906..=1909 } in "./tmp/21/allocation_layer/LikesBetree_v.rs"
verus failed with time: 57281ms, reverting
commenting out line Lines { lines: 2312..=2312 } in "./tmp/37/betree/LinkedBetree_v.rs"
verus failed with time: 57855ms, reverting
commenting out line Lines { lines: 728..=728 } in "./tmp/36/betree/LinkedBetreeRefinement_v.rs"
verus failed with time: 52548ms, reverting
commenting out line Lines { lines: 904..=904 } in "./tmp/34/betree/FilteredBetreeRefinement_v.rs"
verus failed with time: 56726ms, reverting
commenting out line Lines { lines: 342..=342 } in "./tmp/45/betree/PivotBetreeRefinement_v.rs"
verus failed with time: 57202ms, reverting
commenting out line Lines { lines: 950..=950 } in "./tmp/39/betree/LinkedBranch_v/Refinement_v.rs"
verus succeeded with time: 63072ms, keeping it commented out
commenting out line Lines { lines: 122..=126 } in "./tmp/47/betree/PivotBranchRefinement_v.rs"
verus failed with time: 62159ms, reverting
commenting out line Lines { lines: 1914..=1914 } in "./tmp/21/allocation_layer/LikesBetree_v.rs"
verus failed with time: 58357ms, reverting
commenting out line Lines { lines: 2292..=2319 } in "./tmp/37/betree/LinkedBetree_v.rs"
verus failed with time: 55183ms, reverting
commenting out line Lines { lines: 729..=729 } in "./tmp/36/betree/LinkedBetreeRefinement_v.rs"
verus failed with time: 51924ms, reverting
commenting out line Lines { lines: 907..=907 } in "./tmp/34/betree/FilteredBetreeRefinement_v.rs"
verus failed with time: 57377ms, reverting
commenting out line Lines { lines: 358..=358 } in "./tmp/45/betree/PivotBetreeRefinement_v.rs"
verus failed with time: 56997ms, reverting
commenting out line Lines { lines: 977..=977 } in "./tmp/39/betree/LinkedBranch_v/Refinement_v.rs"
verus failed with time: 51828ms, reverting
commenting out line Lines { lines: 1901..=1917 } in "./tmp/21/allocation_layer/LikesBetree_v.rs"
verus failed with time: 57110ms, reverting
commenting out line Lines { lines: 140..=140 } in "./tmp/47/betree/PivotBranchRefinement_v.rs"
verus failed with time: 60609ms, reverting
commenting out line Lines { lines: 2345..=2346 } in "./tmp/37/betree/LinkedBetree_v.rs"
verus failed with time: 56221ms, reverting
commenting out line Lines { lines: 722..=732 } in "./tmp/36/betree/LinkedBetreeRefinement_v.rs"
verus failed with time: 57986ms, reverting
commenting out line Lines { lines: 405..=420 } in "./tmp/45/betree/PivotBetreeRefinement_v.rs"
verus failed with time: 56270ms, reverting
commenting out line Lines { lines: 908..=908 } in "./tmp/34/betree/FilteredBetreeRefinement_v.rs"
verus failed with time: 58417ms, reverting
commenting out line Lines { lines: 980..=980 } in "./tmp/39/betree/LinkedBranch_v/Refinement_v.rs"
verus failed with time: 52741ms, reverting
commenting out line Lines { lines: 1920..=1940 } in "./tmp/21/allocation_layer/LikesBetree_v.rs"
verus failed with time: 54306ms, reverting
commenting out line Lines { lines: 145..=148 } in "./tmp/47/betree/PivotBranchRefinement_v.rs"
verus failed with time: 56120ms, reverting
commenting out line Lines { lines: 2379..=2379 } in "./tmp/37/betree/LinkedBetree_v.rs"
verus failed with time: 56582ms, reverting
commenting out line Lines { lines: 800..=800 } in "./tmp/36/betree/LinkedBetreeRefinement_v.rs"
verus failed with time: 55480ms, reverting
commenting out line Lines { lines: 421..=421 } in "./tmp/45/betree/PivotBetreeRefinement_v.rs"
verus failed with time: 57290ms, reverting
commenting out line Lines { lines: 898..=909 } in "./tmp/34/betree/FilteredBetreeRefinement_v.rs"
verus failed with time: 58386ms, reverting
commenting out line Lines { lines: 981..=981 } in "./tmp/39/betree/LinkedBranch_v/Refinement_v.rs"
verus succeeded with time: 60598ms, keeping it commented out
commenting out line Lines { lines: 1950..=1951 } in "./tmp/21/allocation_layer/LikesBetree_v.rs"
verus failed with time: 54689ms, reverting
commenting out line Lines { lines: 185..=185 } in "./tmp/47/betree/PivotBranchRefinement_v.rs"
verus failed with time: 58659ms, reverting
commenting out line Lines { lines: 2367..=2386 } in "./tmp/37/betree/LinkedBetree_v.rs"
verus failed with time: 57119ms, reverting
commenting out line Lines { lines: 839..=839 } in "./tmp/36/betree/LinkedBetreeRefinement_v.rs"
verus failed with time: 55761ms, reverting
commenting out line Lines { lines: 430..=430 } in "./tmp/45/betree/PivotBetreeRefinement_v.rs"
verus failed with time: 54359ms, reverting
commenting out line Lines { lines: 913..=913 } in "./tmp/34/betree/FilteredBetreeRefinement_v.rs"
verus failed with time: 54649ms, reverting
commenting out line Lines { lines: 982..=982 } in "./tmp/39/betree/LinkedBranch_v/Refinement_v.rs"
verus succeeded with time: 59736ms, keeping it commented out
commenting out line Lines { lines: 1955..=1955 } in "./tmp/21/allocation_layer/LikesBetree_v.rs"
verus failed with time: 57340ms, reverting
commenting out line Lines { lines: 2417..=2417 } in "./tmp/37/betree/LinkedBetree_v.rs"
verus failed with time: 57375ms, reverting
commenting out line Lines { lines: 191..=191 } in "./tmp/47/betree/PivotBranchRefinement_v.rs"
verus failed with time: 57945ms, reverting
commenting out line Lines { lines: 838..=841 } in "./tmp/36/betree/LinkedBetreeRefinement_v.rs"
verus failed with time: 54751ms, reverting
commenting out line Lines { lines: 445..=445 } in "./tmp/45/betree/PivotBetreeRefinement_v.rs"
verus failed with time: 56960ms, reverting
commenting out line Lines { lines: 911..=915 } in "./tmp/34/betree/FilteredBetreeRefinement_v.rs"
verus failed with time: 56987ms, reverting
commenting out line Lines { lines: 992..=992 } in "./tmp/39/betree/LinkedBranch_v/Refinement_v.rs"
verus failed with time: 53625ms, reverting
commenting out line Lines { lines: 1970..=1971 } in "./tmp/21/allocation_layer/LikesBetree_v.rs"
verus failed with time: 54697ms, reverting
commenting out line Lines { lines: 2459..=2459 } in "./tmp/37/betree/LinkedBetree_v.rs"
verus failed with time: 55745ms, reverting
commenting out line Lines { lines: 193..=193 } in "./tmp/47/betree/PivotBranchRefinement_v.rs"
verus failed with time: 57205ms, reverting
commenting out line Lines { lines: 843..=852 } in "./tmp/36/betree/LinkedBetreeRefinement_v.rs"
verus failed with time: 56531ms, reverting
commenting out line Lines { lines: 458..=458 } in "./tmp/45/betree/PivotBetreeRefinement_v.rs"
verus failed with time: 54801ms, reverting
commenting out line Lines { lines: 917..=917 } in "./tmp/34/betree/FilteredBetreeRefinement_v.rs"
verus failed with time: 57887ms, reverting
commenting out line Lines { lines: 994..=994 } in "./tmp/39/betree/LinkedBranch_v/Refinement_v.rs"
verus failed with time: 53863ms, reverting
commenting out line Lines { lines: 1942..=1974 } in "./tmp/21/allocation_layer/LikesBetree_v.rs"
verus failed with time: 57750ms, reverting
minimization of ./tmp/21/allocation_layer/LikesBetree_v.rs is completed
minimization of ./tmp/48/betree/PivotBranch_v.rs is completed
commenting out line Lines { lines: 2464..=2464 } in "./tmp/37/betree/LinkedBetree_v.rs"
verus failed with time: 54769ms, reverting
commenting out line Lines { lines: 855..=858 } in "./tmp/36/betree/LinkedBetreeRefinement_v.rs"
verus failed with time: 54633ms, reverting
commenting out line Lines { lines: 181..=196 } in "./tmp/47/betree/PivotBranchRefinement_v.rs"
verus failed with time: 57944ms, reverting
commenting out line Lines { lines: 464..=464 } in "./tmp/45/betree/PivotBetreeRefinement_v.rs"
verus failed with time: 57964ms, reverting
commenting out line Lines { lines: 935..=935 } in "./tmp/34/betree/FilteredBetreeRefinement_v.rs"
verus failed with time: 58789ms, reverting
commenting out line Lines { lines: 988..=1003 } in "./tmp/39/betree/LinkedBranch_v/Refinement_v.rs"
verus failed with time: 53709ms, reverting
commenting out line Lines { lines: 97..=97 } in "./tmp/49/betree/PivotTable_v.rs"
verus failed with time: 54374ms, reverting
commenting out line Lines { lines: 2454..=2467 } in "./tmp/37/betree/LinkedBetree_v.rs"
verus failed with time: 55250ms, reverting
commenting out line Lines { lines: 869..=869 } in "./tmp/36/betree/LinkedBetreeRefinement_v.rs"
verus failed with time: 57590ms, reverting
commenting out line Lines { lines: 215..=233 } in "./tmp/47/betree/PivotBranchRefinement_v.rs"
verus failed with time: 59461ms, reverting
commenting out line Lines { lines: 481..=481 } in "./tmp/45/betree/PivotBetreeRefinement_v.rs"
verus failed with time: 55567ms, reverting
commenting out line Lines { lines: 952..=952 } in "./tmp/34/betree/FilteredBetreeRefinement_v.rs"
verus failed with time: 55060ms, reverting
commenting out line Lines { lines: 984..=1004 } in "./tmp/39/betree/LinkedBranch_v/Refinement_v.rs"
verus failed with time: 56853ms, reverting
commenting out line Lines { lines: 99..=99 } in "./tmp/49/betree/PivotTable_v.rs"
verus failed with time: 54868ms, reverting
commenting out line Lines { lines: 2470..=2470 } in "./tmp/37/betree/LinkedBetree_v.rs"
verus failed with time: 55343ms, reverting
commenting out line Lines { lines: 870..=870 } in "./tmp/36/betree/LinkedBetreeRefinement_v.rs"
verus failed with time: 57873ms, reverting
commenting out line Lines { lines: 237..=247 } in "./tmp/47/betree/PivotBranchRefinement_v.rs"
verus failed with time: 61737ms, reverting
commenting out line Lines { lines: 515..=518 } in "./tmp/45/betree/PivotBetreeRefinement_v.rs"
verus failed with time: 54749ms, reverting
commenting out line Lines { lines: 950..=953 } in "./tmp/34/betree/FilteredBetreeRefinement_v.rs"
verus failed with time: 57840ms, reverting
commenting out line Lines { lines: 1020..=1020 } in "./tmp/39/betree/LinkedBranch_v/Refinement_v.rs"
verus failed with time: 54740ms, reverting
commenting out line Lines { lines: 93..=101 } in "./tmp/49/betree/PivotTable_v.rs"
verus failed with time: 55608ms, reverting
minimization of ./tmp/49/betree/PivotTable_v.rs is completed
minimization of ./tmp/50/betree/SplitRequest_v.rs is completed
commenting out line Lines { lines: 2509..=2509 } in "./tmp/37/betree/LinkedBetree_v.rs"
verus succeeded with time: 61133ms, keeping it commented out
commenting out line Lines { lines: 866..=879 } in "./tmp/36/betree/LinkedBetreeRefinement_v.rs"
verus failed with time: 54693ms, reverting
commenting out line Lines { lines: 200..=251 } in "./tmp/47/betree/PivotBranchRefinement_v.rs"
verus failed with time: 58681ms, reverting
commenting out line Lines { lines: 522..=522 } in "./tmp/45/betree/PivotBetreeRefinement_v.rs"
verus failed with time: 60002ms, reverting
commenting out line Lines { lines: 990..=990 } in "./tmp/34/betree/FilteredBetreeRefinement_v.rs"
verus failed with time: 58664ms, reverting
commenting out line Lines { lines: 1039..=1039 } in "./tmp/39/betree/LinkedBranch_v/Refinement_v.rs"
verus failed with time: 53165ms, reverting
commenting out line Lines { lines: 49..=49 } in "./tmp/51/betree/Utils_v.rs"
verus failed with time: 54890ms, reverting
commenting out line Lines { lines: 2527..=2527 } in "./tmp/37/betree/LinkedBetree_v.rs"
verus failed with time: 54981ms, reverting
commenting out line Lines { lines: 880..=880 } in "./tmp/36/betree/LinkedBetreeRefinement_v.rs"
verus failed with time: 55940ms, reverting
commenting out line Lines { lines: 253..=253 } in "./tmp/47/betree/PivotBranchRefinement_v.rs"
verus failed with time: 55632ms, reverting
commenting out line Lines { lines: 520..=524 } in "./tmp/45/betree/PivotBetreeRefinement_v.rs"
verus failed with time: 57871ms, reverting
commenting out line Lines { lines: 991..=991 } in "./tmp/34/betree/FilteredBetreeRefinement_v.rs"
verus failed with time: 56200ms, reverting
commenting out line Lines { lines: 1042..=1042 } in "./tmp/39/betree/LinkedBranch_v/Refinement_v.rs"
verus failed with time: 55617ms, reverting
commenting out line Lines { lines: 116..=116 } in "./tmp/51/betree/Utils_v.rs"
verus failed with time: 54341ms, reverting
commenting out line Lines { lines: 2530..=2530 } in "./tmp/37/betree/LinkedBetree_v.rs"
verus failed with time: 54358ms, reverting
commenting out line Lines { lines: 964..=964 } in "./tmp/36/betree/LinkedBetreeRefinement_v.rs"
verus failed with time: 55460ms, reverting
commenting out line Lines { lines: 276..=276 } in "./tmp/47/betree/PivotBranchRefinement_v.rs"
verus failed with time: 55962ms, reverting
commenting out line Lines { lines: 528..=528 } in "./tmp/45/betree/PivotBetreeRefinement_v.rs"
verus failed with time: 59734ms, reverting
commenting out line Lines { lines: 1063..=1063 } in "./tmp/39/betree/LinkedBranch_v/Refinement_v.rs"
verus failed with time: 56077ms, reverting
commenting out line Lines { lines: 1028..=1028 } in "./tmp/34/betree/FilteredBetreeRefinement_v.rs"
verus failed with time: 60115ms, reverting
commenting out line Lines { lines: 121..=121 } in "./tmp/51/betree/Utils_v.rs"
verus failed with time: 57861ms, reverting
commenting out line Lines { lines: 998..=998 } in "./tmp/36/betree/LinkedBetreeRefinement_v.rs"
verus failed with time: 54305ms, reverting
commenting out line Lines { lines: 2532..=2532 } in "./tmp/37/betree/LinkedBetree_v.rs"
verus succeeded with time: 58944ms, keeping it commented out
commenting out line Lines { lines: 274..=277 } in "./tmp/47/betree/PivotBranchRefinement_v.rs"
verus failed with time: 57824ms, reverting
commenting out line Lines { lines: 526..=529 } in "./tmp/45/betree/PivotBetreeRefinement_v.rs"
verus failed with time: 56268ms, reverting
commenting out line Lines { lines: 1094..=1094 } in "./tmp/39/betree/LinkedBranch_v/Refinement_v.rs"
verus failed with time: 54629ms, reverting
commenting out line Lines { lines: 1042..=1042 } in "./tmp/34/betree/FilteredBetreeRefinement_v.rs"
verus failed with time: 56366ms, reverting
commenting out line Lines { lines: 110..=124 } in "./tmp/51/betree/Utils_v.rs"
verus failed with time: 57211ms, reverting
minimization of ./tmp/51/betree/Utils_v.rs is completed
minimization of ./tmp/52/disk.rs is completed
commenting out line Lines { lines: 999..=999 } in "./tmp/36/betree/LinkedBetreeRefinement_v.rs"
verus failed with time: 53740ms, reverting
commenting out line Lines { lines: 2522..=2535 } in "./tmp/37/betree/LinkedBetree_v.rs"
verus failed with time: 56103ms, reverting
commenting out line Lines { lines: 280..=280 } in "./tmp/47/betree/PivotBranchRefinement_v.rs"
verus failed with time: 60710ms, reverting
commenting out line Lines { lines: 572..=572 } in "./tmp/45/betree/PivotBetreeRefinement_v.rs"
verus failed with time: 55437ms, reverting
commenting out line Lines { lines: 1133..=1133 } in "./tmp/39/betree/LinkedBranch_v/Refinement_v.rs"
verus failed with time: 55627ms, reverting
commenting out line Lines { lines: 1043..=1043 } in "./tmp/34/betree/FilteredBetreeRefinement_v.rs"
verus failed with time: 56689ms, reverting
commenting out line Lines { lines: 104..=104 } in "./tmp/53/disk/GenericDisk_v.rs"
verus failed with time: 57405ms, reverting
commenting out line Lines { lines: 995..=1001 } in "./tmp/36/betree/LinkedBetreeRefinement_v.rs"
verus failed with time: 54840ms, reverting
commenting out line Lines { lines: 2584..=2584 } in "./tmp/37/betree/LinkedBetree_v.rs"
verus succeeded with time: 59023ms, keeping it commented out
commenting out line Lines { lines: 281..=281 } in "./tmp/47/betree/PivotBranchRefinement_v.rs"
verus failed with time: 58594ms, reverting
commenting out line Lines { lines: 620..=620 } in "./tmp/45/betree/PivotBetreeRefinement_v.rs"
verus failed with time: 63141ms, reverting
commenting out line Lines { lines: 1140..=1144 } in "./tmp/39/betree/LinkedBranch_v/Refinement_v.rs"
verus failed with time: 58803ms, reverting
commenting out line Lines { lines: 1039..=1044 } in "./tmp/34/betree/FilteredBetreeRefinement_v.rs"
verus failed with time: 56859ms, reverting
commenting out line Lines { lines: 102..=105 } in "./tmp/53/disk/GenericDisk_v.rs"
verus failed with time: 55244ms, reverting
commenting out line Lines { lines: 1003..=1003 } in "./tmp/36/betree/LinkedBetreeRefinement_v.rs"
verus failed with time: 53288ms, reverting
commenting out line Lines { lines: 2585..=2592 } in "./tmp/37/betree/LinkedBetree_v.rs"
verus failed with time: 53615ms, reverting
commenting out line Lines { lines: 279..=282 } in "./tmp/47/betree/PivotBranchRefinement_v.rs"
verus failed with time: 57956ms, reverting
commenting out line Lines { lines: 1174..=1174 } in "./tmp/39/betree/LinkedBranch_v/Refinement_v.rs"
verus failed with time: 58113ms, reverting
commenting out line Lines { lines: 1045..=1045 } in "./tmp/34/betree/FilteredBetreeRefinement_v.rs"
verus failed with time: 57870ms, reverting
commenting out line Lines { lines: 621..=621 } in "./tmp/45/betree/PivotBetreeRefinement_v.rs"
verus failed with time: 61831ms, reverting
commenting out line Lines { lines: 112..=118 } in "./tmp/53/disk/GenericDisk_v.rs"
verus failed with time: 57375ms, reverting
commenting out line Lines { lines: 1005..=1005 } in "./tmp/36/betree/LinkedBetreeRefinement_v.rs"
verus failed with time: 53373ms, reverting
commenting out line Lines { lines: 2603..=2603 } in "./tmp/37/betree/LinkedBetree_v.rs"
verus failed with time: 54620ms, reverting
commenting out line Lines { lines: 337..=337 } in "./tmp/47/betree/PivotBranchRefinement_v.rs"
verus failed with time: 59282ms, reverting
commenting out line Lines { lines: 1175..=1175 } in "./tmp/39/betree/LinkedBranch_v/Refinement_v.rs"
verus failed with time: 57294ms, reverting
commenting out line Lines { lines: 1063..=1063 } in "./tmp/34/betree/FilteredBetreeRefinement_v.rs"
verus failed with time: 56924ms, reverting
commenting out line Lines { lines: 667..=669 } in "./tmp/45/betree/PivotBetreeRefinement_v.rs"
verus failed with time: 56115ms, reverting
commenting out line Lines { lines: 1009..=1009 } in "./tmp/36/betree/LinkedBetreeRefinement_v.rs"
verus failed with time: 54700ms, reverting
commenting out line Lines { lines: 126..=126 } in "./tmp/53/disk/GenericDisk_v.rs"
verus failed with time: 56949ms, reverting
commenting out line Lines { lines: 2598..=2616 } in "./tmp/37/betree/LinkedBetree_v.rs"
verus failed with time: 53427ms, reverting
minimization of ./tmp/37/betree/LinkedBetree_v.rs is completed
minimization of ./tmp/54/journal.rs is completed
commenting out line Lines { lines: 321..=356 } in "./tmp/47/betree/PivotBranchRefinement_v.rs"
verus failed with time: 59106ms, reverting
commenting out line Lines { lines: 1182..=1182 } in "./tmp/39/betree/LinkedBranch_v/Refinement_v.rs"
verus failed with time: 57513ms, reverting
commenting out line Lines { lines: 712..=712 } in "./tmp/45/betree/PivotBetreeRefinement_v.rs"
verus failed with time: 56454ms, reverting
commenting out line Lines { lines: 1071..=1071 } in "./tmp/34/betree/FilteredBetreeRefinement_v.rs"
verus failed with time: 58860ms, reverting
commenting out line Lines { lines: 1154..=1154 } in "./tmp/36/betree/LinkedBetreeRefinement_v.rs"
verus failed with time: 54790ms, reverting
commenting out line Lines { lines: 136..=136 } in "./tmp/53/disk/GenericDisk_v.rs"
verus failed with time: 57470ms, reverting
commenting out line Lines { lines: 1159..=1159 } in "./tmp/36/betree/LinkedBetreeRefinement_v.rs"
verus failed with time: 4793ms, reverting
minimization of ./tmp/36/betree/LinkedBetreeRefinement_v.rs is completed
commenting out line Lines { lines: 73..=73 } in "./tmp/55/journal/LinkedJournalRefinement_v.rs"
verus failed with time: 58158ms, reverting
commenting out line Lines { lines: 390..=390 } in "./tmp/47/betree/PivotBranchRefinement_v.rs"
verus succeeded with time: 63515ms, keeping it commented out
commenting out line Lines { lines: 1072..=1072 } in "./tmp/34/betree/FilteredBetreeRefinement_v.rs"
verus failed with time: 54891ms, reverting
commenting out line Lines { lines: 1184..=1184 } in "./tmp/39/betree/LinkedBranch_v/Refinement_v.rs"
verus succeeded with time: 57504ms, keeping it commented out
commenting out line Lines { lines: 722..=722 } in "./tmp/45/betree/PivotBetreeRefinement_v.rs"
verus failed with time: 57571ms, reverting
commenting out line Lines { lines: 137..=137 } in "./tmp/53/disk/GenericDisk_v.rs"
verus failed with time: 54528ms, reverting
commenting out line Lines { lines: 196..=196 } in "./tmp/56/journal/LinkedJournal_v.rs"
verus failed with time: 55666ms, reverting
commenting out line Lines { lines: 75..=75 } in "./tmp/55/journal/LinkedJournalRefinement_v.rs"
verus failed with time: 55411ms, reverting
commenting out line Lines { lines: 1068..=1073 } in "./tmp/34/betree/FilteredBetreeRefinement_v.rs"
verus failed with time: 56640ms, reverting
commenting out line Lines { lines: 383..=435 } in "./tmp/47/betree/PivotBranchRefinement_v.rs"
verus failed with time: 58118ms, reverting
commenting out line Lines { lines: 733..=733 } in "./tmp/45/betree/PivotBetreeRefinement_v.rs"
verus failed with time: 56062ms, reverting
commenting out line Lines { lines: 1188..=1188 } in "./tmp/39/betree/LinkedBranch_v/Refinement_v.rs"
verus succeeded with time: 60285ms, keeping it commented out
commenting out line Lines { lines: 151..=151 } in "./tmp/53/disk/GenericDisk_v.rs"
verus failed with time: 54739ms, reverting
commenting out line Lines { lines: 194..=198 } in "./tmp/56/journal/LinkedJournal_v.rs"
verus failed with time: 56860ms, reverting
commenting out line Lines { lines: 114..=114 } in "./tmp/55/journal/LinkedJournalRefinement_v.rs"
verus failed with time: 55321ms, reverting
commenting out line Lines { lines: 1074..=1074 } in "./tmp/34/betree/FilteredBetreeRefinement_v.rs"
verus failed with time: 57567ms, reverting
commenting out line Lines { lines: 754..=754 } in "./tmp/45/betree/PivotBetreeRefinement_v.rs"
verus failed with time: 58173ms, reverting
commenting out line Lines { lines: 483..=483 } in "./tmp/47/betree/PivotBranchRefinement_v.rs"
verus failed with time: 59737ms, reverting
commenting out line Lines { lines: 152..=152 } in "./tmp/53/disk/GenericDisk_v.rs"
verus failed with time: 58051ms, reverting
commenting out line Lines { lines: 1192..=1192 } in "./tmp/39/betree/LinkedBranch_v/Refinement_v.rs"
verus succeeded with time: 60390ms, keeping it commented out
commenting out line Lines { lines: 193..=199 } in "./tmp/56/journal/LinkedJournal_v.rs"
verus failed with time: 55205ms, reverting
commenting out line Lines { lines: 132..=132 } in "./tmp/55/journal/LinkedJournalRefinement_v.rs"
verus succeeded with time: 60638ms, keeping it commented out
commenting out line Lines { lines: 1169..=1169 } in "./tmp/34/betree/FilteredBetreeRefinement_v.rs"
verus failed with time: 56162ms, reverting
commenting out line Lines { lines: 756..=756 } in "./tmp/45/betree/PivotBetreeRefinement_v.rs"
verus failed with time: 55541ms, reverting
commenting out line Lines { lines: 522..=522 } in "./tmp/47/betree/PivotBranchRefinement_v.rs"
verus failed with time: 58565ms, reverting
commenting out line Lines { lines: 1226..=1226 } in "./tmp/39/betree/LinkedBranch_v/Refinement_v.rs"
verus failed with time: 56097ms, reverting
commenting out line Lines { lines: 166..=166 } in "./tmp/53/disk/GenericDisk_v.rs"
verus failed with time: 57345ms, reverting
commenting out line Lines { lines: 328..=333 } in "./tmp/56/journal/LinkedJournal_v.rs"
verus failed with time: 56568ms, reverting
commenting out line Lines { lines: 137..=137 } in "./tmp/55/journal/LinkedJournalRefinement_v.rs"
verus failed with time: 55129ms, reverting
commenting out line Lines { lines: 1171..=1171 } in "./tmp/34/betree/FilteredBetreeRefinement_v.rs"
verus failed with time: 58445ms, reverting
commenting out line Lines { lines: 770..=770 } in "./tmp/45/betree/PivotBetreeRefinement_v.rs"
verus failed with time: 57472ms, reverting
commenting out line Lines { lines: 1235..=1235 } in "./tmp/39/betree/LinkedBranch_v/Refinement_v.rs"
verus failed with time: 56211ms, reverting
commenting out line Lines { lines: 421..=421 } in "./tmp/56/journal/LinkedJournal_v.rs"
verus failed with time: 56001ms, reverting
commenting out line Lines { lines: 523..=523 } in "./tmp/47/betree/PivotBranchRefinement_v.rs"
verus failed with time: 59774ms, reverting
commenting out line Lines { lines: 171..=171 } in "./tmp/53/disk/GenericDisk_v.rs"
verus failed with time: 57280ms, reverting
commenting out line Lines { lines: 1263..=1263 } in "./tmp/34/betree/FilteredBetreeRefinement_v.rs"
verus failed with time: 7437ms, reverting
minimization of ./tmp/34/betree/FilteredBetreeRefinement_v.rs is completed
commenting out line Lines { lines: 129..=147 } in "./tmp/55/journal/LinkedJournalRefinement_v.rs"
verus failed with time: 57687ms, reverting
commenting out line Lines { lines: 771..=771 } in "./tmp/45/betree/PivotBetreeRefinement_v.rs"
verus failed with time: 57074ms, reverting
commenting out line Lines { lines: 419..=423 } in "./tmp/56/journal/LinkedJournal_v.rs"
verus failed with time: 57184ms, reverting
commenting out line Lines { lines: 1237..=1237 } in "./tmp/39/betree/LinkedBranch_v/Refinement_v.rs"
verus failed with time: 57936ms, reverting
commenting out line Lines { lines: 154..=175 } in "./tmp/53/disk/GenericDisk_v.rs"
verus failed with time: 56986ms, reverting
commenting out line Lines { lines: 91..=101 } in "./tmp/57/journal/PagedJournalRefinement_v.rs"
verus failed with time: 56998ms, reverting
commenting out line Lines { lines: 541..=541 } in "./tmp/47/betree/PivotBranchRefinement_v.rs"
verus failed with time: 59195ms, reverting
commenting out line Lines { lines: 116..=161 } in "./tmp/55/journal/LinkedJournalRefinement_v.rs"
verus failed with time: 58921ms, reverting
commenting out line Lines { lines: 792..=792 } in "./tmp/45/betree/PivotBetreeRefinement_v.rs"
verus failed with time: 57867ms, reverting
commenting out line Lines { lines: 548..=548 } in "./tmp/56/journal/LinkedJournal_v.rs"
verus failed with time: 57236ms, reverting
commenting out line Lines { lines: 1234..=1239 } in "./tmp/39/betree/LinkedBranch_v/Refinement_v.rs"
verus failed with time: 58105ms, reverting
commenting out line Lines { lines: 192..=192 } in "./tmp/53/disk/GenericDisk_v.rs"
verus failed with time: 57613ms, reverting
commenting out line Lines { lines: 134..=138 } in "./tmp/57/journal/PagedJournalRefinement_v.rs"
verus failed with time: 57758ms, reverting
commenting out line Lines { lines: 542..=542 } in "./tmp/47/betree/PivotBranchRefinement_v.rs"
verus failed with time: 58968ms, reverting
commenting out line Lines { lines: 115..=164 } in "./tmp/55/journal/LinkedJournalRefinement_v.rs"
verus failed with time: 59334ms, reverting
commenting out line Lines { lines: 813..=813 } in "./tmp/45/betree/PivotBetreeRefinement_v.rs"
verus failed with time: 56654ms, reverting
commenting out line Lines { lines: 780..=780 } in "./tmp/56/journal/LinkedJournal_v.rs"
verus failed with time: 56864ms, reverting
minimization of ./tmp/56/journal/LinkedJournal_v.rs is completed
commenting out line Lines { lines: 1242..=1242 } in "./tmp/39/betree/LinkedBranch_v/Refinement_v.rs"
verus failed with time: 56079ms, reverting
commenting out line Lines { lines: 203..=203 } in "./tmp/53/disk/GenericDisk_v.rs"
verus failed with time: 57438ms, reverting
commenting out line Lines { lines: 186..=186 } in "./tmp/57/journal/PagedJournalRefinement_v.rs"
verus failed with time: 57513ms, reverting
commenting out line Lines { lines: 544..=544 } in "./tmp/47/betree/PivotBranchRefinement_v.rs"
verus failed with time: 58065ms, reverting
commenting out line Lines { lines: 183..=183 } in "./tmp/55/journal/LinkedJournalRefinement_v.rs"
verus failed with time: 58909ms, reverting
commenting out line Lines { lines: 825..=825 } in "./tmp/45/betree/PivotBetreeRefinement_v.rs"
verus failed with time: 58563ms, reverting
commenting out line Lines { lines: 151..=158 } in "./tmp/58/journal/PagedJournal_v.rs"
verus failed with time: 56130ms, reverting
minimization of ./tmp/58/journal/PagedJournal_v.rs is completed
minimization of ./tmp/59/spec.rs is completed
minimization of ./tmp/60/spec/AsyncDisk_t.rs is completed
minimization of ./tmp/61/spec/ImplDisk_t.rs is completed
commenting out line Lines { lines: 1244..=1244 } in "./tmp/39/betree/LinkedBranch_v/Refinement_v.rs"
verus failed with time: 56311ms, reverting
commenting out line Lines { lines: 208..=208 } in "./tmp/53/disk/GenericDisk_v.rs"
verus failed with time: 55953ms, reverting
commenting out line Lines { lines: 256..=256 } in "./tmp/57/journal/PagedJournalRefinement_v.rs"
verus failed with time: 56310ms, reverting
commenting out line Lines { lines: 845..=845 } in "./tmp/45/betree/PivotBetreeRefinement_v.rs"
verus failed with time: 7065ms, reverting
minimization of ./tmp/45/betree/PivotBetreeRefinement_v.rs is completed
commenting out line Lines { lines: 534..=550 } in "./tmp/47/betree/PivotBranchRefinement_v.rs"
verus failed with time: 58447ms, reverting
commenting out line Lines { lines: 184..=195 } in "./tmp/55/journal/LinkedJournalRefinement_v.rs"
verus failed with time: 55524ms, reverting
commenting out line Lines { lines: 191..=191 } in "./tmp/62/spec/FloatingSeq_t.rs"
verus failed with time: 57059ms, reverting
commenting out line Lines { lines: 187..=211 } in "./tmp/53/disk/GenericDisk_v.rs"
verus failed with time: 57619ms, reverting
commenting out line Lines { lines: 1241..=1246 } in "./tmp/39/betree/LinkedBranch_v/Refinement_v.rs"
verus failed with time: 58681ms, reverting
minimization of ./tmp/53/disk/GenericDisk_v.rs is completed
minimization of ./tmp/64/spec/MapSpec_t.rs is completed
minimization of ./tmp/65/spec/Messages_t.rs is completed
commenting out line Lines { lines: 258..=258 } in "./tmp/57/journal/PagedJournalRefinement_v.rs"
verus failed with time: 58436ms, reverting
commenting out line Lines { lines: 124..=124 } in "./tmp/63/spec/KeyType_t.rs"
verus failed with time: 57514ms, reverting
commenting out line Lines { lines: 557..=557 } in "./tmp/47/betree/PivotBranchRefinement_v.rs"
verus failed with time: 58033ms, reverting
commenting out line Lines { lines: 216..=216 } in "./tmp/55/journal/LinkedJournalRefinement_v.rs"
verus failed with time: 55665ms, reverting
commenting out line Lines { lines: 189..=192 } in "./tmp/62/spec/FloatingSeq_t.rs"
verus failed with time: 57813ms, reverting
commenting out line Lines { lines: 75..=79 } in "./tmp/66/spec/TotalKMMap_t.rs"
verus failed with time: 56996ms, reverting
commenting out line Lines { lines: 1281..=1281 } in "./tmp/39/betree/LinkedBranch_v/Refinement_v.rs"
verus failed with time: 57309ms, reverting
minimization of ./tmp/66/spec/TotalKMMap_t.rs is completed
minimization of ./tmp/67/exec.rs is completed
commenting out line Lines { lines: 420..=420 } in "./tmp/57/journal/PagedJournalRefinement_v.rs"
verus failed with time: 57724ms, reverting
commenting out line Lines { lines: 122..=126 } in "./tmp/63/spec/KeyType_t.rs"
verus failed with time: 57900ms, reverting
commenting out line Lines { lines: 565..=565 } in "./tmp/47/betree/PivotBranchRefinement_v.rs"
verus failed with time: 57959ms, reverting
commenting out line Lines { lines: 225..=225 } in "./tmp/55/journal/LinkedJournalRefinement_v.rs"
verus succeeded with time: 59853ms, keeping it commented out
commenting out line Lines { lines: 1282..=1282 } in "./tmp/39/betree/LinkedBranch_v/Refinement_v.rs"
verus failed with time: 55159ms, reverting
commenting out line Lines { lines: 216..=216 } in "./tmp/62/spec/FloatingSeq_t.rs"
verus failed with time: 56660ms, reverting
commenting out line Lines { lines: 82..=82 } in "./tmp/68/exec/MiniAllocator_v.rs"
verus failed with time: 56507ms, reverting
commenting out line Lines { lines: 439..=439 } in "./tmp/57/journal/PagedJournalRefinement_v.rs"
verus failed with time: 57850ms, reverting
commenting out line Lines { lines: 135..=135 } in "./tmp/63/spec/KeyType_t.rs"
verus failed with time: 56965ms, reverting
commenting out line Lines { lines: 566..=566 } in "./tmp/47/betree/PivotBranchRefinement_v.rs"
verus failed with time: 57472ms, reverting
commenting out line Lines { lines: 245..=245 } in "./tmp/55/journal/LinkedJournalRefinement_v.rs"
verus failed with time: 57165ms, reverting
commenting out line Lines { lines: 211..=218 } in "./tmp/62/spec/FloatingSeq_t.rs"
verus failed with time: 57149ms, reverting
commenting out line Lines { lines: 1287..=1287 } in "./tmp/39/betree/LinkedBranch_v/Refinement_v.rs"
verus failed with time: 57419ms, reverting
minimization of ./tmp/62/spec/FloatingSeq_t.rs is completed
commenting out line Lines { lines: 91..=91 } in "./tmp/68/exec/MiniAllocator_v.rs"
verus failed with time: 56931ms, reverting
commenting out line Lines { lines: 468..=468 } in "./tmp/57/journal/PagedJournalRefinement_v.rs"
verus failed with time: 56990ms, reverting
commenting out line Lines { lines: 133..=139 } in "./tmp/63/spec/KeyType_t.rs"
verus failed with time: 56677ms, reverting
commenting out line Lines { lines: 568..=568 } in "./tmp/47/betree/PivotBranchRefinement_v.rs"
verus failed with time: 56912ms, reverting
commenting out line Lines { lines: 246..=246 } in "./tmp/55/journal/LinkedJournalRefinement_v.rs"
verus failed with time: 56257ms, reverting
commenting out line Lines { lines: 1288..=1288 } in "./tmp/39/betree/LinkedBranch_v/Refinement_v.rs"
verus failed with time: 49610ms, reverting
commenting out line Lines { lines: 172..=172 } in "./tmp/68/exec/MiniAllocator_v.rs"
verus failed with time: 51133ms, reverting
commenting out line Lines { lines: 484..=484 } in "./tmp/57/journal/PagedJournalRefinement_v.rs"
verus failed with time: 50058ms, reverting
commenting out line Lines { lines: 317..=317 } in "./tmp/63/spec/KeyType_t.rs"
verus failed with time: 50936ms, reverting
commenting out line Lines { lines: 552..=573 } in "./tmp/47/betree/PivotBranchRefinement_v.rs"
verus failed with time: 52824ms, reverting
commenting out line Lines { lines: 342..=342 } in "./tmp/55/journal/LinkedJournalRefinement_v.rs"
verus failed with time: 51597ms, reverting
commenting out line Lines { lines: 191..=191 } in "./tmp/68/exec/MiniAllocator_v.rs"
verus failed with time: 51356ms, reverting
minimization of ./tmp/68/exec/MiniAllocator_v.rs is completed
commenting out line Lines { lines: 1294..=1294 } in "./tmp/39/betree/LinkedBranch_v/Refinement_v.rs"
verus succeeded with time: 54501ms, keeping it commented out
commenting out line Lines { lines: 510..=510 } in "./tmp/57/journal/PagedJournalRefinement_v.rs"
verus failed with time: 50879ms, reverting
commenting out line Lines { lines: 312..=319 } in "./tmp/63/spec/KeyType_t.rs"
verus failed with time: 50404ms, reverting
commenting out line Lines { lines: 579..=579 } in "./tmp/47/betree/PivotBranchRefinement_v.rs"
verus failed with time: 52916ms, reverting
commenting out line Lines { lines: 440..=440 } in "./tmp/55/journal/LinkedJournalRefinement_v.rs"
verus failed with time: 49817ms, reverting
commenting out line Lines { lines: 514..=514 } in "./tmp/57/journal/PagedJournalRefinement_v.rs"
verus failed with time: 44959ms, reverting
commenting out line Lines { lines: 347..=347 } in "./tmp/63/spec/KeyType_t.rs"
verus failed with time: 45579ms, reverting
commenting out line Lines { lines: 1305..=1305 } in "./tmp/39/betree/LinkedBranch_v/Refinement_v.rs"
verus failed with time: 46631ms, reverting
commenting out line Lines { lines: 585..=585 } in "./tmp/47/betree/PivotBranchRefinement_v.rs"
verus failed with time: 47196ms, reverting
commenting out line Lines { lines: 450..=450 } in "./tmp/55/journal/LinkedJournalRefinement_v.rs"
verus failed with time: 45573ms, reverting
commenting out line Lines { lines: 355..=355 } in "./tmp/63/spec/KeyType_t.rs"
verus failed with time: 46034ms, reverting
commenting out line Lines { lines: 524..=524 } in "./tmp/57/journal/PagedJournalRefinement_v.rs"
verus failed with time: 47024ms, reverting
commenting out line Lines { lines: 1347..=1347 } in "./tmp/39/betree/LinkedBranch_v/Refinement_v.rs"
verus failed with time: 46735ms, reverting
commenting out line Lines { lines: 526..=526 } in "./tmp/57/journal/PagedJournalRefinement_v.rs"
verus failed with time: 6217ms, reverting
minimization of ./tmp/57/journal/PagedJournalRefinement_v.rs is completed
commenting out line Lines { lines: 586..=586 } in "./tmp/47/betree/PivotBranchRefinement_v.rs"
verus failed with time: 46885ms, reverting
commenting out line Lines { lines: 476..=476 } in "./tmp/55/journal/LinkedJournalRefinement_v.rs"
verus failed with time: 45737ms, reverting
commenting out line Lines { lines: 353..=356 } in "./tmp/63/spec/KeyType_t.rs"
verus failed with time: 41527ms, reverting
commenting out line Lines { lines: 1404..=1404 } in "./tmp/39/betree/LinkedBranch_v/Refinement_v.rs"
verus failed with time: 41227ms, reverting
commenting out line Lines { lines: 588..=588 } in "./tmp/47/betree/PivotBranchRefinement_v.rs"
verus failed with time: 44580ms, reverting
commenting out line Lines { lines: 556..=557 } in "./tmp/55/journal/LinkedJournalRefinement_v.rs"
verus failed with time: 42552ms, reverting
commenting out line Lines { lines: 360..=360 } in "./tmp/63/spec/KeyType_t.rs"
verus failed with time: 41431ms, reverting
commenting out line Lines { lines: 1426..=1426 } in "./tmp/39/betree/LinkedBranch_v/Refinement_v.rs"
verus succeeded with time: 45454ms, keeping it commented out
commenting out line Lines { lines: 606..=617 } in "./tmp/55/journal/LinkedJournalRefinement_v.rs"
verus failed with time: 41077ms, reverting
commenting out line Lines { lines: 575..=594 } in "./tmp/47/betree/PivotBranchRefinement_v.rs"
verus failed with time: 43036ms, reverting
commenting out line Lines { lines: 370..=370 } in "./tmp/63/spec/KeyType_t.rs"
verus failed with time: 39611ms, reverting
minimization of ./tmp/63/spec/KeyType_t.rs is completed
commenting out line Lines { lines: 1428..=1428 } in "./tmp/39/betree/LinkedBranch_v/Refinement_v.rs"
verus failed with time: 42316ms, reverting
commenting out line Lines { lines: 621..=626 } in "./tmp/55/journal/LinkedJournalRefinement_v.rs"
verus failed with time: 41050ms, reverting
commenting out line Lines { lines: 603..=603 } in "./tmp/47/betree/PivotBranchRefinement_v.rs"
verus failed with time: 42770ms, reverting
commenting out line Lines { lines: 1430..=1430 } in "./tmp/39/betree/LinkedBranch_v/Refinement_v.rs"
verus succeeded with time: 41663ms, keeping it commented out
commenting out line Lines { lines: 634..=634 } in "./tmp/55/journal/LinkedJournalRefinement_v.rs"
verus failed with time: 39509ms, reverting
commenting out line Lines { lines: 612..=612 } in "./tmp/47/betree/PivotBranchRefinement_v.rs"
verus failed with time: 41242ms, reverting
commenting out line Lines { lines: 1432..=1432 } in "./tmp/39/betree/LinkedBranch_v/Refinement_v.rs"
verus failed with time: 38283ms, reverting
commenting out line Lines { lines: 722..=722 } in "./tmp/55/journal/LinkedJournalRefinement_v.rs"
verus failed with time: 39259ms, reverting
commenting out line Lines { lines: 613..=613 } in "./tmp/47/betree/PivotBranchRefinement_v.rs"
verus failed with time: 40762ms, reverting
commenting out line Lines { lines: 1433..=1433 } in "./tmp/39/betree/LinkedBranch_v/Refinement_v.rs"
verus failed with time: 38477ms, reverting
commenting out line Lines { lines: 767..=767 } in "./tmp/55/journal/LinkedJournalRefinement_v.rs"
verus failed with time: 39317ms, reverting
commenting out line Lines { lines: 615..=615 } in "./tmp/47/betree/PivotBranchRefinement_v.rs"
verus failed with time: 40842ms, reverting
commenting out line Lines { lines: 1434..=1434 } in "./tmp/39/betree/LinkedBranch_v/Refinement_v.rs"
verus failed with time: 39360ms, reverting
commenting out line Lines { lines: 794..=794 } in "./tmp/55/journal/LinkedJournalRefinement_v.rs"
verus failed with time: 39621ms, reverting
commenting out line Lines { lines: 596..=620 } in "./tmp/47/betree/PivotBranchRefinement_v.rs"
verus failed with time: 40749ms, reverting
commenting out line Lines { lines: 1435..=1435 } in "./tmp/39/betree/LinkedBranch_v/Refinement_v.rs"
verus failed with time: 39129ms, reverting
commenting out line Lines { lines: 800..=800 } in "./tmp/55/journal/LinkedJournalRefinement_v.rs"
verus failed with time: 40007ms, reverting
commenting out line Lines { lines: 663..=663 } in "./tmp/47/betree/PivotBranchRefinement_v.rs"
verus failed with time: 39788ms, reverting
commenting out line Lines { lines: 1455..=1455 } in "./tmp/39/betree/LinkedBranch_v/Refinement_v.rs"
verus failed with time: 39296ms, reverting
commenting out line Lines { lines: 803..=803 } in "./tmp/55/journal/LinkedJournalRefinement_v.rs"
verus failed with time: 39410ms, reverting
commenting out line Lines { lines: 665..=671 } in "./tmp/47/betree/PivotBranchRefinement_v.rs"
verus failed with time: 40052ms, reverting
commenting out line Lines { lines: 1489..=1489 } in "./tmp/39/betree/LinkedBranch_v/Refinement_v.rs"
verus succeeded with time: 42604ms, keeping it commented out
commenting out line Lines { lines: 810..=810 } in "./tmp/55/journal/LinkedJournalRefinement_v.rs"
verus failed with time: 39108ms, reverting
commenting out line Lines { lines: 715..=715 } in "./tmp/47/betree/PivotBranchRefinement_v.rs"
verus succeeded with time: 43055ms, keeping it commented out
commenting out line Lines { lines: 1492..=1492 } in "./tmp/39/betree/LinkedBranch_v/Refinement_v.rs"
verus failed with time: 38939ms, reverting
commenting out line Lines { lines: 813..=813 } in "./tmp/55/journal/LinkedJournalRefinement_v.rs"
verus failed with time: 38456ms, reverting
commenting out line Lines { lines: 1494..=1494 } in "./tmp/39/betree/LinkedBranch_v/Refinement_v.rs"
verus failed with time: 6317ms, reverting
commenting out line Lines { lines: 815..=815 } in "./tmp/55/journal/LinkedJournalRefinement_v.rs"
verus failed with time: 6452ms, reverting
minimization of ./tmp/55/journal/LinkedJournalRefinement_v.rs is completed
commenting out line Lines { lines: 749..=749 } in "./tmp/47/betree/PivotBranchRefinement_v.rs"
verus failed with time: 39968ms, reverting
commenting out line Lines { lines: 1553..=1553 } in "./tmp/39/betree/LinkedBranch_v/Refinement_v.rs"
verus failed with time: 37078ms, reverting
commenting out line Lines { lines: 754..=755 } in "./tmp/47/betree/PivotBranchRefinement_v.rs"
verus failed with time: 39303ms, reverting
commenting out line Lines { lines: 1555..=1555 } in "./tmp/39/betree/LinkedBranch_v/Refinement_v.rs"
verus failed with time: 36814ms, reverting
commenting out line Lines { lines: 794..=794 } in "./tmp/47/betree/PivotBranchRefinement_v.rs"
verus failed with time: 38038ms, reverting
commenting out line Lines { lines: 1579..=1579 } in "./tmp/39/betree/LinkedBranch_v/Refinement_v.rs"
verus failed with time: 36566ms, reverting
commenting out line Lines { lines: 800..=800 } in "./tmp/47/betree/PivotBranchRefinement_v.rs"
verus failed with time: 38015ms, reverting
commenting out line Lines { lines: 1575..=1582 } in "./tmp/39/betree/LinkedBranch_v/Refinement_v.rs"
verus failed with time: 36697ms, reverting
commenting out line Lines { lines: 810..=810 } in "./tmp/47/betree/PivotBranchRefinement_v.rs"
verus failed with time: 38518ms, reverting
commenting out line Lines { lines: 1586..=1586 } in "./tmp/39/betree/LinkedBranch_v/Refinement_v.rs"
verus failed with time: 36086ms, reverting
commenting out line Lines { lines: 807..=811 } in "./tmp/47/betree/PivotBranchRefinement_v.rs"
verus failed with time: 38255ms, reverting
commenting out line Lines { lines: 1588..=1588 } in "./tmp/39/betree/LinkedBranch_v/Refinement_v.rs"
verus failed with time: 37491ms, reverting
commenting out line Lines { lines: 816..=816 } in "./tmp/47/betree/PivotBranchRefinement_v.rs"
verus failed with time: 38830ms, reverting
commenting out line Lines { lines: 1589..=1594 } in "./tmp/39/betree/LinkedBranch_v/Refinement_v.rs"
verus failed with time: 36369ms, reverting
commenting out line Lines { lines: 813..=817 } in "./tmp/47/betree/PivotBranchRefinement_v.rs"
verus failed with time: 38944ms, reverting
commenting out line Lines { lines: 1584..=1595 } in "./tmp/39/betree/LinkedBranch_v/Refinement_v.rs"
verus failed with time: 36839ms, reverting
commenting out line Lines { lines: 871..=871 } in "./tmp/47/betree/PivotBranchRefinement_v.rs"
verus failed with time: 36422ms, reverting
commenting out line Lines { lines: 1599..=1599 } in "./tmp/39/betree/LinkedBranch_v/Refinement_v.rs"
verus failed with time: 37370ms, reverting
commenting out line Lines { lines: 914..=919 } in "./tmp/47/betree/PivotBranchRefinement_v.rs"
verus failed with time: 37744ms, reverting
commenting out line Lines { lines: 1601..=1601 } in "./tmp/39/betree/LinkedBranch_v/Refinement_v.rs"
verus failed with time: 36441ms, reverting
commenting out line Lines { lines: 944..=944 } in "./tmp/47/betree/PivotBranchRefinement_v.rs"
verus failed with time: 38089ms, reverting
commenting out line Lines { lines: 1602..=1607 } in "./tmp/39/betree/LinkedBranch_v/Refinement_v.rs"
verus failed with time: 36724ms, reverting
commenting out line Lines { lines: 952..=952 } in "./tmp/47/betree/PivotBranchRefinement_v.rs"
verus failed with time: 38728ms, reverting
commenting out line Lines { lines: 1597..=1608 } in "./tmp/39/betree/LinkedBranch_v/Refinement_v.rs"
verus failed with time: 36565ms, reverting
commenting out line Lines { lines: 954..=954 } in "./tmp/47/betree/PivotBranchRefinement_v.rs"
verus failed with time: 37330ms, reverting
commenting out line Lines { lines: 1630..=1630 } in "./tmp/39/betree/LinkedBranch_v/Refinement_v.rs"
verus succeeded with time: 40609ms, keeping it commented out
commenting out line Lines { lines: 951..=956 } in "./tmp/47/betree/PivotBranchRefinement_v.rs"
verus failed with time: 37989ms, reverting
commenting out line Lines { lines: 1632..=1632 } in "./tmp/39/betree/LinkedBranch_v/Refinement_v.rs"
verus failed with time: 37830ms, reverting
commenting out line Lines { lines: 959..=959 } in "./tmp/47/betree/PivotBranchRefinement_v.rs"
verus failed with time: 38985ms, reverting
commenting out line Lines { lines: 1623..=1635 } in "./tmp/39/betree/LinkedBranch_v/Refinement_v.rs"
verus failed with time: 37389ms, reverting
commenting out line Lines { lines: 961..=961 } in "./tmp/47/betree/PivotBranchRefinement_v.rs"
verus failed with time: 36260ms, reverting
commenting out line Lines { lines: 1655..=1655 } in "./tmp/39/betree/LinkedBranch_v/Refinement_v.rs"
verus failed with time: 36623ms, reverting
commenting out line Lines { lines: 958..=963 } in "./tmp/47/betree/PivotBranchRefinement_v.rs"
verus failed with time: 38133ms, reverting
commenting out line Lines { lines: 1647..=1659 } in "./tmp/39/betree/LinkedBranch_v/Refinement_v.rs"
verus failed with time: 37896ms, reverting
commenting out line Lines { lines: 1001..=1001 } in "./tmp/47/betree/PivotBranchRefinement_v.rs"
verus failed with time: 38728ms, reverting
commenting out line Lines { lines: 1676..=1676 } in "./tmp/39/betree/LinkedBranch_v/Refinement_v.rs"
verus failed with time: 36633ms, reverting
commenting out line Lines { lines: 1032..=1032 } in "./tmp/47/betree/PivotBranchRefinement_v.rs"
verus failed with time: 38603ms, reverting
commenting out line Lines { lines: 1699..=1699 } in "./tmp/39/betree/LinkedBranch_v/Refinement_v.rs"
verus failed with time: 36859ms, reverting
commenting out line Lines { lines: 1049..=1049 } in "./tmp/47/betree/PivotBranchRefinement_v.rs"
verus failed with time: 38873ms, reverting
commenting out line Lines { lines: 1700..=1700 } in "./tmp/39/betree/LinkedBranch_v/Refinement_v.rs"
verus failed with time: 37358ms, reverting
commenting out line Lines { lines: 1076..=1076 } in "./tmp/47/betree/PivotBranchRefinement_v.rs"
verus failed with time: 38153ms, reverting
commenting out line Lines { lines: 1704..=1714 } in "./tmp/39/betree/LinkedBranch_v/Refinement_v.rs"
verus failed with time: 37573ms, reverting
commenting out line Lines { lines: 1077..=1077 } in "./tmp/47/betree/PivotBranchRefinement_v.rs"
verus failed with time: 39343ms, reverting
commenting out line Lines { lines: 1715..=1715 } in "./tmp/39/betree/LinkedBranch_v/Refinement_v.rs"
verus failed with time: 37648ms, reverting
commenting out line Lines { lines: 1082..=1082 } in "./tmp/47/betree/PivotBranchRefinement_v.rs"
verus failed with time: 38308ms, reverting
commenting out line Lines { lines: 1716..=1717 } in "./tmp/39/betree/LinkedBranch_v/Refinement_v.rs"
verus failed with time: 37676ms, reverting
commenting out line Lines { lines: 1083..=1083 } in "./tmp/47/betree/PivotBranchRefinement_v.rs"
verus failed with time: 38879ms, reverting
commenting out line Lines { lines: 1718..=1719 } in "./tmp/39/betree/LinkedBranch_v/Refinement_v.rs"
verus failed with time: 38332ms, reverting
commenting out line Lines { lines: 1098..=1098 } in "./tmp/47/betree/PivotBranchRefinement_v.rs"
verus failed with time: 38896ms, reverting
commenting out line Lines { lines: 1743..=1743 } in "./tmp/39/betree/LinkedBranch_v/Refinement_v.rs"
verus succeeded with time: 40970ms, keeping it commented out
commenting out line Lines { lines: 1152..=1152 } in "./tmp/47/betree/PivotBranchRefinement_v.rs"
verus failed with time: 37950ms, reverting
commenting out line Lines { lines: 1746..=1746 } in "./tmp/39/betree/LinkedBranch_v/Refinement_v.rs"
verus failed with time: 37773ms, reverting
commenting out line Lines { lines: 1172..=1172 } in "./tmp/47/betree/PivotBranchRefinement_v.rs"
verus failed with time: 37128ms, reverting
commenting out line Lines { lines: 1748..=1748 } in "./tmp/39/betree/LinkedBranch_v/Refinement_v.rs"
verus succeeded with time: 39779ms, keeping it commented out
commenting out line Lines { lines: 1166..=1175 } in "./tmp/47/betree/PivotBranchRefinement_v.rs"
verus failed with time: 37850ms, reverting
commenting out line Lines { lines: 1745..=1754 } in "./tmp/39/betree/LinkedBranch_v/Refinement_v.rs"
verus failed with time: 36723ms, reverting
commenting out line Lines { lines: 1184..=1184 } in "./tmp/47/betree/PivotBranchRefinement_v.rs"
verus failed with time: 36656ms, reverting
commenting out line Lines { lines: 1768..=1768 } in "./tmp/39/betree/LinkedBranch_v/Refinement_v.rs"
verus succeeded with time: 39688ms, keeping it commented out
commenting out line Lines { lines: 1182..=1187 } in "./tmp/47/betree/PivotBranchRefinement_v.rs"
verus failed with time: 37704ms, reverting
commenting out line Lines { lines: 1770..=1770 } in "./tmp/39/betree/LinkedBranch_v/Refinement_v.rs"
verus failed with time: 36704ms, reverting
commenting out line Lines { lines: 1177..=1190 } in "./tmp/47/betree/PivotBranchRefinement_v.rs"
verus failed with time: 37372ms, reverting
commenting out line Lines { lines: 1771..=1771 } in "./tmp/39/betree/LinkedBranch_v/Refinement_v.rs"
verus failed with time: 36817ms, reverting
commenting out line Lines { lines: 1276..=1276 } in "./tmp/47/betree/PivotBranchRefinement_v.rs"
verus failed with time: 38050ms, reverting
commenting out line Lines { lines: 1766..=1776 } in "./tmp/39/betree/LinkedBranch_v/Refinement_v.rs"
verus failed with time: 36757ms, reverting
commenting out line Lines { lines: 1291..=1291 } in "./tmp/47/betree/PivotBranchRefinement_v.rs"
verus failed with time: 38239ms, reverting
commenting out line Lines { lines: 1781..=1781 } in "./tmp/39/betree/LinkedBranch_v/Refinement_v.rs"
verus failed with time: 37098ms, reverting
commenting out line Lines { lines: 1290..=1292 } in "./tmp/47/betree/PivotBranchRefinement_v.rs"
verus failed with time: 37823ms, reverting
commenting out line Lines { lines: 1782..=1782 } in "./tmp/39/betree/LinkedBranch_v/Refinement_v.rs"
verus failed with time: 36921ms, reverting
commenting out line Lines { lines: 1295..=1295 } in "./tmp/47/betree/PivotBranchRefinement_v.rs"
verus failed with time: 38611ms, reverting
commenting out line Lines { lines: 1778..=1787 } in "./tmp/39/betree/LinkedBranch_v/Refinement_v.rs"
verus failed with time: 37355ms, reverting
commenting out line Lines { lines: 1294..=1296 } in "./tmp/47/betree/PivotBranchRefinement_v.rs"
verus failed with time: 38588ms, reverting
commenting out line Lines { lines: 1807..=1807 } in "./tmp/39/betree/LinkedBranch_v/Refinement_v.rs"
verus failed with time: 37476ms, reverting
commenting out line Lines { lines: 1256..=1299 } in "./tmp/47/betree/PivotBranchRefinement_v.rs"
verus failed with time: 38617ms, reverting
commenting out line Lines { lines: 1805..=1809 } in "./tmp/39/betree/LinkedBranch_v/Refinement_v.rs"
verus failed with time: 37678ms, reverting
commenting out line Lines { lines: 1810..=1810 } in "./tmp/39/betree/LinkedBranch_v/Refinement_v.rs"
verus failed with time: 37438ms, reverting
commenting out line Lines { lines: 1364..=1364 } in "./tmp/47/betree/PivotBranchRefinement_v.rs"
verus failed with time: 38567ms, reverting
commenting out line Lines { lines: 1828..=1828 } in "./tmp/39/betree/LinkedBranch_v/Refinement_v.rs"
verus failed with time: 37013ms, reverting
commenting out line Lines { lines: 1363..=1365 } in "./tmp/47/betree/PivotBranchRefinement_v.rs"
verus failed with time: 39259ms, reverting
commenting out line Lines { lines: 1851..=1851 } in "./tmp/39/betree/LinkedBranch_v/Refinement_v.rs"
verus failed with time: 36939ms, reverting
commenting out line Lines { lines: 1367..=1367 } in "./tmp/47/betree/PivotBranchRefinement_v.rs"
verus failed with time: 38912ms, reverting
commenting out line Lines { lines: 1859..=1859 } in "./tmp/39/betree/LinkedBranch_v/Refinement_v.rs"
verus failed with time: 36652ms, reverting
commenting out line Lines { lines: 1366..=1368 } in "./tmp/47/betree/PivotBranchRefinement_v.rs"
verus failed with time: 38268ms, reverting
commenting out line Lines { lines: 1850..=1861 } in "./tmp/39/betree/LinkedBranch_v/Refinement_v.rs"
verus failed with time: 36479ms, reverting
minimization of ./tmp/39/betree/LinkedBranch_v/Refinement_v.rs is completed
commenting out line Lines { lines: 1374..=1374 } in "./tmp/47/betree/PivotBranchRefinement_v.rs"
verus failed with time: 38031ms, reverting
commenting out line Lines { lines: 1372..=1375 } in "./tmp/47/betree/PivotBranchRefinement_v.rs"
verus failed with time: 36082ms, reverting
commenting out line Lines { lines: 1378..=1378 } in "./tmp/47/betree/PivotBranchRefinement_v.rs"
verus failed with time: 36576ms, reverting
commenting out line Lines { lines: 1379..=1379 } in "./tmp/47/betree/PivotBranchRefinement_v.rs"
verus failed with time: 36558ms, reverting
commenting out line Lines { lines: 1376..=1380 } in "./tmp/47/betree/PivotBranchRefinement_v.rs"
verus failed with time: 36125ms, reverting
commenting out line Lines { lines: 1394..=1394 } in "./tmp/47/betree/PivotBranchRefinement_v.rs"
verus failed with time: 36371ms, reverting
commenting out line Lines { lines: 1391..=1396 } in "./tmp/47/betree/PivotBranchRefinement_v.rs"
verus failed with time: 36091ms, reverting
commenting out line Lines { lines: 1404..=1404 } in "./tmp/47/betree/PivotBranchRefinement_v.rs"
verus failed with time: 35768ms, reverting
commenting out line Lines { lines: 1401..=1406 } in "./tmp/47/betree/PivotBranchRefinement_v.rs"
verus failed with time: 36331ms, reverting
commenting out line Lines { lines: 1441..=1441 } in "./tmp/47/betree/PivotBranchRefinement_v.rs"
verus failed with time: 35969ms, reverting
commenting out line Lines { lines: 1455..=1455 } in "./tmp/47/betree/PivotBranchRefinement_v.rs"
verus failed with time: 35483ms, reverting
commenting out line Lines { lines: 1457..=1457 } in "./tmp/47/betree/PivotBranchRefinement_v.rs"
verus failed with time: 35987ms, reverting
commenting out line Lines { lines: 1467..=1467 } in "./tmp/47/betree/PivotBranchRefinement_v.rs"
verus failed with time: 36007ms, reverting
commenting out line Lines { lines: 1475..=1475 } in "./tmp/47/betree/PivotBranchRefinement_v.rs"
verus failed with time: 35916ms, reverting
commenting out line Lines { lines: 1451..=1479 } in "./tmp/47/betree/PivotBranchRefinement_v.rs"
verus failed with time: 35868ms, reverting
commenting out line Lines { lines: 1541..=1541 } in "./tmp/47/betree/PivotBranchRefinement_v.rs"
verus failed with time: 35640ms, reverting
commenting out line Lines { lines: 1542..=1542 } in "./tmp/47/betree/PivotBranchRefinement_v.rs"
verus failed with time: 35563ms, reverting
commenting out line Lines { lines: 1545..=1545 } in "./tmp/47/betree/PivotBranchRefinement_v.rs"
verus failed with time: 36257ms, reverting
commenting out line Lines { lines: 1601..=1601 } in "./tmp/47/betree/PivotBranchRefinement_v.rs"
verus succeeded with time: 37854ms, keeping it commented out
commenting out line Lines { lines: 1621..=1621 } in "./tmp/47/betree/PivotBranchRefinement_v.rs"
verus failed with time: 36303ms, reverting
commenting out line Lines { lines: 1629..=1629 } in "./tmp/47/betree/PivotBranchRefinement_v.rs"
verus failed with time: 36254ms, reverting
commenting out line Lines { lines: 1639..=1639 } in "./tmp/47/betree/PivotBranchRefinement_v.rs"
verus succeeded with time: 37933ms, keeping it commented out
commenting out line Lines { lines: 1628..=1647 } in "./tmp/47/betree/PivotBranchRefinement_v.rs"
verus failed with time: 35897ms, reverting
commenting out line Lines { lines: 1660..=1660 } in "./tmp/47/betree/PivotBranchRefinement_v.rs"
verus failed with time: 35999ms, reverting
commenting out line Lines { lines: 1665..=1665 } in "./tmp/47/betree/PivotBranchRefinement_v.rs"
verus failed with time: 36140ms, reverting
commenting out line Lines { lines: 1664..=1666 } in "./tmp/47/betree/PivotBranchRefinement_v.rs"
verus failed with time: 34993ms, reverting
commenting out line Lines { lines: 1672..=1672 } in "./tmp/47/betree/PivotBranchRefinement_v.rs"
verus failed with time: 36021ms, reverting
commenting out line Lines { lines: 1671..=1673 } in "./tmp/47/betree/PivotBranchRefinement_v.rs"
verus failed with time: 36109ms, reverting
commenting out line Lines { lines: 1679..=1679 } in "./tmp/47/betree/PivotBranchRefinement_v.rs"
verus failed with time: 35987ms, reverting
commenting out line Lines { lines: 1677..=1680 } in "./tmp/47/betree/PivotBranchRefinement_v.rs"
verus failed with time: 36168ms, reverting
commenting out line Lines { lines: 1684..=1684 } in "./tmp/47/betree/PivotBranchRefinement_v.rs"
verus failed with time: 35895ms, reverting
commenting out line Lines { lines: 1682..=1685 } in "./tmp/47/betree/PivotBranchRefinement_v.rs"
verus failed with time: 36514ms, reverting
commenting out line Lines { lines: 1714..=1714 } in "./tmp/47/betree/PivotBranchRefinement_v.rs"
verus failed with time: 35170ms, reverting
commenting out line Lines { lines: 1733..=1747 } in "./tmp/47/betree/PivotBranchRefinement_v.rs"
verus failed with time: 34785ms, reverting
commenting out line Lines { lines: 1749..=1763 } in "./tmp/47/betree/PivotBranchRefinement_v.rs"
verus failed with time: 34913ms, reverting
commenting out line Lines { lines: 1719..=1783 } in "./tmp/47/betree/PivotBranchRefinement_v.rs"
verus failed with time: 34912ms, reverting
commenting out line Lines { lines: 1801..=1801 } in "./tmp/47/betree/PivotBranchRefinement_v.rs"
verus failed with time: 34916ms, reverting
commenting out line Lines { lines: 1805..=1812 } in "./tmp/47/betree/PivotBranchRefinement_v.rs"
verus failed with time: 35040ms, reverting
commenting out line Lines { lines: 1798..=1815 } in "./tmp/47/betree/PivotBranchRefinement_v.rs"
verus failed with time: 34699ms, reverting
commenting out line Lines { lines: 1822..=1822 } in "./tmp/47/betree/PivotBranchRefinement_v.rs"
verus failed with time: 34695ms, reverting
commenting out line Lines { lines: 1825..=1825 } in "./tmp/47/betree/PivotBranchRefinement_v.rs"
verus failed with time: 35444ms, reverting
commenting out line Lines { lines: 1819..=1827 } in "./tmp/47/betree/PivotBranchRefinement_v.rs"
verus failed with time: 34966ms, reverting
commenting out line Lines { lines: 1817..=1834 } in "./tmp/47/betree/PivotBranchRefinement_v.rs"
verus failed with time: 34927ms, reverting
commenting out line Lines { lines: 1838..=1841 } in "./tmp/47/betree/PivotBranchRefinement_v.rs"
verus failed with time: 34354ms, reverting
commenting out line Lines { lines: 1842..=1842 } in "./tmp/47/betree/PivotBranchRefinement_v.rs"
verus failed with time: 34885ms, reverting
commenting out line Lines { lines: 1843..=1843 } in "./tmp/47/betree/PivotBranchRefinement_v.rs"
verus failed with time: 34906ms, reverting
commenting out line Lines { lines: 1846..=1846 } in "./tmp/47/betree/PivotBranchRefinement_v.rs"
verus failed with time: 35763ms, reverting
commenting out line Lines { lines: 1847..=1847 } in "./tmp/47/betree/PivotBranchRefinement_v.rs"
verus failed with time: 34490ms, reverting
commenting out line Lines { lines: 1845..=1848 } in "./tmp/47/betree/PivotBranchRefinement_v.rs"
verus failed with time: 35101ms, reverting
commenting out line Lines { lines: 1849..=1849 } in "./tmp/47/betree/PivotBranchRefinement_v.rs"
verus failed with time: 34811ms, reverting
commenting out line Lines { lines: 1850..=1850 } in "./tmp/47/betree/PivotBranchRefinement_v.rs"
verus failed with time: 34550ms, reverting
commenting out line Lines { lines: 1852..=1852 } in "./tmp/47/betree/PivotBranchRefinement_v.rs"
verus failed with time: 35070ms, reverting
commenting out line Lines { lines: 1853..=1853 } in "./tmp/47/betree/PivotBranchRefinement_v.rs"
verus failed with time: 35542ms, reverting
commenting out line Lines { lines: 1854..=1854 } in "./tmp/47/betree/PivotBranchRefinement_v.rs"
verus failed with time: 35026ms, reverting
commenting out line Lines { lines: 1856..=1856 } in "./tmp/47/betree/PivotBranchRefinement_v.rs"
verus failed with time: 34619ms, reverting
commenting out line Lines { lines: 1857..=1857 } in "./tmp/47/betree/PivotBranchRefinement_v.rs"
verus failed with time: 35319ms, reverting
commenting out line Lines { lines: 1858..=1858 } in "./tmp/47/betree/PivotBranchRefinement_v.rs"
verus failed with time: 34916ms, reverting
commenting out line Lines { lines: 1860..=1860 } in "./tmp/47/betree/PivotBranchRefinement_v.rs"
verus failed with time: 34465ms, reverting
commenting out line Lines { lines: 1785..=1861 } in "./tmp/47/betree/PivotBranchRefinement_v.rs"
verus failed with time: 34480ms, reverting
commenting out line Lines { lines: 1864..=1864 } in "./tmp/47/betree/PivotBranchRefinement_v.rs"
verus failed with time: 34409ms, reverting
commenting out line Lines { lines: 1867..=1867 } in "./tmp/47/betree/PivotBranchRefinement_v.rs"
verus failed with time: 34551ms, reverting
commenting out line Lines { lines: 1900..=1900 } in "./tmp/47/betree/PivotBranchRefinement_v.rs"
verus failed with time: 35007ms, reverting
minimization of ./tmp/47/betree/PivotBranchRefinement_v.rs is completed
